perfil;documento;cnpj_basico;uf;municipio_ibge;cultura_referencia;divida_ativa_total;divida_ativa_ajuizada;n_inscricoes;divida_ativa_corresponsavel;delta_divida_2_trimestres;flag_divida_previdenciaria;flag_divida_fgts;idade_empresa_meses;capital_social;porte;natureza_juridica;situacao_cadastral;flag_situacao_irregular;cnae_principal;flag_cnae_agro;n_filiais;n_socios;n_empresas_do_socio;n_empresas_do_socio_com_divida_ativa;n_empresas_do_socio_inaptas;n_autos_infracao;valor_multas_ambientais;flag_embargo_ativo;area_embargada_ha;volume_credito_rural_municipio;n_contratos_municipio;ticket_medio_municipio;credito_por_hectare_municipio;acionamentos_proagro_municipio;produtividade_municipal_cultura;desvio_produtividade_vs_media_5a;area_plantada_municipio_cultura;precipitacao_acumulada_ciclo;precipitacao_vs_normal_climatologica;dias_secos_consecutivos_max;anomalia_na_fase_critica;n_protestos_ativos;valor_total_protestado;dias_desde_protesto_mais_recente;n_cartorios_distintos;alvo_sintetico
limpo;98986321000101;98986321;PI;4630374;soja;33589.95;6104.27;5;0.0;-4389.26;True;False;394;0.0;03;2240;02;False;0111301;True;0;1;0;0;0;0;0.0;False;0.0;13048266.74;1086;12014.98;3730.29;;4454.7;0.2245;24466.93;1518.2;0.2463;22;-0.0198;;;;;0
limpo;19209801000190;19209801;MT;5020745;soja;0.0;0.0;0;1737546.26;0.0;False;False;123;0.0;01;2054;02;False;0151201;True;1;3;0;0;0;0;0.0;False;0.0;16832610.2;2938;5729.28;2659.43;;2865.5;-0.0685;23248.53;1087.1;-0.1985;10;0.5319;;;;;0
divida_ativa;31980274000118;31980274;PR;4374686;soja;96667.92;89793.59;7;0.0;26294.81;True;False;254;0.0;03;4014;02;False;0111301;True;1;1;0;0;0;0;0.0;False;0.0;;;;;;;;;;;;;;;;;0
limpo;19255216000126;19255216;MT;3486350;soja;0.0;0.0;0;0.0;0.0;False;False;476;0.0;03;2135;02;False;0220901;True;2;5;1;1;0;0;0.0;False;0.0;65163087.4;3987;16343.89;5719.93;;2279.5;0.0795;14132.81;;;;;;;;;0
limpo;42949803000137;42949803;MT;1342092;soja;0.0;0.0;0;0.0;0.0;False;False;394;0.0;03;2240;02;False;0113000;True;0;6;1;1;0;0;0.0;False;0.0;722846.84;2362;306.03;1988.84;;3594.8;0.0837;14558.01;663.4;-0.0379;31;0.4066;;;;;0
divida_ativa;47080140000180;47080140;GO;3838683;soja;92575.79;45230.48;4;0.0;20063.24;False;False;101;0.0;03;2135;02;False;0151201;True;0;6;2;1;1;0;0.0;False;0.0;8577457.59;2126;4034.55;3501.48;;;;;;;;;;;;;0
limpo;70900658000135;70900658;MT;3047606;soja;0.0;0.0;0;0.0;0.0;False;False;195;0.0;05;2054;02;False;0151201;True;0;5;0;0;0;0;0.0;False;0.0;3490150.22;1814;1924.01;3376.09;;;;;;;;;;;;;0
limpo;58436637000105;58436637;TO;1926828;soja;0.0;0.0;0;0.0;0.0;False;False;135;0.0;03;2062;02;False;0115600;True;0;8;2;1;1;3;68617.71;False;0.0;1592038.63;3955;402.54;2086.07;;2103.1;-0.0625;2779.51;847.2;0.0075;25;0.3455;;;;;0
limpo;74119726000184;74119726;MA;2547930;soja;0.0;0.0;0;0.0;0.0;False;False;158;1.0;03;2062;02;False;0116401;True;0;7;1;0;0;0;0.0;False;0.0;3056399.2;3421;893.42;2943.06;;3413.0;0.1153;12947.73;1079.8;-0.105;39;-0.2894;3;86384.68;605;2;0
limpo;23318904000165;23318904;TO;2625906;soja;0.0;0.0;0;0.0;0.0;False;False;82;0.0;03;2054;02;False;0311601;True;0;1;0;0;0;0;0.0;False;0.0;7076252.67;3896;1816.29;5129.4;;4004.9;-0.3294;61983.79;1163.5;-0.1957;26;-0.2281;;;;;0
divida_ativa;70939053000158;70939053;GO;2631798;soja;19774.91;15579.23;4;0.0;2682.46;False;False;151;0.0;01;2240;02;False;0311601;True;0;5;0;0;0;0;0.0;False;0.0;14413700.4;13;1108746.18;6417.73;;3194.9;-0.0821;19788.09;1403.2;-0.2716;20;0.8262;;;;;0
divida_ativa;64023778000107;64023778;BA;3797806;soja;6928.38;6162.26;6;0.0;-1935.15;True;False;27;26103.31;05;2240;02;False;0311601;True;0;3;2;1;1;0;0.0;False;0.0;4577751.8;3577;1279.77;1116.86;;3266.8;-0.1381;29664.1;1160.2;-0.1501;25;-0.5722;;;;;0
passivo_ambiental_embargo;68503492000171;68503492;MT;4952487;soja;0.0;0.0;0;0.0;0.0;False;False;113;1.0;03;2054;02;False;0133403;True;0;7;1;0;0;2;329535.0;True;352.19;;;;;;4283.3;-0.0501;26781.4;1142.6;-0.1312;16;-0.1184;;;;;0
passivo_ambiental_auto;10154493000178;10154493;BA;3889457;soja;0.0;0.0;0;0.0;0.0;False;False;516;0.0;01;2135;02;False;0151201;True;0;5;2;1;1;8;200625.51;False;0.0;;;;;;3266.5;0.0304;5248.27;1073.2;0.0666;5;0.3658;;;;;0
limpo;42117961000120;42117961;PR;4168991;soja;0.0;0.0;0;0.0;0.0;False;False;122;0.0;01;2135;02;False;0133403;True;1;5;0;0;0;0;0.0;False;0.0;;;;;;3272.2;-0.2374;11409.04;801.1;0.1095;21;-0.0934;;;;;0
limpo;74759996000150;74759996;MG;2246509;soja;0.0;0.0;0;0.0;0.0;False;False;145;1.0;03;2054;02;False;0210101;True;1;5;2;0;1;0;0.0;False;0.0;18573077.57;406;45746.5;1183.29;;3809.0;-0.3511;358203.19;;;;;;;;;0
limpo;98575748000117;98575748;MT;1342092;soja;0.0;0.0;0;0.0;0.0;False;False;392;0.0;03;2135;02;False;0116401;True;0;4;2;1;0;0;0.0;False;0.0;722846.84;2362;306.03;1988.84;;3594.8;0.0837;14558.01;663.4;-0.0379;31;0.4066;;;;;0
divida_ativa;61167978000137;61167978;RS;1296511;soja;89578.14;86427.18;3;0.0;15420.37;False;False;456;0.0;03;2062;02;False;0113000;True;0;3;2;0;1;0;0.0;False;0.0;;;;;;;;;;;;;;;;;0
limpo;63349308000167;63349308;PI;1498259;soja;0.0;0.0;0;0.0;0.0;False;False;505;1.0;01;4014;02;False;0111301;True;0;5;2;0;0;0;0.0;False;0.0;5961831.05;452;13189.89;2292.48;;3510.9;-0.3402;43788.4;;;;;;;;;0
divida_ativa;23489853000134;23489853;PI;3137869;soja;3609.23;104.48;6;0.0;-235.7;True;True;549;0.0;05;2135;02;False;0113000;True;0;7;2;2;0;0;0.0;False;0.0;10177003.44;1015;10026.6;5071.94;;2744.9;-0.3095;14240.48;640.1;0.0766;0;0.6749;;;;;0
limpo;71894493000107;71894493;MT;1342092;soja;0.0;0.0;0;0.0;0.0;False;False;167;0.0;03;4014;02;False;0151201;True;0;7;2;2;1;0;0.0;False;0.0;722846.84;2362;306.03;1988.84;;3594.8;0.0837;14558.01;663.4;-0.0379;31;0.4066;3;52709.04;396;2;0
limpo;87149951000105;87149951;MS;2167433;soja;0.0;0.0;0;0.0;0.0;False;False;56;1.0;05;2054;02;False;0151201;True;1;4;0;0;0;0;0.0;False;0.0;45698908.98;37;1235105.65;4640.03;;3388.1;-0.041;1178.06;747.3;0.3091;29;-0.1134;;;;;0
limpo;35519083000104;35519083;MT;5020745;soja;0.0;0.0;0;0.0;0.0;False;False;105;1.0;05;2062;02;False;0151201;True;1;1;2;2;1;0;0.0;False;0.0;16832610.2;2938;5729.28;2659.43;;2865.5;-0.0685;23248.53;1087.1;-0.1985;10;0.5319;;;;;0
situacao_irregular;53851498000162;53851498;TO;2599733;soja;0.0;0.0;0;0.0;0.0;False;False;285;1.0;03;2054;08;True;0151201;True;0;6;2;0;1;0;0.0;False;0.0;1134944.18;1648;688.68;2399.35;;3673.1;0.0845;644740.4;;;;;;;;;0
divida_ativa;40281491000100;40281491;TO;2782512;soja;16702.9;6637.92;9;0.0;5554.48;True;False;471;0.0;05;2240;02;False;0311601;True;0;6;2;0;0;0;0.0;False;0.0;;;;;;2863.3;-0.1129;5150.27;910.7;0.2631;25;0.1329;;;;;0
situacao_irregular;85350823000108;85350823;TO;2625906;soja;0.0;0.0;0;0.0;0.0;False;False;424;0.0;01;2062;04;True;0151201;True;3;2;0;0;0;0;0.0;False;0.0;7076252.67;3896;1816.29;5129.4;;4004.9;-0.3294;61983.79;1163.5;-0.1957;26;-0.2281;;;;;0
limpo;70887034000125;70887034;MA;1849363;soja;0.0;0.0;0;0.0;0.0;False;False;164;1.0;05;2062;02;False;0133403;True;0;5;2;0;1;0;0.0;False;0.0;1890436.06;790;2392.96;3254.5;;2951.6;0.2319;11567.52;1244.5;-0.2244;14;0.2749;;;;;0
grupo_societario;58678896000142;58678896;RS;5323473;soja;0.0;0.0;0;0.0;0.0;False;False;288;0.0;01;2054;02;False;0111301;True;0;1;20;1;5;0;0.0;False;0.0;5770153.78;3796;1520.06;6107.33;;4184.9;0.3046;1406.53;1150.1;-0.4716;32;0.0109;;;;;0
divida_ativa;37542226000124;37542226;GO;2092240;soja;62839.43;20646.5;3;0.0;11109.09;True;False;139;0.0;01;2062;02;False;0115600;True;0;6;2;0;1;0;0.0;False;0.0;3025600.14;2445;1237.46;6478.28;;;;;;;;;;;;;1
limpo;66500369000171;66500369;PI;1498259;soja;0.0;0.0;0;0.0;0.0;False;False;468;0.0;05;2062;02;False;0220901;True;0;1;1;0;0;0;0.0;False;0.0;5961831.05;452;13189.89;2292.48;;3510.9;-0.3402;43788.4;;;;;;;;;0
divida_ativa;75802771000100;75802771;MT;3486350;soja;150961.62;12196.26;3;0.0;-12075.0;False;False;338;0.0;05;4014;02;False;0151201;True;0;7;1;0;0;0;0.0;False;0.0;65163087.4;3987;16343.89;5719.93;;2279.5;0.0795;14132.81;;;;;6;5302.48;567;3;0
limpo;40667888000135;40667888;MT;3486350;soja;0.0;0.0;0;0.0;0.0;False;False;267;0.0;01;2054;02;False;0111301;True;0;2;1;0;0;0;0.0;False;0.0;65163087.4;3987;16343.89;5719.93;;2279.5;0.0795;14132.81;;;;;;;;;0
passivo_ambiental_auto;84674816000190;84674816;MT;4091416;soja;2134.91;260.95;6;0.0;966.91;False;False;58;12014.49;05;4014;02;False;0116401;True;0;8;2;0;0;9;30010.7;False;0.0;9930345.71;3827;2594.81;2854.45;;2593.6;0.1175;64737.72;;;;;;;;;0
limpo;47388792000187;47388792;MT;3047606;soja;0.0;0.0;0;0.0;0.0;False;False;32;0.0;05;2240;02;False;0115600;True;0;5;2;1;1;0;0.0;False;0.0;3490150.22;1814;1924.01;3376.09;;;;;;;;;;;;;1
limpo;63792364000171;63792364;TO;2782512;soja;0.0;0.0;0;0.0;0.0;False;False;470;0.0;03;2240;02;False;0210101;True;1;2;0;0;0;0;0.0;False;0.0;;;;;;2863.3;-0.1129;5150.27;910.7;0.2631;25;0.1329;0;0.0;;0;0
limpo;20949687000113;20949687;TO;2625906;soja;0.0;0.0;0;0.0;0.0;False;False;530;0.0;03;2062;02;False;0151201;True;0;8;1;1;0;0;0.0;False;0.0;7076252.67;3896;1816.29;5129.4;;4004.9;-0.3294;61983.79;1163.5;-0.1957;26;-0.2281;;;;;0
limpo;37437207000138;37437207;GO;3838683;soja;0.0;0.0;0;0.0;0.0;False;False;515;1.0;01;2135;02;False;0121101;True;0;4;0;0;0;0;0.0;False;0.0;8577457.59;2126;4034.55;3501.48;;;;;;;;;;;;;0
passivo_ambiental_auto;19673809000102;19673809;GO;3763424;soja;0.0;0.0;0;0.0;0.0;False;False;326;0.0;05;2054;02;False;0121101;True;0;7;2;0;1;1;888518.21;False;0.0;2844536.11;3158;900.74;4170.84;;3496.6;-0.1391;1857.33;;;;;;;;;0
situacao_irregular;21828592000104;21828592;TO;4589069;soja;0.0;0.0;0;0.0;0.0;False;False;353;0.0;01;2062;04;True;0220901;True;0;4;2;1;1;0;0.0;False;0.0;2443446.14;2744;890.47;4703.19;;2024.4;-0.0039;12496.35;1038.3;-0.1626;18;-0.1071;;;;;0
passivo_ambiental_auto;41711468000171;41711468;TO;1628136;soja;0.0;0.0;0;0.0;0.0;False;False;83;0.0;05;2054;02;False;0133403;True;0;8;1;1;0;4;6525705.51;False;0.0;22713744.04;630;36053.56;4855.95;;;;;;;;;;;;;0
limpo;94743076000150;94743076;PR;4542087;soja;0.0;0.0;0;0.0;0.0;False;False;44;0.0;03;2062;02;False;0111301;True;0;7;0;0;0;0;0.0;False;0.0;2139970.45;3795;563.89;4484.0;;;;;;;;;;;;;0
grupo_societario;15505975000149;15505975;MT;3047606;soja;0.0;0.0;0;0.0;0.0;False;False;69;0.0;03;2062;02;False;0220901;True;0;1;23;7;11;0;0.0;False;0.0;3490150.22;1814;1924.01;3376.09;;;;;;;;;;;;;1
limpo;91846696000127;91846696;RS;5323473;soja;0.0;0.0;0;0.0;0.0;False;False;59;1.0;05;2240;02;False;0111301;True;0;7;1;1;0;0;0.0;False;0.0;5770153.78;3796;1520.06;6107.33;;4184.9;0.3046;1406.53;1150.1;-0.4716;32;0.0109;;;;;0
grupo_societario;90893133000127;90893133;GO;3763424;soja;0.0;0.0;0;0.0;0.0;False;False;407;0.0;05;2062;02;False;0151201;True;0;6;21;4;10;0;0.0;False;0.0;2844536.11;3158;900.74;4170.84;;3496.6;-0.1391;1857.33;;;;;;;;;0
situacao_irregular;22543044000109;22543044;PA;3572518;soja;0.0;0.0;0;0.0;0.0;False;False;503;0.0;01;2135;08;True;0111301;True;0;2;0;0;0;0;0.0;False;0.0;8421494.89;3910;2153.84;5580.08;;;;;;;;;;;;;0
passivo_ambiental_auto;80669879000106;80669879;MA;1849363;soja;267173.74;43348.19;3;0.0;-70813.35;True;False;460;0.0;05;2054;02;False;0116401;True;0;5;1;1;0;10;12871.27;False;0.0;1890436.06;790;2392.96;3254.5;;2951.6;0.2319;11567.52;1244.5;-0.2244;14;0.2749;;;;;0
passivo_ambiental_embargo;71965637000160;71965637;RS;4372021;soja;0.0;0.0;0;0.0;0.0;False;False;147;1.0;01;2054;02;False;0210101;True;0;2;1;0;0;9;250055.24;True;1350.71;4702656.59;2724;1726.38;4444.47;;2871.3;-0.1436;6684.69;1363.1;-0.0476;4;-0.0304;;;;;0
limpo;39801436000115;39801436;MT;3486350;soja;0.0;0.0;0;0.0;0.0;False;False;401;64365.63;03;2135;02;False;0115600;True;0;2;0;0;0;0;0.0;False;0.0;65163087.4;3987;16343.89;5719.93;;2279.5;0.0795;14132.81;;;;;;;;;0
limpo;29602406000126;29602406;TO;1628136;soja;0.0;0.0;0;0.0;0.0;False;False;465;0.0;01;2062;02;False;0151201;True;0;3;1;1;0;0;0.0;False;0.0;22713744.04;630;36053.56;4855.95;;;;;;;;;;;;;0
limpo;16408822000146;16408822;RS;2897684;soja;0.0;0.0;0;0.0;0.0;False;False;554;0.0;05;4014;02;False;0116401;True;0;5;2;1;0;0;0.0;False;0.0;25576731.08;1000;25576.73;5293.87;;3022.4;-0.1789;34484.31;791.9;0.1416;23;-0.3386;;;;;0
limpo;35140847000156;35140847;RS;2897684;soja;0.0;0.0;0;0.0;0.0;False;False;525;0.0;03;2054;02;False;0115600;True;0;6;1;1;0;0;0.0;False;0.0;25576731.08;1000;25576.73;5293.87;;3022.4;-0.1789;34484.31;791.9;0.1416;23;-0.3386;2;41754.04;753;1;0
limpo;57284777000142;57284777;MT;4872493;soja;0.0;0.0;0;0.0;0.0;False;False;496;0.0;01;2062;02;False;0133403;True;0;4;0;0;0;0;0.0;False;0.0;12871579.85;766;16803.63;1283.72;;2678.2;-0.0379;315502.18;1164.2;-0.4814;30;-0.3935;;;;;0
situacao_irregular;52358553000114;52358553;TO;1926828;soja;0.0;0.0;0;0.0;0.0;False;False;298;0.0;01;2240;04;True;0151201;True;0;6;2;1;1;0;0.0;False;0.0;1592038.63;3955;402.54;2086.07;;2103.1;-0.0625;2779.51;847.2;0.0075;25;0.3455;;;;;0
limpo;35074182000120;35074182;MS;2167433;soja;0.0;0.0;0;0.0;0.0;False;False;446;0.0;01;4014;02;False;0151201;True;0;2;2;1;1;0;0.0;False;0.0;45698908.98;37;1235105.65;4640.03;;3388.1;-0.041;1178.06;747.3;0.3091;29;-0.1134;;;;;0
divida_ativa;32366682000147;32366682;GO;3838683;soja;9021.88;6557.23;6;0.0;432.62;False;False;64;0.0;05;2054;02;False;0210101;True;0;3;1;0;0;0;0.0;False;0.0;8577457.59;2126;4034.55;3501.48;;;;;;;;;;;;;0
divida_ativa;14670638000144;14670638;PA;3572518;soja;61134.56;34678.25;3;0.0;28064.36;True;False;146;0.0;03;2240;02;False;0151201;True;0;2;0;0;0;0;0.0;False;0.0;8421494.89;3910;2153.84;5580.08;;;;;;;;;;;;;1
limpo;61940566000198;61940566;MT;4952487;soja;0.0;0.0;0;0.0;0.0;False;False;508;0.0;01;2062;02;False;0133403;True;0;8;1;0;0;0;0.0;False;0.0;;;;;;4283.3;-0.0501;26781.4;1142.6;-0.1312;16;-0.1184;;;;;0
limpo;48971765000103;48971765;PR;4542087;soja;0.0;0.0;0;0.0;0.0;False;False;376;0.0;01;2135;02;False;0113000;True;0;8;2;0;1;0;0.0;False;0.0;2139970.45;3795;563.89;4484.0;;;;;;;;;;;;;0
limpo;84040798000195;84040798;MT;4091416;soja;0.0;0.0;0;0.0;0.0;False;False;544;0.0;03;4014;02;False;0111301;True;0;6;0;0;0;0;0.0;False;0.0;9930345.71;3827;2594.81;2854.45;;2593.6;0.1175;64737.72;;;;;;;;;0
limpo;79438885000165;79438885;RS;5323473;soja;0.0;0.0;0;0.0;0.0;False;False;449;0.0;01;2062;02;False;0220901;True;0;3;2;0;1;0;0.0;False;0.0;5770153.78;3796;1520.06;6107.33;;4184.9;0.3046;1406.53;1150.1;-0.4716;32;0.0109;;;;;0
limpo;79645282000134;79645282;BA;1287110;soja;0.0;0.0;0;0.0;0.0;False;False;316;0.0;01;4014;02;False;0113000;True;0;3;1;0;0;0;0.0;False;0.0;7170659.32;281;25518.36;5970.35;;3173.5;-0.0805;35165.31;;;;;;;;;0
limpo;13808225000110;13808225;RS;4372021;soja;0.0;0.0;0;0.0;0.0;False;False;37;0.0;05;4014;02;False;0151201;True;0;5;2;1;0;0;0.0;False;0.0;4702656.59;2724;1726.38;4444.47;;2871.3;-0.1436;6684.69;1363.1;-0.0476;4;-0.0304;;;;;0
limpo;70873663000104;70873663;PA;3572518;soja;0.0;0.0;0;0.0;0.0;False;False;153;0.0;05;2240;02;False;0210101;True;2;3;1;1;0;0;0.0;False;0.0;8421494.89;3910;2153.84;5580.08;;;;;;;;;;;;;0
limpo;70343755000174;70343755;BA;3797806;soja;0.0;0.0;0;0.0;0.0;False;False;169;1.0;05;2240;02;False;0116401;True;1;8;1;1;0;0;0.0;False;0.0;4577751.8;3577;1279.77;1116.86;;3266.8;-0.1381;29664.1;1160.2;-0.1501;25;-0.5722;;;;;0
limpo;62780072000156;62780072;GO;2856025;soja;0.0;0.0;0;0.0;0.0;False;False;487;0.0;01;2062;02;False;0121101;True;0;5;0;0;0;0;0.0;False;0.0;4215365.78;477;8837.24;5811.42;;1816.6;-0.0367;157568.54;1022.2;-0.0563;11;-0.2071;;;;;0
limpo;63765155000139;63765155;PI;4630374;soja;8287.81;609.42;9;0.0;1159.35;False;False;127;0.0;01;2054;02;False;0210101;True;1;6;1;1;0;0;0.0;False;0.0;13048266.74;1086;12014.98;3730.29;;4454.7;0.2245;24466.93;1518.2;0.2463;22;-0.0198;;;;;0
limpo;15402922000100;15402922;BA;3889457;soja;92885.26;82958.77;3;0.0;17690.42;True;False;312;0.0;05;4014;02;False;0220901;True;0;5;1;1;0;0;0.0;False;0.0;;;;;;3266.5;0.0304;5248.27;1073.2;0.0666;5;0.3658;;;;;0
limpo;65907088000175;65907088;PA;3572518;soja;0.0;0.0;0;0.0;0.0;False;False;277;6439.5;05;4014;02;False;0116401;True;0;8;2;0;1;0;0.0;False;0.0;8421494.89;3910;2153.84;5580.08;;;;;;;;;;;;;0
limpo;86849080000170;86849080;PA;3572518;soja;0.0;0.0;0;0.0;0.0;False;False;214;0.0;05;2054;02;False;0115600;True;0;4;0;0;0;0;0.0;False;0.0;8421494.89;3910;2153.84;5580.08;;;;;;;;;;;;;0
limpo;60576565000143;60576565;GO;3763424;soja;0.0;0.0;0;0.0;0.0;False;False;276;0.0;01;2135;02;False;0151201;True;0;4;2;1;1;0;0.0;False;0.0;2844536.11;3158;900.74;4170.84;;3496.6;-0.1391;1857.33;;;;;;;;;0
divida_ativa;52552488000163;52552488;TO;4589069;soja;844710.07;102948.28;9;0.0;408948.16;False;False;155;0.0;03;2062;02;False;0210101;True;1;5;2;2;1;0;0.0;False;0.0;2443446.14;2744;890.47;4703.19;;2024.4;-0.0039;12496.35;1038.3;-0.1626;18;-0.1071;;;;;1
limpo;85432781000146;85432781;MA;1849363;soja;0.0;0.0;0;0.0;0.0;False;False;549;0.0;01;2062;02;False;0111301;True;0;8;2;0;0;0;0.0;False;0.0;1890436.06;790;2392.96;3254.5;;2951.6;0.2319;11567.52;1244.5;-0.2244;14;0.2749;;;;;1
grupo_societario;31198492000103;31198492;MT;3047606;soja;0.0;0.0;0;0.0;0.0;False;False;334;0.0;01;2062;02;False;0311601;True;0;1;18;5;6;0;0.0;False;0.0;3490150.22;1814;1924.01;3376.09;;;;;;;;;;;;;0
situacao_irregular;14877451000116;14877451;MT;4952487;soja;0.0;0.0;0;0.0;0.0;False;False;15;0.0;05;2062;04;True;0210101;True;0;8;2;0;1;0;0.0;False;0.0;;;;;;4283.3;-0.0501;26781.4;1142.6;-0.1312;16;-0.1184;;;;;0
limpo;71594457000110;71594457;PR;4374686;soja;0.0;0.0;0;0.0;0.0;False;False;203;0.0;05;2054;02;False;0121101;True;0;2;0;0;0;0;0.0;False;0.0;;;;;;;;;;;;;;;;;0
limpo;28872606000136;28872606;PI;3137869;soja;0.0;0.0;0;0.0;0.0;False;False;343;0.0;05;4014;02;False;0115600;True;0;6;0;0;0;0;0.0;False;0.0;10177003.44;1015;10026.6;5071.94;;2744.9;-0.3095;14240.48;640.1;0.0766;0;0.6749;;;;;0
limpo;72464258000150;72464258;MA;2547930;soja;0.0;0.0;0;0.0;0.0;False;False;126;0.0;03;2240;02;False;0311601;True;0;3;2;1;0;0;0.0;False;0.0;3056399.2;3421;893.42;2943.06;;3413.0;0.1153;12947.73;1079.8;-0.105;39;-0.2894;;;;;0
limpo;83717007000156;83717007;GO;3838683;soja;0.0;0.0;0;0.0;0.0;False;False;89;0.0;05;2240;02;False;0111301;True;1;2;2;0;0;0;0.0;False;0.0;8577457.59;2126;4034.55;3501.48;;;;;;;;;;;;;0
limpo;79839059000128;79839059;TO;2782512;soja;0.0;0.0;0;0.0;0.0;False;False;62;0.0;05;2054;02;False;0133403;True;0;8;2;2;1;0;0.0;False;0.0;;;;;;2863.3;-0.1129;5150.27;910.7;0.2631;25;0.1329;;;;;0
limpo;10404729000187;10404729;PI;4630374;soja;0.0;0.0;0;0.0;0.0;False;False;67;12623.74;01;2054;02;False;0115600;True;0;3;0;0;0;0;0.0;False;0.0;13048266.74;1086;12014.98;3730.29;;4454.7;0.2245;24466.93;1518.2;0.2463;22;-0.0198;;;;;0
grupo_societario;96688655000173;96688655;TO;1628136;soja;0.0;0.0;0;0.0;0.0;False;False;88;0.0;05;4014;02;False;0113000;True;0;6;15;3;2;0;0.0;False;0.0;22713744.04;630;36053.56;4855.95;;;;;;;;;;;;;0
limpo;39888974000199;39888974;PI;4630374;soja;0.0;0.0;0;0.0;0.0;False;False;394;1.0;01;2054;02;False;0210101;True;0;4;1;0;0;0;0.0;False;0.0;13048266.74;1086;12014.98;3730.29;;4454.7;0.2245;24466.93;1518.2;0.2463;22;-0.0198;;;;;0
limpo;12099943000100;12099943;BA;1993507;soja;0.0;0.0;0;0.0;0.0;False;False;55;0.0;01;2054;02;False;0133403;True;0;4;2;0;0;0;0.0;False;0.0;;;;;;3041.8;-0.0835;4445.58;1427.8;0.2926;16;-0.2083;4;89654.66;752;3;0
divida_ativa;53038943000170;53038943;GO;3838683;soja;42642.12;22227.25;7;0.0;-10713.15;False;False;185;0.0;03;4014;02;False;0133403;True;0;6;0;0;0;0;0.0;False;0.0;8577457.59;2126;4034.55;3501.48;;;;;;;;;;;;;0
limpo;80392240000118;80392240;GO;3763424;soja;0.0;0.0;0;0.0;0.0;False;False;252;1.0;03;2135;02;False;0133403;True;1;7;0;0;0;0;0.0;False;0.0;2844536.11;3158;900.74;4170.84;;3496.6;-0.1391;1857.33;;;;;;;;;0
limpo;62132722000157;62132722;MT;3047606;soja;0.0;0.0;0;0.0;0.0;False;False;554;0.0;01;2062;02;False;0151201;True;0;1;2;0;0;0;0.0;False;0.0;3490150.22;1814;1924.01;3376.09;;;;;;;;;6;35801.79;575;1;0
limpo;12058055000131;12058055;MT;4872493;soja;0.0;0.0;0;0.0;0.0;False;False;254;0.0;05;2135;02;False;0121101;True;1;6;2;1;1;0;0.0;False;0.0;12871579.85;766;16803.63;1283.72;;2678.2;-0.0379;315502.18;1164.2;-0.4814;30;-0.3935;3;2717.68;549;3;0
limpo;76743428000196;76743428;PI;1498259;soja;0.0;0.0;0;0.0;0.0;False;False;385;0.0;01;4014;02;False;0116401;True;0;1;2;1;1;0;0.0;False;0.0;5961831.05;452;13189.89;2292.48;;3510.9;-0.3402;43788.4;;;;;;;;;0
limpo;60981231000155;60981231;TO;1926828;soja;0.0;0.0;0;0.0;0.0;False;False;506;12423.96;01;2240;02;False;0113000;True;0;8;2;0;0;0;0.0;False;0.0;1592038.63;3955;402.54;2086.07;;2103.1;-0.0625;2779.51;847.2;0.0075;25;0.3455;;;;;0
grupo_societario;99686372000180;99686372;PR;4542087;soja;8861.25;602.28;3;107481.63;1721.46;False;False;500;0.0;01;2062;02;False;0220901;True;0;1;7;0;2;14;83947.46;False;0.0;2139970.45;3795;563.89;4484.0;;;;;;;;;;;;;0
limpo;67790557000144;67790557;GO;2631798;soja;0.0;0.0;0;0.0;0.0;False;False;545;0.0;03;2240;02;False;0121101;True;0;7;0;0;0;0;0.0;False;0.0;14413700.4;13;1108746.18;6417.73;;3194.9;-0.0821;19788.09;1403.2;-0.2716;20;0.8262;;;;;0
passivo_ambiental_embargo;40314047000144;40314047;RS;2897684;soja;0.0;0.0;0;152875.95;0.0;False;False;493;0.0;01;2135;02;False;0111301;True;0;7;0;0;0;11;267987.97;True;1936.5;25576731.08;1000;25576.73;5293.87;;3022.4;-0.1789;34484.31;791.9;0.1416;23;-0.3386;;;;;0
situacao_irregular;15711200000120;15711200;PI;3137869;soja;0.0;0.0;0;0.0;0.0;False;False;293;1.0;05;2062;03;True;0113000;True;1;6;2;0;0;0;0.0;False;0.0;10177003.44;1015;10026.6;5071.94;;2744.9;-0.3095;14240.48;640.1;0.0766;0;0.6749;;;;;0
situacao_irregular;50168264000127;50168264;PI;4630374;soja;0.0;0.0;0;0.0;0.0;False;False;149;1.0;05;2062;03;True;0220901;True;0;6;1;0;0;0;0.0;False;0.0;13048266.74;1086;12014.98;3730.29;;4454.7;0.2245;24466.93;1518.2;0.2463;22;-0.0198;;;;;0
limpo;92391596000116;92391596;PR;4542087;soja;0.0;0.0;0;0.0;0.0;False;False;508;0.0;05;2054;02;False;0121101;True;0;7;1;0;0;0;0.0;False;0.0;2139970.45;3795;563.89;4484.0;;;;;;;;;6;30394.79;277;1;0
limpo;62294176000150;62294176;PR;4168991;soja;0.0;0.0;0;0.0;0.0;False;False;110;0.0;01;2054;02;False;0133403;True;0;7;0;0;0;0;0.0;False;0.0;;;;;;3272.2;-0.2374;11409.04;801.1;0.1095;21;-0.0934;;;;;0
limpo;22490873000162;22490873;TO;2599733;soja;0.0;0.0;0;0.0;0.0;False;False;254;0.0;01;2054;02;False;0113000;True;0;5;1;1;0;0;0.0;False;0.0;1134944.18;1648;688.68;2399.35;;3673.1;0.0845;644740.4;;;;;1;53903.66;67;1;0
limpo;20324210000142;20324210;BA;1993507;soja;0.0;0.0;0;0.0;0.0;False;False;115;0.0;01;2054;02;False;0210101;True;1;7;2;1;1;0;0.0;False;0.0;;;;;;3041.8;-0.0835;4445.58;1427.8;0.2926;16;-0.2083;;;;;0
grupo_societario;28270317000167;28270317;TO;1628136;soja;0.0;0.0;0;0.0;0.0;False;False;332;0.0;05;2054;02;False;0311601;True;1;6;25;12;4;0;0.0;False;0.0;22713744.04;630;36053.56;4855.95;;;;;;;;;;;;;0
limpo;85678734000187;85678734;PI;4630374;soja;0.0;0.0;0;0.0;0.0;False;False;478;81968.09;05;2062;02;False;0121101;True;0;3;0;0;0;0;0.0;False;0.0;13048266.74;1086;12014.98;3730.29;;4454.7;0.2245;24466.93;1518.2;0.2463;22;-0.0198;;;;;0
limpo;30688754000147;30688754;RS;2897684;soja;0.0;0.0;0;0.0;0.0;False;False;553;0.0;05;2054;02;False;0220901;True;0;6;0;0;0;0;0.0;False;0.0;25576731.08;1000;25576.73;5293.87;;3022.4;-0.1789;34484.31;791.9;0.1416;23;-0.3386;;;;;0
limpo;21406082000149;21406082;MA;1849363;soja;0.0;0.0;0;0.0;0.0;False;False;415;637628.5;03;2054;02;False;0111301;True;0;5;2;0;0;0;0.0;False;0.0;1890436.06;790;2392.96;3254.5;;2951.6;0.2319;11567.52;1244.5;-0.2244;14;0.2749;;;;;0
limpo;88999206000118;88999206;PI;4630374;soja;0.0;0.0;0;0.0;0.0;False;False;93;0.0;05;2135;02;False;0210101;True;0;8;0;0;0;0;0.0;False;0.0;13048266.74;1086;12014.98;3730.29;;4454.7;0.2245;24466.93;1518.2;0.2463;22;-0.0198;;;;;0
limpo;73909453000109;73909453;RS;3466531;soja;0.0;0.0;0;0.0;0.0;False;False;123;0.0;03;2062;02;False;0113000;True;1;4;1;0;0;0;0.0;False;0.0;3897875.17;1357;2872.42;4389.67;;;;;;;;;;;;;0
grupo_societario;41119124000178;41119124;MT;3486350;soja;0.0;0.0;0;299716.48;0.0;False;False;445;0.0;05;2135;02;False;0116401;True;0;2;8;1;4;0;0.0;False;0.0;65163087.4;3987;16343.89;5719.93;;2279.5;0.0795;14132.81;;;;;;;;;0
limpo;25294777000137;25294777;MT;4881066;soja;0.0;0.0;0;0.0;0.0;False;False;407;0.0;03;2240;02;False;0133403;True;0;5;2;2;0;0;0.0;False;0.0;;;;;;;;;;;;;;;;;0
limpo;50987410000146;50987410;MT;4881066;soja;0.0;0.0;0;0.0;0.0;False;False;398;0.0;03;4014;02;False;0113000;True;0;8;0;0;0;0;0.0;False;0.0;;;;;;;;;;;;;;;;;0
limpo;70532325000109;70532325;MT;4952487;soja;0.0;0.0;0;0.0;0.0;False;False;523;0.0;03;2054;02;False;0121101;True;0;8;0;0;0;0;0.0;False;0.0;;;;;;4283.3;-0.0501;26781.4;1142.6;-0.1312;16;-0.1184;;;;;0
limpo;39598969000141;39598969;TO;2599733;soja;0.0;0.0;0;0.0;0.0;False;False;513;0.0;01;4014;02;False;0111301;True;0;6;2;2;0;0;0.0;False;0.0;1134944.18;1648;688.68;2399.35;;3673.1;0.0845;644740.4;;;;;;;;;0
limpo;67063296000160;67063296;RS;5323473;soja;0.0;0.0;0;0.0;0.0;False;False;362;1.0;01;2054;02;False;0111301;True;1;4;0;0;0;0;0.0;False;0.0;5770153.78;3796;1520.06;6107.33;;4184.9;0.3046;1406.53;1150.1;-0.4716;32;0.0109;;;;;0
divida_ativa;91907952000149;91907952;MT;1342092;soja;20541.61;16122.07;4;0.0;3205.71;False;False;178;0.0;05;2240;02;False;0151201;True;0;2;0;0;0;0;0.0;False;0.0;722846.84;2362;306.03;1988.84;;3594.8;0.0837;14558.01;663.4;-0.0379;31;0.4066;;;;;0
situacao_irregular;47221734000164;47221734;BA;1993507;soja;0.0;0.0;0;0.0;0.0;False;False;408;0.0;05;2240;08;True;0121101;True;0;2;0;0;0;0;0.0;False;0.0;;;;;;3041.8;-0.0835;4445.58;1427.8;0.2926;16;-0.2083;;;;;0
limpo;47342819000109;47342819;TO;2599733;soja;0.0;0.0;0;1544234.97;0.0;False;False;475;0.0;05;2240;02;False;0111301;True;1;7;1;0;0;0;0.0;False;0.0;1134944.18;1648;688.68;2399.35;;3673.1;0.0845;644740.4;;;;;;;;;0
limpo;48063218000111;48063218;GO;2856025;soja;0.0;0.0;0;0.0;0.0;False;False;55;0.0;05;2054;02;False;0115600;True;0;3;2;1;1;0;0.0;False;0.0;4215365.78;477;8837.24;5811.42;;1816.6;-0.0367;157568.54;1022.2;-0.0563;11;-0.2071;;;;;1
limpo;27705074000180;27705074;MT;3486350;soja;0.0;0.0;0;0.0;0.0;False;False;175;0.0;05;2240;02;False;0116401;True;0;2;1;0;0;0;0.0;False;0.0;65163087.4;3987;16343.89;5719.93;;2279.5;0.0795;14132.81;;;;;1;2697.8;491;1;0
limpo;69735865000100;69735865;BA;1287110;soja;295039.26;20897.13;7;0.0;101719.35;True;True;312;0.0;01;2135;02;False;0111301;True;0;1;0;0;0;0;0.0;False;0.0;7170659.32;281;25518.36;5970.35;;3173.5;-0.0805;35165.31;;;;;;;;;0
limpo;38595818000177;38595818;SP;1144522;soja;0.0;0.0;0;0.0;0.0;False;False;108;0.0;01;4014;02;False;0121101;True;0;7;1;1;0;0;0.0;False;0.0;22685314.17;3452;6571.64;4478.12;;3859.7;-0.1003;15013.11;975.4;-0.3231;19;-0.3987;;;;;0
limpo;84275638000125;84275638;TO;1628136;soja;0.0;0.0;0;0.0;0.0;False;False;314;0.0;05;4014;02;False;0116401;True;0;5;1;0;0;0;0.0;False;0.0;22713744.04;630;36053.56;4855.95;;;;;;;;;;;;;0
limpo;95641960000147;95641960;PR;4374686;soja;0.0;0.0;0;0.0;0.0;False;False;436;0.0;05;2135;02;False;0133403;True;2;2;0;0;0;0;0.0;False;0.0;;;;;;;;;;;;;;;;;1
limpo;38956527000167;38956527;PR;4542087;soja;39112.87;24585.2;9;0.0;1519.93;False;False;556;0.0;03;2062;02;False;0151201;True;0;4;1;0;0;0;0.0;False;0.0;2139970.45;3795;563.89;4484.0;;;;;;;;;;;;;0
divida_ativa;97219985000182;97219985;PR;4168991;soja;22064.19;5265.34;4;0.0;1049.97;False;False;322;0.0;05;2135;02;False;0111301;True;0;3;0;0;0;0;0.0;False;0.0;;;;;;3272.2;-0.2374;11409.04;801.1;0.1095;21;-0.0934;;;;;0
limpo;56533974000195;56533974;SP;1144522;soja;0.0;0.0;0;0.0;0.0;False;False;281;1.0;01;2062;02;False;0210101;True;1;5;2;2;0;0;0.0;False;0.0;22685314.17;3452;6571.64;4478.12;;3859.7;-0.1003;15013.11;975.4;-0.3231;19;-0.3987;;;;;0
limpo;76591799000108;76591799;RS;4372021;soja;0.0;0.0;0;0.0;0.0;False;False;111;1.0;05;2062;02;False;0116401;True;0;1;1;0;0;0;0.0;False;0.0;4702656.59;2724;1726.38;4444.47;;2871.3;-0.1436;6684.69;1363.1;-0.0476;4;-0.0304;;;;;0
limpo;30144023000130;30144023;RS;1296511;soja;0.0;0.0;0;0.0;0.0;False;False;435;0.0;01;2054;02;False;0210101;True;0;2;0;0;0;0;0.0;False;0.0;;;;;;;;;;;;;;;;;0
limpo;17069536000166;17069536;PR;4374686;soja;0.0;0.0;0;0.0;0.0;False;False;295;1.0;03;2240;02;False;0111301;True;0;1;0;0;0;0;0.0;False;0.0;;;;;;;;;;;;;;;;;0
limpo;50790016000113;50790016;GO;2631798;soja;0.0;0.0;0;0.0;0.0;False;False;206;1.0;05;2135;02;False;0113000;True;0;7;1;0;0;0;0.0;False;0.0;14413700.4;13;1108746.18;6417.73;;3194.9;-0.0821;19788.09;1403.2;-0.2716;20;0.8262;;;;;0
passivo_ambiental_auto;11287794000132;11287794;PR;4168991;soja;0.0;0.0;0;0.0;0.0;False;False;112;0.0;01;2054;02;False;0133403;True;2;3;0;0;0;13;660967.19;False;0.0;;;;;;3272.2;-0.2374;11409.04;801.1;0.1095;21;-0.0934;;;;;0
limpo;41067722000140;41067722;TO;2599733;soja;0.0;0.0;0;0.0;0.0;False;False;103;0.0;05;2054;02;False;0111301;True;0;1;2;1;0;0;0.0;False;0.0;1134944.18;1648;688.68;2399.35;;3673.1;0.0845;644740.4;;;;;;;;;0
passivo_ambiental_auto;62741214000176;62741214;PI;1498259;soja;0.0;0.0;0;0.0;0.0;False;False;213;0.0;05;2062;02;False;0113000;True;0;8;2;1;1;6;11438.23;False;0.0;5961831.05;452;13189.89;2292.48;;3510.9;-0.3402;43788.4;;;;;;;;;0
limpo;72189327000164;72189327;SP;4469177;soja;0.0;0.0;0;0.0;0.0;False;False;47;0.0;03;2135;02;False;0111301;True;0;6;0;0;0;0;0.0;False;0.0;;;;;;;;;;;;;;;;;0
limpo;44918995000140;44918995;MA;2547930;soja;0.0;0.0;0;0.0;0.0;False;False;102;0.0;01;2062;02;False;0115600;True;0;4;1;0;0;0;0.0;False;0.0;3056399.2;3421;893.42;2943.06;;3413.0;0.1153;12947.73;1079.8;-0.105;39;-0.2894;;;;;0
divida_ativa;96528158000108;96528158;MT;4091416;soja;154895.91;125891.2;1;0.0;-21964.2;False;False;100;1.0;03;2062;02;False;0115600;True;1;1;2;0;1;0;0.0;False;0.0;9930345.71;3827;2594.81;2854.45;;2593.6;0.1175;64737.72;;;;;;;;;0
limpo;61369075000139;61369075;PI;4630374;soja;0.0;0.0;0;0.0;0.0;False;False;158;0.0;05;4014;02;False;0116401;True;0;8;0;0;0;0;0.0;False;0.0;13048266.74;1086;12014.98;3730.29;;4454.7;0.2245;24466.93;1518.2;0.2463;22;-0.0198;;;;;0
limpo;21773787000102;21773787;MT;3047606;soja;0.0;0.0;0;0.0;0.0;False;False;25;54028.56;05;2054;02;False;0210101;True;1;6;0;0;0;0;0.0;False;0.0;3490150.22;1814;1924.01;3376.09;;;;;;;;;;;;;0
limpo;90143600000100;90143600;MT;4952487;soja;0.0;0.0;0;0.0;0.0;False;False;244;9114.4;01;2135;02;False;0116401;True;0;1;1;0;0;0;0.0;False;0.0;;;;;;4283.3;-0.0501;26781.4;1142.6;-0.1312;16;-0.1184;2;2114847.24;180;1;0
passivo_ambiental_auto;58155056000103;58155056;MT;4881066;soja;0.0;0.0;0;0.0;0.0;False;False;198;1.0;03;4014;02;False;0151201;True;0;1;0;0;0;12;7792.36;False;0.0;;;;;;;;;;;;;;;;;0
limpo;12674689000119;12674689;BA;1287110;soja;0.0;0.0;0;0.0;0.0;False;False;337;0.0;01;4014;02;False;0113000;True;1;6;2;0;1;4;39236.0;False;0.0;7170659.32;281;25518.36;5970.35;;3173.5;-0.0805;35165.31;;;;;;;;;0
limpo;28314232000133;28314232;MT;4872493;soja;0.0;0.0;0;0.0;0.0;False;False;184;0.0;05;4014;02;False;0210101;True;0;3;1;1;0;0;0.0;False;0.0;12871579.85;766;16803.63;1283.72;;2678.2;-0.0379;315502.18;1164.2;-0.4814;30;-0.3935;;;;;0
limpo;10241310000151;10241310;GO;2631798;soja;0.0;0.0;0;0.0;0.0;False;False;192;0.0;05;2135;02;False;0311601;True;0;8;1;0;0;0;0.0;False;0.0;14413700.4;13;1108746.18;6417.73;;3194.9;-0.0821;19788.09;1403.2;-0.2716;20;0.8262;;;;;0
limpo;52885071000112;52885071;RS;2897684;soja;0.0;0.0;0;0.0;0.0;False;False;349;0.0;03;2135;02;False;0116401;True;0;6;0;0;0;0;0.0;False;0.0;25576731.08;1000;25576.73;5293.87;;3022.4;-0.1789;34484.31;791.9;0.1416;23;-0.3386;;;;;0
divida_ativa;16462242000137;16462242;PI;3137869;soja;3533.88;587.82;7;0.0;10.5;False;True;496;1.0;05;2135;02;False;0113000;True;0;1;2;1;0;0;0.0;False;0.0;10177003.44;1015;10026.6;5071.94;;2744.9;-0.3095;14240.48;640.1;0.0766;0;0.6749;;;;;0
limpo;32831133000104;32831133;PI;3137869;soja;0.0;0.0;0;0.0;0.0;False;False;500;0.0;03;2135;02;False;0311601;True;1;3;0;0;0;0;0.0;False;0.0;10177003.44;1015;10026.6;5071.94;;2744.9;-0.3095;14240.48;640.1;0.0766;0;0.6749;;;;;0
limpo;35499255000125;35499255;MT;4872493;soja;0.0;0.0;0;0.0;0.0;False;False;104;0.0;05;4014;02;False;0133403;True;0;6;2;0;1;0;0.0;False;0.0;12871579.85;766;16803.63;1283.72;;2678.2;-0.0379;315502.18;1164.2;-0.4814;30;-0.3935;;;;;0
limpo;74468586000150;74468586;GO;3763424;soja;0.0;0.0;0;0.0;0.0;False;False;321;1.0;03;2054;02;False;0151201;True;0;7;0;0;0;11;471675.53;False;0.0;2844536.11;3158;900.74;4170.84;;3496.6;-0.1391;1857.33;;;;;;;;;0
limpo;69020960000110;69020960;RS;5323473;soja;0.0;0.0;0;0.0;0.0;False;False;105;0.0;03;4014;02;False;0121101;True;2;4;1;0;0;0;0.0;False;0.0;5770153.78;3796;1520.06;6107.33;;4184.9;0.3046;1406.53;1150.1;-0.4716;32;0.0109;;;;;0
grupo_societario;73729850000107;73729850;BA;1993507;soja;0.0;0.0;0;0.0;0.0;False;False;520;0.0;05;4014;02;False;0311601;True;0;8;12;2;1;0;0.0;False;0.0;;;;;;3041.8;-0.0835;4445.58;1427.8;0.2926;16;-0.2083;1;526502.69;830;1;0
limpo;68437492000110;68437492;MT;3486350;soja;0.0;0.0;0;0.0;0.0;False;False;74;0.0;05;2054;02;False;0220901;True;0;5;0;0;0;0;0.0;False;0.0;65163087.4;3987;16343.89;5719.93;;2279.5;0.0795;14132.81;;;;;;;;;0
divida_ativa;93625419000110;93625419;MA;1813278;soja;98092.9;57156.49;2;0.0;14728.36;True;True;554;1.0;03;2240;02;False;0121101;True;0;8;1;0;0;0;0.0;False;0.0;;;;;;3988.3;0.1576;4152.02;852.3;0.0456;18;-0.0187;;;;;0
limpo;63917932000113;63917932;TO;2782512;soja;87563.71;4316.1;8;0.0;36568.8;True;False;316;0.0;03;2062;02;False;0116401;True;0;8;1;1;0;0;0.0;False;0.0;;;;;;2863.3;-0.1129;5150.27;910.7;0.2631;25;0.1329;;;;;0
limpo;35224301000183;35224301;GO;3838683;soja;0.0;0.0;0;0.0;0.0;False;False;63;0.0;01;2062;02;False;0151201;True;0;7;1;0;0;0;0.0;False;0.0;8577457.59;2126;4034.55;3501.48;;;;;;;;;;;;;0
passivo_ambiental_auto;43486016000169;43486016;TO;1926828;soja;519651.41;241231.78;7;0.0;-104398.86;True;True;462;0.0;03;4014;02;False;0220901;True;0;3;0;0;0;5;19323.1;False;0.0;1592038.63;3955;402.54;2086.07;;2103.1;-0.0625;2779.51;847.2;0.0075;25;0.3455;;;;;0
divida_ativa;22132198000108;22132198;PI;1498259;soja;1294952.8;277532.45;4;0.0;313580.85;True;True;26;1.0;05;2062;02;False;0133403;True;1;3;1;0;0;0;0.0;False;0.0;5961831.05;452;13189.89;2292.48;;3510.9;-0.3402;43788.4;;;;;;;;;1
divida_ativa;96267144000188;96267144;TO;5373788;soja;132968.74;61032.39;4;0.0;32146.11;False;True;110;0.0;05;2240;02;False;0220901;True;0;5;1;1;0;0;0.0;False;0.0;;;;;;;;;;;;;;;;;0
passivo_ambiental_embargo;95979171000110;95979171;MT;4872493;soja;0.0;0.0;0;0.0;0.0;False;False;198;0.0;01;2062;02;False;0311601;True;0;6;1;0;0;5;1871.52;True;781.98;12871579.85;766;16803.63;1283.72;;2678.2;-0.0379;315502.18;1164.2;-0.4814;30;-0.3935;;;;;0
divida_ativa;88252116000169;88252116;MS;2167433;soja;259.15;88.93;4;0.0;54.59;False;False;373;0.0;01;4014;02;False;0113000;True;0;8;2;0;1;0;0.0;False;0.0;45698908.98;37;1235105.65;4640.03;;3388.1;-0.041;1178.06;747.3;0.3091;29;-0.1134;;;;;0
divida_ativa;34571018000165;34571018;MT;3047606;soja;21879.86;19066.82;7;0.0;-764.62;True;True;126;0.0;05;4014;02;False;0311601;True;2;2;1;1;0;0;0.0;False;0.0;3490150.22;1814;1924.01;3376.09;;;;;;;;;;;;;0
limpo;50044631000180;50044631;PA;3572518;soja;0.0;0.0;0;0.0;0.0;False;False;474;0.0;05;2135;02;False;0111301;True;0;3;0;0;0;0;0.0;False;0.0;8421494.89;3910;2153.84;5580.08;;;;;;;;;;;;;0
limpo;46712288000128;46712288;MA;2547930;soja;0.0;0.0;0;0.0;0.0;False;False;96;0.0;03;2054;02;False;0121101;True;0;8;2;1;0;0;0.0;False;0.0;3056399.2;3421;893.42;2943.06;;3413.0;0.1153;12947.73;1079.8;-0.105;39;-0.2894;;;;;0
divida_ativa;11889398000185;11889398;TO;1926828;soja;15700.1;10625.01;4;0.0;6304.97;True;True;521;0.0;01;2062;02;False;0115600;True;0;5;2;1;1;0;0.0;False;0.0;1592038.63;3955;402.54;2086.07;;2103.1;-0.0625;2779.51;847.2;0.0075;25;0.3455;;;;;0
passivo_ambiental_embargo;56000822000127;56000822;PA;3572518;soja;0.0;0.0;0;0.0;0.0;False;False;419;0.0;01;2135;02;False;0116401;True;0;3;1;0;0;6;38175.27;True;1128.7;8421494.89;3910;2153.84;5580.08;;;;;;;;;;;;;0
limpo;89715138000180;89715138;MA;1849363;soja;0.0;0.0;0;0.0;0.0;False;False;460;0.0;05;2240;02;False;0133403;True;0;4;2;2;0;0;0.0;False;0.0;1890436.06;790;2392.96;3254.5;;2951.6;0.2319;11567.52;1244.5;-0.2244;14;0.2749;;;;;0
limpo;79834723000146;79834723;GO;3763424;soja;0.0;0.0;0;0.0;0.0;False;False;126;0.0;01;2054;02;False;0116401;True;0;5;0;0;0;0;0.0;False;0.0;2844536.11;3158;900.74;4170.84;;3496.6;-0.1391;1857.33;;;;;;;;;0
limpo;64996550000195;64996550;TO;1926828;soja;0.0;0.0;0;0.0;0.0;False;False;246;0.0;05;2062;02;False;0111301;True;1;8;1;0;0;0;0.0;False;0.0;1592038.63;3955;402.54;2086.07;;2103.1;-0.0625;2779.51;847.2;0.0075;25;0.3455;;;;;0
divida_ativa;23594977000180;23594977;PR;4542087;soja;2036.0;2012.92;5;0.0;-529.23;False;False;303;0.0;05;2240;02;False;0121101;True;0;2;2;0;0;0;0.0;False;0.0;2139970.45;3795;563.89;4484.0;;;;;;;;;;;;;0
limpo;54112109000140;54112109;GO;3763424;soja;0.0;0.0;0;0.0;0.0;False;False;356;0.0;03;2054;02;False;0133403;True;0;7;2;2;1;0;0.0;False;0.0;2844536.11;3158;900.74;4170.84;;3496.6;-0.1391;1857.33;;;;;;;;;0
situacao_irregular;32384662000107;32384662;TO;1628136;soja;0.0;0.0;0;0.0;0.0;False;False;454;0.0;03;2240;03;True;0311601;True;0;3;0;0;0;0;0.0;False;0.0;22713744.04;630;36053.56;4855.95;;;;;;;;;3;57145.54;424;2;1
limpo;11658959000135;11658959;PI;1498259;soja;0.0;0.0;0;0.0;0.0;False;False;352;0.0;05;4014;02;False;0111301;True;0;4;2;1;1;0;0.0;False;0.0;5961831.05;452;13189.89;2292.48;;3510.9;-0.3402;43788.4;;;;;;;;;0
limpo;84939694000117;84939694;TO;1628136;soja;0.0;0.0;0;0.0;0.0;False;False;513;1.0;01;2054;02;False;0210101;True;0;5;0;0;0;0;0.0;False;0.0;22713744.04;630;36053.56;4855.95;;;;;;;;;;;;;0
limpo;60819877000130;60819877;BA;1287110;soja;0.0;0.0;0;0.0;0.0;False;False;516;0.0;01;2054;02;False;0115600;True;0;7;1;0;0;0;0.0;False;0.0;7170659.32;281;25518.36;5970.35;;3173.5;-0.0805;35165.31;;;;;;;;;0
grupo_societario;95568918000148;95568918;GO;3838683;soja;0.0;0.0;0;0.0;0.0;False;False;61;1.0;03;2240;02;False;0220901;True;1;8;9;5;3;0;0.0;False;0.0;8577457.59;2126;4034.55;3501.48;;;;;;;;;;;;;0
limpo;55816176000108;55816176;GO;3763424;soja;0.0;0.0;0;0.0;0.0;False;False;174;0.0;05;2054;02;False;0111301;True;0;4;1;0;0;0;0.0;False;0.0;2844536.11;3158;900.74;4170.84;;3496.6;-0.1391;1857.33;;;;;;;;;0
limpo;35579048000180;35579048;PI;4630374;soja;0.0;0.0;0;0.0;0.0;False;False;132;1.0;03;2054;02;False;0311601;True;2;3;1;1;0;0;0.0;False;0.0;13048266.74;1086;12014.98;3730.29;;4454.7;0.2245;24466.93;1518.2;0.2463;22;-0.0198;4;21094.85;756;1;0
passivo_ambiental_auto;74818030000146;74818030;MT;3486350;soja;0.0;0.0;0;0.0;0.0;False;False;402;0.0;05;2240;02;False;0220901;True;1;7;0;0;0;12;7431226.94;False;0.0;65163087.4;3987;16343.89;5719.93;;2279.5;0.0795;14132.81;;;;;;;;;0
limpo;56017729000125;56017729;MG;2246509;soja;0.0;0.0;0;0.0;0.0;False;False;530;0.0;05;4014;02;False;0210101;True;0;4;0;0;0;0;0.0;False;0.0;18573077.57;406;45746.5;1183.29;;3809.0;-0.3511;358203.19;;;;;;;;;0
divida_ativa;56344519000141;56344519;TO;2625906;soja;26901.54;17488.32;3;0.0;6871.99;True;True;366;0.0;05;4014;02;False;0121101;True;0;5;0;0;0;0;0.0;False;0.0;7076252.67;3896;1816.29;5129.4;;4004.9;-0.3294;61983.79;1163.5;-0.1957;26;-0.2281;;;;;0
passivo_ambiental_auto;80159631000197;80159631;MT;3486350;soja;0.0;0.0;0;0.0;0.0;False;False;170;27742.6;01;2240;02;False;0116401;True;0;1;1;1;0;3;32185.26;False;0.0;65163087.4;3987;16343.89;5719.93;;2279.5;0.0795;14132.81;;;;;0;0.0;;0;0
divida_ativa;40106027000188;40106027;PA;3572518;soja;8649.59;6021.23;1;0.0;86.87;False;False;326;136860.29;01;2062;02;False;0151201;True;0;8;2;0;1;0;0.0;False;0.0;8421494.89;3910;2153.84;5580.08;;;;;;;;;;;;;0
divida_ativa;36369633000119;36369633;MA;1849363;soja;33061.84;6181.79;3;0.0;-6761.71;True;True;276;0.0;05;2240;02;False;0115600;True;0;3;0;0;0;0;0.0;False;0.0;1890436.06;790;2392.96;3254.5;;2951.6;0.2319;11567.52;1244.5;-0.2244;14;0.2749;;;;;1
limpo;93935292000135;93935292;MT;4881066;soja;0.0;0.0;0;0.0;0.0;False;False;331;0.0;01;4014;02;False;0111301;True;1;3;1;1;0;0;0.0;False;0.0;;;;;;;;;;;;;;;;;0
situacao_irregular;99031246000198;99031246;BA;1287110;soja;0.0;0.0;0;0.0;0.0;False;False;15;0.0;03;2054;04;True;0116401;True;1;4;2;0;1;0;0.0;False;0.0;7170659.32;281;25518.36;5970.35;;3173.5;-0.0805;35165.31;;;;;;;;;0
limpo;82509424000140;82509424;PR;4374686;soja;0.0;0.0;0;0.0;0.0;False;False;504;0.0;05;2135;02;False;0210101;True;0;2;2;0;0;14;299458.39;False;0.0;;;;;;;;;;;;;;;;;0
limpo;38611881000150;38611881;SP;4469177;soja;0.0;0.0;0;0.0;0.0;False;False;451;0.0;01;2135;02;False;0115600;True;0;6;0;0;0;0;0.0;False;0.0;;;;;;;;;;;;;;;;;0
limpo;43810519000148;43810519;PR;4542087;soja;0.0;0.0;0;0.0;0.0;False;False;420;0.0;01;2054;02;False;0111301;True;0;2;0;0;0;0;0.0;False;0.0;2139970.45;3795;563.89;4484.0;;;;;;;;;;;;;0
limpo;19742790000109;19742790;MT;1342092;soja;0.0;0.0;0;0.0;0.0;False;False;454;0.0;05;2062;02;False;0133403;True;0;4;1;0;0;0;0.0;False;0.0;722846.84;2362;306.03;1988.84;;3594.8;0.0837;14558.01;663.4;-0.0379;31;0.4066;;;;;0
limpo;95100169000120;95100169;MA;1849363;soja;0.0;0.0;0;2121848.39;0.0;False;False;48;0.0;05;2054;02;False;0220901;True;0;2;2;1;0;0;0.0;False;0.0;1890436.06;790;2392.96;3254.5;;2951.6;0.2319;11567.52;1244.5;-0.2244;14;0.2749;;;;;0
limpo;96695458000181;96695458;MT;5020745;soja;0.0;0.0;0;0.0;0.0;False;False;191;0.0;05;2062;02;False;0220901;True;0;2;0;0;0;0;0.0;False;0.0;16832610.2;2938;5729.28;2659.43;;2865.5;-0.0685;23248.53;1087.1;-0.1985;10;0.5319;;;;;0
limpo;36496940000160;36496940;PR;4542087;soja;0.0;0.0;0;0.0;0.0;False;False;297;0.0;01;2240;02;False;0133403;True;0;5;1;0;0;0;0.0;False;0.0;2139970.45;3795;563.89;4484.0;;;;;;;;;;;;;0
limpo;52038976000157;52038976;MT;3486350;soja;0.0;0.0;0;0.0;0.0;False;False;345;1.0;03;2054;02;False;0210101;True;1;8;2;2;0;0;0.0;False;0.0;65163087.4;3987;16343.89;5719.93;;2279.5;0.0795;14132.81;;;;;;;;;0
limpo;47663633000143;47663633;GO;3838683;soja;0.0;0.0;0;0.0;0.0;False;False;83;1.0;05;2062;02;False;0311601;True;0;4;2;0;1;0;0.0;False;0.0;8577457.59;2126;4034.55;3501.48;;;;;;;;;;;;;0
limpo;29949181000189;29949181;MA;1849363;soja;0.0;0.0;0;0.0;0.0;False;False;528;0.0;03;4014;02;False;0115600;True;0;3;2;2;0;0;0.0;False;0.0;1890436.06;790;2392.96;3254.5;;2951.6;0.2319;11567.52;1244.5;-0.2244;14;0.2749;;;;;0
limpo;85942072000100;85942072;MT;4952487;soja;0.0;0.0;0;0.0;0.0;False;False;505;0.0;03;2240;02;False;0116401;True;0;4;2;2;1;0;0.0;False;0.0;;;;;;4283.3;-0.0501;26781.4;1142.6;-0.1312;16;-0.1184;;;;;0
situacao_irregular;15355917000186;15355917;BA;3797806;soja;0.0;0.0;0;0.0;0.0;False;False;184;0.0;03;2240;08;True;0311601;True;0;2;2;2;1;0;0.0;False;0.0;4577751.8;3577;1279.77;1116.86;;3266.8;-0.1381;29664.1;1160.2;-0.1501;25;-0.5722;;;;;0
limpo;57365168000118;57365168;BA;1287110;soja;0.0;0.0;0;0.0;0.0;False;False;456;0.0;01;4014;02;False;0151201;True;0;3;1;0;0;0;0.0;False;0.0;7170659.32;281;25518.36;5970.35;;3173.5;-0.0805;35165.31;;;;;;;;;0
limpo;65648506000157;65648506;PR;4374686;soja;0.0;0.0;0;0.0;0.0;False;False;426;0.0;01;2135;02;False;0311601;True;0;3;1;0;0;0;0.0;False;0.0;;;;;;;;;;;;;;;;;0
situacao_irregular;79342339000126;79342339;PI;1498259;soja;0.0;0.0;0;0.0;0.0;False;False;93;0.0;05;2054;04;True;0133403;True;0;7;0;0;0;0;0.0;False;0.0;5961831.05;452;13189.89;2292.48;;3510.9;-0.3402;43788.4;;;;;;;;;0
passivo_ambiental_auto;34412077000190;34412077;MT;1342092;soja;0.0;0.0;0;0.0;0.0;False;False;76;0.0;03;2135;02;False;0111301;True;0;7;2;0;0;5;41175.47;False;0.0;722846.84;2362;306.03;1988.84;;3594.8;0.0837;14558.01;663.4;-0.0379;31;0.4066;;;;;0
limpo;81327320000152;81327320;TO;2625906;soja;0.0;0.0;0;0.0;0.0;False;False;7;1.0;05;2054;02;False;0220901;True;0;1;1;1;0;0;0.0;False;0.0;7076252.67;3896;1816.29;5129.4;;4004.9;-0.3294;61983.79;1163.5;-0.1957;26;-0.2281;;;;;0
divida_ativa;61168696000154;61168696;RS;1296511;soja;794257.15;337948.0;5;0.0;-90537.12;False;True;424;0.0;01;2062;02;False;0311601;True;0;1;2;1;0;0;0.0;False;0.0;;;;;;;;;;;;;;;;;0
limpo;24305357000146;24305357;MT;4881066;soja;0.0;0.0;0;0.0;0.0;False;False;288;7545.13;03;2135;02;False;0121101;True;0;8;1;0;0;0;0.0;False;0.0;;;;;;;;;;;;;;;;;0
limpo;51158280000100;51158280;RS;1296511;soja;0.0;0.0;0;0.0;0.0;False;False;241;0.0;05;2135;02;False;0111301;True;0;7;1;1;0;0;0.0;False;0.0;;;;;;;;;;;;;;;;;0
limpo;22225702000106;22225702;PR;4168991;soja;0.0;0.0;0;0.0;0.0;False;False;87;0.0;05;2054;02;False;0121101;True;0;5;2;2;0;0;0.0;False;0.0;;;;;;3272.2;-0.2374;11409.04;801.1;0.1095;21;-0.0934;;;;;0
limpo;68917831000166;68917831;MT;4952487;soja;40491.24;20885.93;4;0.0;9686.29;True;False;167;0.0;03;2054;02;False;0210101;True;0;7;2;2;0;0;0.0;False;0.0;;;;;;4283.3;-0.0501;26781.4;1142.6;-0.1312;16;-0.1184;;;;;0
situacao_irregular;83765077000180;83765077;PR;4542087;soja;0.0;0.0;0;0.0;0.0;False;False;205;0.0;03;4014;04;True;0115600;True;0;7;2;2;0;0;0.0;False;0.0;2139970.45;3795;563.89;4484.0;;;;;;;;;;;;;0
limpo;25704681000108;25704681;BA;3889457;soja;0.0;0.0;0;0.0;0.0;False;False;392;0.0;01;2240;02;False;0133403;True;0;1;2;1;0;0;0.0;False;0.0;;;;;;3266.5;0.0304;5248.27;1073.2;0.0666;5;0.3658;;;;;0
limpo;39579214000108;39579214;MS;2167433;soja;0.0;0.0;0;0.0;0.0;False;False;275;0.0;01;2054;02;False;0210101;True;0;3;1;1;0;0;0.0;False;0.0;45698908.98;37;1235105.65;4640.03;;3388.1;-0.041;1178.06;747.3;0.3091;29;-0.1134;;;;;0
limpo;35523849000124;35523849;RS;4372021;soja;0.0;0.0;0;0.0;0.0;False;False;261;1.0;03;2135;02;False;0111301;True;0;2;2;2;1;0;0.0;False;0.0;4702656.59;2724;1726.38;4444.47;;2871.3;-0.1436;6684.69;1363.1;-0.0476;4;-0.0304;;;;;0
grupo_societario;74732147000102;74732147;MA;1849363;soja;0.0;0.0;0;0.0;0.0;False;False;529;0.0;01;4014;02;False;0113000;True;0;7;21;15;8;0;0.0;False;0.0;1890436.06;790;2392.96;3254.5;;2951.6;0.2319;11567.52;1244.5;-0.2244;14;0.2749;;;;;1
limpo;33461307000149;33461307;MT;5020745;soja;0.0;0.0;0;1576562.35;0.0;False;False;221;0.0;01;2240;02;False;0210101;True;0;5;2;0;1;0;0.0;False;0.0;16832610.2;2938;5729.28;2659.43;;2865.5;-0.0685;23248.53;1087.1;-0.1985;10;0.5319;;;;;0
grupo_societario;56049627000191;56049627;RS;1296511;soja;0.0;0.0;0;0.0;0.0;False;False;416;0.0;01;4014;02;False;0113000;True;2;4;9;1;2;0;0.0;False;0.0;;;;;;;;;;;;;;;;;0
limpo;61121302000102;61121302;MT;3047606;soja;0.0;0.0;0;0.0;0.0;False;False;517;0.0;05;4014;02;False;0220901;True;0;8;2;1;1;0;0.0;False;0.0;3490150.22;1814;1924.01;3376.09;;;;;;;;;;;;;0
limpo;23284172000130;23284172;RS;4372021;soja;0.0;0.0;0;0.0;0.0;False;False;348;0.0;03;4014;02;False;0220901;True;1;5;1;1;0;0;0.0;False;0.0;4702656.59;2724;1726.38;4444.47;;2871.3;-0.1436;6684.69;1363.1;-0.0476;4;-0.0304;;;;;0
passivo_ambiental_auto;91279039000145;91279039;MT;5020745;soja;0.0;0.0;0;0.0;0.0;False;False;369;0.0;05;2054;02;False;0133403;True;1;7;2;2;1;11;683.49;False;0.0;16832610.2;2938;5729.28;2659.43;;2865.5;-0.0685;23248.53;1087.1;-0.1985;10;0.5319;;;;;0
passivo_ambiental_auto;55283492000161;55283492;PR;4168991;soja;0.0;0.0;0;0.0;0.0;False;False;357;0.0;03;2240;02;False;0151201;True;0;7;2;1;1;10;278926.42;False;0.0;;;;;;3272.2;-0.2374;11409.04;801.1;0.1095;21;-0.0934;;;;;0
divida_ativa;79918804000124;79918804;MT;4091416;soja;259908.4;60981.58;5;0.0;67721.09;True;True;111;0.0;03;4014;02;False;0115600;True;0;7;1;0;0;0;0.0;False;0.0;9930345.71;3827;2594.81;2854.45;;2593.6;0.1175;64737.72;;;;;;;;;0
limpo;62324272000102;62324272;TO;2782512;soja;0.0;0.0;0;0.0;0.0;False;False;180;0.0;05;2240;02;False;0210101;True;1;8;1;1;0;0;0.0;False;0.0;;;;;;2863.3;-0.1129;5150.27;910.7;0.2631;25;0.1329;;;;;0
limpo;89299984000167;89299984;TO;4589069;soja;0.0;0.0;0;0.0;0.0;False;False;552;0.0;03;2054;02;False;0220901;True;0;2;2;1;1;0;0.0;False;0.0;2443446.14;2744;890.47;4703.19;;2024.4;-0.0039;12496.35;1038.3;-0.1626;18;-0.1071;;;;;0
limpo;11416778000100;11416778;PI;1498259;soja;965860.59;453179.81;1;0.0;90351.74;False;True;446;1.0;05;2135;02;False;0115600;True;0;4;0;0;0;0;0.0;False;0.0;5961831.05;452;13189.89;2292.48;;3510.9;-0.3402;43788.4;;;;;;;;;0
limpo;43540489000105;43540489;MT;3047606;soja;0.0;0.0;0;0.0;0.0;False;False;251;0.0;05;2240;02;False;0151201;True;0;5;1;1;0;0;0.0;False;0.0;3490150.22;1814;1924.01;3376.09;;;;;;;;;;;;;0
limpo;24811778000149;24811778;MT;4952487;soja;0.0;0.0;0;0.0;0.0;False;False;161;0.0;05;2062;02;False;0113000;True;2;5;1;1;0;0;0.0;False;0.0;;;;;;4283.3;-0.0501;26781.4;1142.6;-0.1312;16;-0.1184;;;;;0
limpo;30224423000156;30224423;MA;1813278;soja;13318.62;6175.64;1;0.0;4992.31;False;True;407;0.0;03;2135;02;False;0116401;True;1;5;1;1;0;0;0.0;False;0.0;;;;;;3988.3;0.1576;4152.02;852.3;0.0456;18;-0.0187;;;;;0
limpo;69453211000186;69453211;RS;2897684;soja;0.0;0.0;0;0.0;0.0;False;False;219;0.0;05;2240;02;False;0210101;True;0;1;0;0;0;0;0.0;False;0.0;25576731.08;1000;25576.73;5293.87;;3022.4;-0.1789;34484.31;791.9;0.1416;23;-0.3386;;;;;0
limpo;43999060000172;43999060;MT;3047606;soja;0.0;0.0;0;0.0;0.0;False;False;121;0.0;03;2240;02;False;0115600;True;0;5;1;0;0;0;0.0;False;0.0;3490150.22;1814;1924.01;3376.09;;;;;;;;;;;;;0
grupo_societario;87990837000103;87990837;MA;1813278;soja;0.0;0.0;0;0.0;0.0;False;False;517;0.0;05;2240;02;False;0115600;True;0;3;22;22;8;0;0.0;False;0.0;;;;;;3988.3;0.1576;4152.02;852.3;0.0456;18;-0.0187;;;;;0
limpo;52512063000120;52512063;GO;2092240;soja;0.0;0.0;0;0.0;0.0;False;False;392;0.0;01;2240;02;False;0115600;True;0;8;1;1;0;0;0.0;False;0.0;3025600.14;2445;1237.46;6478.28;;;;;;;;;;;;;0
limpo;53443711000105;53443711;MT;4952487;soja;0.0;0.0;0;0.0;0.0;False;False;164;0.0;03;4014;02;False;0210101;True;0;7;2;2;0;0;0.0;False;0.0;;;;;;4283.3;-0.0501;26781.4;1142.6;-0.1312;16;-0.1184;;;;;0
passivo_ambiental_auto;93241474000106;93241474;TO;2625906;soja;0.0;0.0;0;0.0;0.0;False;False;542;0.0;05;2135;02;False;0311601;True;0;7;2;2;1;2;2490039.01;False;0.0;7076252.67;3896;1816.29;5129.4;;4004.9;-0.3294;61983.79;1163.5;-0.1957;26;-0.2281;;;;;0
limpo;15875684000142;15875684;RS;3466531;soja;0.0;0.0;0;0.0;0.0;False;False;403;0.0;05;4014;02;False;0311601;True;0;6;0;0;0;0;0.0;False;0.0;3897875.17;1357;2872.42;4389.67;;;;;;;;;;;;;0
limpo;38016352000108;38016352;PR;4542087;soja;0.0;0.0;0;0.0;0.0;False;False;431;1.0;05;2062;02;False;0311601;True;0;1;0;0;0;0;0.0;False;0.0;2139970.45;3795;563.89;4484.0;;;;;;;;;;;;;0
limpo;38977615000145;38977615;TO;5373788;soja;0.0;0.0;0;0.0;0.0;False;False;260;0.0;01;4014;02;False;0220901;True;0;2;2;2;1;0;0.0;False;0.0;;;;;;;;;;;;;;;;;0
limpo;23972387000143;23972387;TO;4589069;soja;0.0;0.0;0;0.0;0.0;False;False;459;209187.38;03;2240;02;False;0121101;True;1;7;1;1;0;0;0.0;False;0.0;2443446.14;2744;890.47;4703.19;;2024.4;-0.0039;12496.35;1038.3;-0.1626;18;-0.1071;;;;;0
limpo;83851788000177;83851788;SP;4469177;soja;0.0;0.0;0;0.0;0.0;False;False;297;0.0;05;2135;02;False;0151201;True;0;4;1;0;0;0;0.0;False;0.0;;;;;;;;;;;;;;;;;0
passivo_ambiental_auto;84311410000143;84311410;TO;4589069;soja;0.0;0.0;0;0.0;0.0;False;False;147;0.0;05;2135;02;False;0116401;True;0;5;2;0;1;10;21034.13;False;0.0;2443446.14;2744;890.47;4703.19;;2024.4;-0.0039;12496.35;1038.3;-0.1626;18;-0.1071;;;;;0
divida_ativa;53579429000141;53579429;SP;4469177;soja;963.22;789.37;2;0.0;-57.49;False;False;86;1.0;03;2240;02;False;0121101;True;0;2;0;0;0;0;0.0;False;0.0;;;;;;;;;;;;;;;;;0
divida_ativa;90839556000169;90839556;BA;1287110;soja;59760.24;22857.51;5;0.0;-2662.13;False;True;232;0.0;05;2054;02;False;0133403;True;0;2;2;0;1;0;0.0;False;0.0;7170659.32;281;25518.36;5970.35;;3173.5;-0.0805;35165.31;;;;;;;;;0
limpo;55119729000173;55119729;PI;4630374;soja;0.0;0.0;0;0.0;0.0;False;False;450;1.0;01;2135;02;False;0133403;True;0;8;0;0;0;0;0.0;False;0.0;13048266.74;1086;12014.98;3730.29;;4454.7;0.2245;24466.93;1518.2;0.2463;22;-0.0198;;;;;0
limpo;92677695000169;92677695;RS;4372021;soja;0.0;0.0;0;0.0;0.0;False;False;97;0.0;03;2054;02;False;0210101;True;0;6;0;0;0;0;0.0;False;0.0;4702656.59;2724;1726.38;4444.47;;2871.3;-0.1436;6684.69;1363.1;-0.0476;4;-0.0304;2;22765.32;315;1;0
passivo_ambiental_auto;69352435000100;69352435;TO;2625906;soja;0.0;0.0;0;0.0;0.0;False;False;165;1.0;01;2062;02;False;0115600;True;0;3;1;1;0;1;70353.39;False;0.0;7076252.67;3896;1816.29;5129.4;;4004.9;-0.3294;61983.79;1163.5;-0.1957;26;-0.2281;;;;;0
limpo;73242092000190;73242092;PR;4374686;soja;76990.37;42252.32;3;0.0;18062.59;True;False;545;0.0;01;2062;02;False;0151201;True;0;5;2;0;1;0;0.0;False;0.0;;;;;;;;;;;;;;;;;0
limpo;98633740000160;98633740;MA;1813278;soja;0.0;0.0;0;0.0;0.0;False;False;401;0.0;03;4014;02;False;0111301;True;1;8;2;2;0;0;0.0;False;0.0;;;;;;3988.3;0.1576;4152.02;852.3;0.0456;18;-0.0187;;;;;0
grupo_societario;85254207000145;85254207;BA;3889457;soja;0.0;0.0;0;0.0;0.0;False;False;24;0.0;03;2240;02;False;0151201;True;0;5;10;0;5;9;1035773.44;False;0.0;;;;;;3266.5;0.0304;5248.27;1073.2;0.0666;5;0.3658;;;;;1
situacao_irregular;13954845000168;13954845;MS;2167433;soja;0.0;0.0;0;0.0;0.0;False;False;397;0.0;05;4014;08;True;0116401;True;0;3;1;1;0;0;0.0;False;0.0;45698908.98;37;1235105.65;4640.03;;3388.1;-0.041;1178.06;747.3;0.3091;29;-0.1134;;;;;0
limpo;27686156000124;27686156;MT;4872493;soja;0.0;0.0;0;0.0;0.0;False;False;542;1.0;03;2135;02;False;0311601;True;1;6;2;0;0;0;0.0;False;0.0;12871579.85;766;16803.63;1283.72;;2678.2;-0.0379;315502.18;1164.2;-0.4814;30;-0.3935;;;;;0
divida_ativa;52773504000148;52773504;TO;2782512;soja;198713.37;163282.48;5;0.0;-29738.08;True;True;279;0.0;05;2135;02;False;0311601;True;0;1;1;1;0;0;0.0;False;0.0;;;;;;2863.3;-0.1129;5150.27;910.7;0.2631;25;0.1329;;;;;0
limpo;91163038000130;91163038;RS;1296511;soja;0.0;0.0;0;0.0;0.0;False;False;203;0.0;03;2062;02;False;0151201;True;2;4;0;0;0;0;0.0;False;0.0;;;;;;;;;;;;;;;;;0
divida_ativa;18876667000118;18876667;TO;1926828;soja;31099.86;15237.16;6;0.0;12753.11;False;False;395;0.0;03;4014;02;False;0311601;True;0;1;1;0;0;0;0.0;False;0.0;1592038.63;3955;402.54;2086.07;;2103.1;-0.0625;2779.51;847.2;0.0075;25;0.3455;;;;;0
passivo_ambiental_auto;42980201000142;42980201;GO;3355082;soja;0.0;0.0;0;0.0;0.0;False;False;56;0.0;03;2054;02;False;0151201;True;1;5;1;1;0;12;7878.64;False;0.0;344902.69;1555;221.8;1341.28;;3426.5;-0.1292;14743.52;1302.6;0.1067;12;-0.0223;0;0.0;;0;0
limpo;96718276000189;96718276;TO;2782512;soja;0.0;0.0;0;0.0;0.0;False;False;144;0.0;03;2054;02;False;0115600;True;0;4;0;0;0;0;0.0;False;0.0;;;;;;2863.3;-0.1129;5150.27;910.7;0.2631;25;0.1329;;;;;0
limpo;97050454000109;97050454;TO;2599733;soja;0.0;0.0;0;0.0;0.0;False;False;377;0.0;05;2054;02;False;0220901;True;0;3;2;1;1;0;0.0;False;0.0;1134944.18;1648;688.68;2399.35;;3673.1;0.0845;644740.4;;;;;;;;;0
situacao_irregular;85898994000168;85898994;SP;1144522;soja;0.0;0.0;0;0.0;0.0;False;False;322;1.0;03;2240;08;True;0113000;True;0;3;0;0;0;0;0.0;False;0.0;22685314.17;3452;6571.64;4478.12;;3859.7;-0.1003;15013.11;975.4;-0.3231;19;-0.3987;;;;;0
limpo;43971980000182;43971980;MA;1813278;soja;143736.32;826.56;8;0.0;24591.83;False;True;87;0.0;01;2135;02;False;0220901;True;0;4;1;0;0;0;0.0;False;0.0;;;;;;3988.3;0.1576;4152.02;852.3;0.0456;18;-0.0187;;;;;1
limpo;29511823000163;29511823;TO;1628136;soja;0.0;0.0;0;0.0;0.0;False;False;432;79911.55;05;4014;02;False;0311601;True;1;3;2;1;1;0;0.0;False;0.0;22713744.04;630;36053.56;4855.95;;;;;;;;;;;;;0
divida_ativa;53328415000155;53328415;TO;2599733;soja;157041.41;119106.8;9;0.0;12037.77;True;False;343;0.0;05;2135;02;False;0116401;True;0;2;1;0;0;0;0.0;False;0.0;1134944.18;1648;688.68;2399.35;;3673.1;0.0845;644740.4;;;;;;;;;0
situacao_irregular;48545627000154;48545627;GO;3838683;soja;0.0;0.0;0;0.0;0.0;False;False;514;0.0;05;2054;04;True;0133403;True;1;4;2;2;1;0;0.0;False;0.0;8577457.59;2126;4034.55;3501.48;;;;;;;;;;;;;0
limpo;72395893000122;72395893;MA;1813278;soja;0.0;0.0;0;0.0;0.0;False;False;347;0.0;05;2135;02;False;0115600;True;0;5;0;0;0;0;0.0;False;0.0;;;;;;3988.3;0.1576;4152.02;852.3;0.0456;18;-0.0187;;;;;0
limpo;78006730000197;78006730;PR;4542087;soja;0.0;0.0;0;0.0;0.0;False;False;35;1.0;01;2240;02;False;0210101;True;1;8;0;0;0;0;0.0;False;0.0;2139970.45;3795;563.89;4484.0;;;;;;;;;;;;;0
limpo;74625235000105;74625235;GO;3355082;soja;0.0;0.0;0;0.0;0.0;False;False;63;1.0;03;4014;02;False;0210101;True;0;1;2;0;1;0;0.0;False;0.0;344902.69;1555;221.8;1341.28;;3426.5;-0.1292;14743.52;1302.6;0.1067;12;-0.0223;;;;;0
limpo;30039365000190;30039365;MT;5020745;soja;0.0;0.0;0;0.0;0.0;False;False;404;0.0;01;2240;02;False;0210101;True;0;5;1;1;0;0;0.0;False;0.0;16832610.2;2938;5729.28;2659.43;;2865.5;-0.0685;23248.53;1087.1;-0.1985;10;0.5319;;;;;0
limpo;50618137000182;50618137;RS;2897684;soja;0.0;0.0;0;0.0;0.0;False;False;100;0.0;01;2054;02;False;0220901;True;0;6;0;0;0;0;0.0;False;0.0;25576731.08;1000;25576.73;5293.87;;3022.4;-0.1789;34484.31;791.9;0.1416;23;-0.3386;;;;;0
limpo;53934556000111;53934556;RS;3466531;soja;0.0;0.0;0;0.0;0.0;False;False;476;0.0;05;2062;02;False;0115600;True;0;1;2;2;0;0;0.0;False;0.0;3897875.17;1357;2872.42;4389.67;;;;;;;;;;;;;0
limpo;98447373000100;98447373;GO;3355082;soja;0.0;0.0;0;0.0;0.0;False;False;289;0.0;03;2062;02;False;0151201;True;0;5;1;0;0;11;1068313.54;False;0.0;344902.69;1555;221.8;1341.28;;3426.5;-0.1292;14743.52;1302.6;0.1067;12;-0.0223;;;;;0
limpo;52746321000133;52746321;MA;1849363;soja;0.0;0.0;0;0.0;0.0;False;False;352;0.0;01;2135;02;False;0115600;True;0;1;1;0;0;0;0.0;False;0.0;1890436.06;790;2392.96;3254.5;;2951.6;0.2319;11567.52;1244.5;-0.2244;14;0.2749;;;;;0
limpo;90010054000120;90010054;MT;3486350;soja;0.0;0.0;0;0.0;0.0;False;False;208;0.0;05;4014;02;False;0111301;True;2;8;2;2;0;0;0.0;False;0.0;65163087.4;3987;16343.89;5719.93;;2279.5;0.0795;14132.81;;;;;;;;;0
limpo;71147472000110;71147472;TO;4589069;soja;0.0;0.0;0;0.0;0.0;False;False;270;23525.35;03;2135;02;False;0210101;True;1;6;1;1;0;0;0.0;False;0.0;2443446.14;2744;890.47;4703.19;;2024.4;-0.0039;12496.35;1038.3;-0.1626;18;-0.1071;;;;;0
limpo;74243595000142;74243595;RS;1296511;soja;0.0;0.0;0;0.0;0.0;False;False;115;0.0;05;2062;02;False;0151201;True;0;7;1;1;0;0;0.0;False;0.0;;;;;;;;;;;;;;;;;0
limpo;74743230000187;74743230;MT;3047606;soja;0.0;0.0;0;0.0;0.0;False;False;356;0.0;01;2135;02;False;0111301;True;0;8;2;0;1;0;0.0;False;0.0;3490150.22;1814;1924.01;3376.09;;;;;;;;;;;;;0
passivo_ambiental_auto;33645674000100;33645674;PI;3137869;soja;0.0;0.0;0;0.0;0.0;False;False;394;0.0;05;2062;02;False;0111301;True;0;3;1;0;0;2;28021.65;False;0.0;10177003.44;1015;10026.6;5071.94;;2744.9;-0.3095;14240.48;640.1;0.0766;0;0.6749;;;;;0
limpo;36261929000111;36261929;TO;2625906;soja;0.0;0.0;0;0.0;0.0;False;False;451;0.0;03;2062;02;False;0311601;True;0;7;1;0;0;0;0.0;False;0.0;7076252.67;3896;1816.29;5129.4;;4004.9;-0.3294;61983.79;1163.5;-0.1957;26;-0.2281;;;;;0
grupo_societario;10113187000193;10113187;MT;3047606;soja;0.0;0.0;0;116154.67;0.0;False;False;448;0.0;03;2240;02;False;0121101;True;0;7;14;8;3;0;0.0;False;0.0;3490150.22;1814;1924.01;3376.09;;;;;;;;;5;43866.63;571;2;0
passivo_ambiental_auto;30705405000196;30705405;MT;4091416;soja;0.0;0.0;0;2616536.17;0.0;False;False;504;0.0;01;2062;02;False;0113000;True;0;7;2;1;1;3;18653.49;False;0.0;9930345.71;3827;2594.81;2854.45;;2593.6;0.1175;64737.72;;;;;;;;;0
limpo;40298433000190;40298433;RS;5323473;soja;0.0;0.0;0;0.0;0.0;False;False;281;0.0;05;4014;02;False;0210101;True;0;1;2;2;1;0;0.0;False;0.0;5770153.78;3796;1520.06;6107.33;;4184.9;0.3046;1406.53;1150.1;-0.4716;32;0.0109;;;;;0
limpo;20745888000107;20745888;PR;4374686;soja;0.0;0.0;0;0.0;0.0;False;False;96;0.0;05;2062;02;False;0220901;True;1;5;1;0;0;0;0.0;False;0.0;;;;;;;;;;;;;;;;;0
limpo;78808477000195;78808477;MA;1813278;soja;0.0;0.0;0;0.0;0.0;False;False;302;0.0;05;4014;02;False;0151201;True;0;5;1;0;0;0;0.0;False;0.0;;;;;;3988.3;0.1576;4152.02;852.3;0.0456;18;-0.0187;;;;;0
limpo;49158452000195;49158452;RS;4372021;soja;0.0;0.0;0;0.0;0.0;False;False;290;0.0;05;2240;02;False;0151201;True;1;1;1;0;0;0;0.0;False;0.0;4702656.59;2724;1726.38;4444.47;;2871.3;-0.1436;6684.69;1363.1;-0.0476;4;-0.0304;;;;;0
limpo;59629263000107;59629263;TO;2782512;soja;0.0;0.0;0;0.0;0.0;False;False;39;0.0;01;2135;02;False;0311601;True;1;3;2;1;1;0;0.0;False;0.0;;;;;;2863.3;-0.1129;5150.27;910.7;0.2631;25;0.1329;;;;;0
limpo;95573823000112;95573823;RS;2897684;soja;0.0;0.0;0;0.0;0.0;False;False;59;0.0;03;2054;02;False;0151201;True;0;4;1;1;0;0;0.0;False;0.0;25576731.08;1000;25576.73;5293.87;;3022.4;-0.1789;34484.31;791.9;0.1416;23;-0.3386;3;9455.18;271;1;0
limpo;70239684000164;70239684;MT;3486350;soja;0.0;0.0;0;0.0;0.0;False;False;368;1543.07;03;2240;02;False;0151201;True;0;2;2;1;1;0;0.0;False;0.0;65163087.4;3987;16343.89;5719.93;;2279.5;0.0795;14132.81;;;;;;;;;0
divida_ativa;89017236000144;89017236;PA;3572518;soja;239831.53;165550.51;3;0.0;-69919.91;True;True;427;0.0;01;2054;02;False;0210101;True;0;5;2;1;0;0;0.0;False;0.0;8421494.89;3910;2153.84;5580.08;;;;;;;;;;;;;1
limpo;89743930000149;89743930;TO;2625906;soja;0.0;0.0;0;0.0;0.0;False;False;139;0.0;05;4014;02;False;0113000;True;1;3;2;1;1;0;0.0;False;0.0;7076252.67;3896;1816.29;5129.4;;4004.9;-0.3294;61983.79;1163.5;-0.1957;26;-0.2281;;;;;0
limpo;47095573000100;47095573;PR;4542087;soja;0.0;0.0;0;0.0;0.0;False;False;81;0.0;01;2054;02;False;0121101;True;0;1;2;1;1;0;0.0;False;0.0;2139970.45;3795;563.89;4484.0;;;;;;;;;;;;;0
limpo;36933352000147;36933352;PR;4542087;soja;0.0;0.0;0;0.0;0.0;False;False;114;34046.8;01;2062;02;False;0311601;True;0;8;1;0;0;0;0.0;False;0.0;2139970.45;3795;563.89;4484.0;;;;;;;;;1;15138.84;671;1;0
limpo;30348410000199;30348410;GO;3763424;soja;0.0;0.0;0;0.0;0.0;False;False;495;0.0;05;2062;02;False;0220901;True;0;7;2;2;1;0;0.0;False;0.0;2844536.11;3158;900.74;4170.84;;3496.6;-0.1391;1857.33;;;;;0;0.0;;0;0
limpo;50644896000110;50644896;MT;5020745;soja;0.0;0.0;0;0.0;0.0;False;False;88;1.0;03;2135;02;False;0113000;True;0;7;2;2;0;0;0.0;False;0.0;16832610.2;2938;5729.28;2659.43;;2865.5;-0.0685;23248.53;1087.1;-0.1985;10;0.5319;2;10337.34;648;2;0
limpo;35429494000109;35429494;PR;4168991;soja;0.0;0.0;0;0.0;0.0;False;False;559;0.0;03;4014;02;False;0133403;True;2;1;2;0;1;0;0.0;False;0.0;;;;;;3272.2;-0.2374;11409.04;801.1;0.1095;21;-0.0934;;;;;0
limpo;38410963000136;38410963;GO;3355082;soja;0.0;0.0;0;0.0;0.0;False;False;244;1610.37;01;2135;02;False;0133403;True;0;8;1;0;0;0;0.0;False;0.0;344902.69;1555;221.8;1341.28;;3426.5;-0.1292;14743.52;1302.6;0.1067;12;-0.0223;;;;;0
limpo;94914383000157;94914383;GO;2092240;soja;15593.6;12752.45;2;0.0;2744.19;False;True;213;0.0;05;2054;02;False;0210101;True;0;3;0;0;0;0;0.0;False;0.0;3025600.14;2445;1237.46;6478.28;;;;;;;;;;;;;0
divida_ativa;89602555000117;89602555;SP;4469177;soja;60705.11;8573.8;7;0.0;-246.35;True;True;47;0.0;05;4014;02;False;0121101;True;1;1;0;0;0;0;0.0;False;0.0;;;;;;;;;;;;;;;;;0
limpo;34080385000166;34080385;TO;2599733;soja;0.0;0.0;0;0.0;0.0;False;False;493;0.0;01;2135;02;False;0151201;True;0;7;2;0;0;0;0.0;False;0.0;1134944.18;1648;688.68;2399.35;;3673.1;0.0845;644740.4;;;;;;;;;0
limpo;77093782000185;77093782;GO;3355082;soja;0.0;0.0;0;0.0;0.0;False;False;126;360608.33;05;4014;02;False;0116401;True;0;4;1;1;0;0;0.0;False;0.0;344902.69;1555;221.8;1341.28;;3426.5;-0.1292;14743.52;1302.6;0.1067;12;-0.0223;;;;;0
divida_ativa;73674613000188;73674613;TO;2782512;soja;31291.58;1349.16;6;0.0;1493.78;True;False;470;0.0;05;2062;02;False;0220901;True;0;1;0;0;0;0;0.0;False;0.0;;;;;;2863.3;-0.1129;5150.27;910.7;0.2631;25;0.1329;;;;;0
limpo;41581408000181;41581408;PR;4374686;soja;0.0;0.0;0;0.0;0.0;False;False;241;1.0;03;2135;02;False;0111301;True;0;7;1;0;0;0;0.0;False;0.0;;;;;;;;;;;;;;;;;0
limpo;75016103000149;75016103;PR;4542087;soja;267666.34;36510.92;4;0.0;128598.88;True;True;67;0.0;01;2054;02;False;0133403;True;0;6;0;0;0;0;0.0;False;0.0;2139970.45;3795;563.89;4484.0;;;;;;;;;;;;;1
limpo;95630804000180;95630804;GO;2631798;soja;0.0;0.0;0;0.0;0.0;False;False;540;0.0;01;4014;02;False;0133403;True;1;5;2;0;1;0;0.0;False;0.0;14413700.4;13;1108746.18;6417.73;;3194.9;-0.0821;19788.09;1403.2;-0.2716;20;0.8262;;;;;0
limpo;68283876000126;68283876;RS;2897684;soja;0.0;0.0;0;0.0;0.0;False;False;433;18489.27;01;2054;02;False;0220901;True;0;7;2;1;0;0;0.0;False;0.0;25576731.08;1000;25576.73;5293.87;;3022.4;-0.1789;34484.31;791.9;0.1416;23;-0.3386;;;;;0
limpo;11667385000161;11667385;RS;2897684;soja;0.0;0.0;0;0.0;0.0;False;False;98;0.0;05;2240;02;False;0113000;True;0;1;0;0;0;0;0.0;False;0.0;25576731.08;1000;25576.73;5293.87;;3022.4;-0.1789;34484.31;791.9;0.1416;23;-0.3386;;;;;0
divida_ativa;64406548000119;64406548;BA;3797806;soja;6319.33;3964.15;7;0.0;-212.8;True;True;282;0.0;05;4014;02;False;0311601;True;1;2;1;1;0;0;0.0;False;0.0;4577751.8;3577;1279.77;1116.86;;3266.8;-0.1381;29664.1;1160.2;-0.1501;25;-0.5722;4;5627.5;693;2;0
limpo;72458605000131;72458605;PR;4374686;soja;0.0;0.0;0;0.0;0.0;False;False;215;0.0;03;2135;02;False;0220901;True;0;8;0;0;0;0;0.0;False;0.0;;;;;;;;;;;;;;;;;0
passivo_ambiental_auto;38158070000145;38158070;MT;1342092;soja;0.0;0.0;0;0.0;0.0;False;False;289;0.0;03;2240;02;False;0133403;True;0;2;0;0;0;6;7994.13;False;0.0;722846.84;2362;306.03;1988.84;;3594.8;0.0837;14558.01;663.4;-0.0379;31;0.4066;;;;;0
limpo;59411699000125;59411699;GO;2631798;soja;0.0;0.0;0;0.0;0.0;False;False;406;1.0;03;2062;02;False;0111301;True;0;2;0;0;0;0;0.0;False;0.0;14413700.4;13;1108746.18;6417.73;;3194.9;-0.0821;19788.09;1403.2;-0.2716;20;0.8262;;;;;0
limpo;37414797000183;37414797;GO;2856025;soja;0.0;0.0;0;0.0;0.0;False;False;491;0.0;03;2062;02;False;0151201;True;0;1;1;0;0;0;0.0;False;0.0;4215365.78;477;8837.24;5811.42;;1816.6;-0.0367;157568.54;1022.2;-0.0563;11;-0.2071;;;;;0
limpo;53796105000165;53796105;MT;4872493;soja;0.0;0.0;0;0.0;0.0;False;False;141;1.0;03;2135;02;False;0151201;True;0;6;2;1;0;0;0.0;False;0.0;12871579.85;766;16803.63;1283.72;;2678.2;-0.0379;315502.18;1164.2;-0.4814;30;-0.3935;;;;;0
limpo;32328873000114;32328873;GO;2631798;soja;0.0;0.0;0;0.0;0.0;False;False;163;0.0;01;2062;02;False;0210101;True;0;8;2;1;1;0;0.0;False;0.0;14413700.4;13;1108746.18;6417.73;;3194.9;-0.0821;19788.09;1403.2;-0.2716;20;0.8262;;;;;0
divida_ativa;99329049000150;99329049;MT;3047606;soja;68033.69;30508.29;3;0.0;-13797.78;True;False;154;92450.47;05;4014;02;False;0220901;True;0;5;1;1;0;0;0.0;False;0.0;3490150.22;1814;1924.01;3376.09;;;;;;;;;;;;;0
limpo;85864089000197;85864089;RS;4372021;soja;0.0;0.0;0;0.0;0.0;False;False;148;0.0;01;2240;02;False;0115600;True;0;4;1;1;0;0;0.0;False;0.0;4702656.59;2724;1726.38;4444.47;;2871.3;-0.1436;6684.69;1363.1;-0.0476;4;-0.0304;;;;;0
limpo;36192555000120;36192555;MA;2547930;soja;0.0;0.0;0;0.0;0.0;False;False;95;26588.49;03;2135;02;False;0133403;True;0;1;1;1;0;0;0.0;False;0.0;3056399.2;3421;893.42;2943.06;;3413.0;0.1153;12947.73;1079.8;-0.105;39;-0.2894;;;;;0
limpo;60040550000166;60040550;MT;3486350;soja;1696034.41;1234464.34;8;0.0;55100.46;False;True;440;0.0;03;2135;02;False;0311601;True;0;3;1;0;0;0;0.0;False;0.0;65163087.4;3987;16343.89;5719.93;;2279.5;0.0795;14132.81;;;;;3;19515.46;891;3;0
situacao_irregular;89279578000132;89279578;PR;4542087;soja;0.0;0.0;0;0.0;0.0;False;False;146;0.0;03;2240;04;True;0220901;True;0;5;1;1;0;0;0.0;False;0.0;2139970.45;3795;563.89;4484.0;;;;;;;;;;;;;0
limpo;10328387000163;10328387;BA;3797806;soja;0.0;0.0;0;0.0;0.0;False;False;300;0.0;03;2135;02;False;0115600;True;0;5;2;1;0;0;0.0;False;0.0;4577751.8;3577;1279.77;1116.86;;3266.8;-0.1381;29664.1;1160.2;-0.1501;25;-0.5722;;;;;0
limpo;85910136000191;85910136;MT;4091416;soja;0.0;0.0;0;0.0;0.0;False;False;530;1.0;01;2240;02;False;0113000;True;0;3;2;1;1;0;0.0;False;0.0;9930345.71;3827;2594.81;2854.45;;2593.6;0.1175;64737.72;;;;;;;;;0
limpo;17098551000132;17098551;GO;2092240;soja;0.0;0.0;0;0.0;0.0;False;False;84;0.0;05;2135;02;False;0111301;True;0;3;1;1;0;0;0.0;False;0.0;3025600.14;2445;1237.46;6478.28;;;;;;;;;6;136115.95;280;3;0
limpo;87852542000170;87852542;MT;4091416;soja;0.0;0.0;0;0.0;0.0;False;False;354;3725.0;01;2062;02;False;0116401;True;0;4;0;0;0;0;0.0;False;0.0;9930345.71;3827;2594.81;2854.45;;2593.6;0.1175;64737.72;;;;;;;;;0
limpo;80551927000159;80551927;MT;3047606;soja;0.0;0.0;0;0.0;0.0;False;False;84;0.0;01;2062;02;False;0133403;True;0;6;2;0;1;0;0.0;False;0.0;3490150.22;1814;1924.01;3376.09;;;;;;;;;;;;;0
limpo;55908520000199;55908520;GO;3838683;soja;0.0;0.0;0;0.0;0.0;False;False;151;0.0;03;2135;02;False;0116401;True;0;2;2;1;0;0;0.0;False;0.0;8577457.59;2126;4034.55;3501.48;;;;;;;;;;;;;0
divida_ativa;15706527000103;15706527;RS;1296511;soja;80164.69;9533.36;5;0.0;-4704.33;True;True;132;6284.57;01;4014;02;False;0116401;True;0;6;0;0;0;0;0.0;False;0.0;;;;;;;;;;;;;0;0.0;;0;0
grupo_societario;56685830000154;56685830;MG;2246509;soja;0.0;0.0;0;0.0;0.0;False;False;20;0.0;05;2135;02;False;0151201;True;0;1;22;3;3;0;0.0;False;0.0;18573077.57;406;45746.5;1183.29;;3809.0;-0.3511;358203.19;;;;;;;;;0
limpo;89105321000164;89105321;RS;1296511;soja;0.0;0.0;0;0.0;0.0;False;False;225;0.0;03;2062;02;False;0210101;True;0;2;0;0;0;0;0.0;False;0.0;;;;;;;;;;;;;;;;;0
divida_ativa;48691113000107;48691113;GO;2856025;soja;279377.09;127660.18;5;0.0;104171.93;True;True;444;0.0;01;2054;02;False;0210101;True;0;8;0;0;0;0;0.0;False;0.0;4215365.78;477;8837.24;5811.42;;1816.6;-0.0367;157568.54;1022.2;-0.0563;11;-0.2071;;;;;0
limpo;98388851000158;98388851;PI;4630374;soja;0.0;0.0;0;0.0;0.0;False;False;178;0.0;01;2240;02;False;0116401;True;0;7;1;0;0;0;0.0;False;0.0;13048266.74;1086;12014.98;3730.29;;4454.7;0.2245;24466.93;1518.2;0.2463;22;-0.0198;;;;;0
limpo;88103795000104;88103795;GO;2856025;soja;0.0;0.0;0;0.0;0.0;False;False;420;100607.96;05;2240;02;False;0113000;True;1;2;2;0;1;0;0.0;False;0.0;4215365.78;477;8837.24;5811.42;;1816.6;-0.0367;157568.54;1022.2;-0.0563;11;-0.2071;;;;;0
limpo;28066831000185;28066831;BA;1287110;soja;29592.87;17891.37;6;0.0;5846.76;True;True;538;1.0;03;2135;02;False;0151201;True;0;8;0;0;0;0;0.0;False;0.0;7170659.32;281;25518.36;5970.35;;3173.5;-0.0805;35165.31;;;;;;;;;0
limpo;82548572000174;82548572;MA;1849363;soja;0.0;0.0;0;0.0;0.0;False;False;466;0.0;03;2054;02;False;0133403;True;0;3;0;0;0;0;0.0;False;0.0;1890436.06;790;2392.96;3254.5;;2951.6;0.2319;11567.52;1244.5;-0.2244;14;0.2749;;;;;0
situacao_irregular;32031067000180;32031067;TO;5373788;soja;0.0;0.0;0;0.0;0.0;False;False;558;0.0;03;4014;04;True;0113000;True;0;7;1;1;0;0;0.0;False;0.0;;;;;;;;;;;;;;;;;0
limpo;57347151000138;57347151;MS;2167433;soja;0.0;0.0;0;0.0;0.0;False;False;363;1.0;05;2062;02;False;0210101;True;0;7;0;0;0;0;0.0;False;0.0;45698908.98;37;1235105.65;4640.03;;3388.1;-0.041;1178.06;747.3;0.3091;29;-0.1134;2;30123.05;368;2;0
limpo;41490443000195;41490443;GO;3763424;soja;0.0;0.0;0;0.0;0.0;False;False;26;0.0;01;2054;02;False;0121101;True;0;7;2;1;0;0;0.0;False;0.0;2844536.11;3158;900.74;4170.84;;3496.6;-0.1391;1857.33;;;;;5;21951.51;327;2;0
limpo;75546384000141;75546384;MT;4881066;soja;0.0;0.0;0;0.0;0.0;False;False;176;0.0;03;2054;02;False;0116401;True;0;2;1;0;0;0;0.0;False;0.0;;;;;;;;;;;;;;;;;0
passivo_ambiental_embargo;63959197000100;63959197;TO;5373788;soja;0.0;0.0;0;0.0;0.0;False;False;350;0.0;05;4014;02;False;0133403;True;0;6;2;0;1;12;97521.42;True;1516.4;;;;;;;;;;;;;;;;;0
limpo;36853878000117;36853878;GO;3763424;soja;0.0;0.0;0;0.0;0.0;False;False;25;0.0;05;2135;02;False;0311601;True;0;8;2;1;1;0;0.0;False;0.0;2844536.11;3158;900.74;4170.84;;3496.6;-0.1391;1857.33;;;;;;;;;0
limpo;36930522000130;36930522;PR;4168991;soja;0.0;0.0;0;0.0;0.0;False;False;426;0.0;01;2135;02;False;0121101;True;0;5;0;0;0;0;0.0;False;0.0;;;;;;3272.2;-0.2374;11409.04;801.1;0.1095;21;-0.0934;;;;;0
divida_ativa;41692809000109;41692809;PI;1498259;soja;57831.94;17959.16;8;0.0;2828.35;False;True;169;0.0;01;2240;02;False;0151201;True;0;3;0;0;0;0;0.0;False;0.0;5961831.05;452;13189.89;2292.48;;3510.9;-0.3402;43788.4;;;;;;;;;0
grupo_societario;75208604000127;75208604;GO;3355082;soja;0.0;0.0;0;0.0;0.0;False;False;422;1.0;05;2062;02;False;0121101;True;2;3;5;1;0;0;0.0;False;0.0;344902.69;1555;221.8;1341.28;;3426.5;-0.1292;14743.52;1302.6;0.1067;12;-0.0223;;;;;0
situacao_irregular;80055957000174;80055957;BA;3889457;soja;0.0;0.0;0;0.0;0.0;False;False;131;1.0;03;2240;08;True;0311601;True;0;4;2;1;0;0;0.0;False;0.0;;;;;;3266.5;0.0304;5248.27;1073.2;0.0666;5;0.3658;;;;;0
limpo;46849119000134;46849119;MT;4952487;soja;0.0;0.0;0;0.0;0.0;False;False;121;0.0;03;2054;02;False;0116401;True;2;3;2;1;1;0;0.0;False;0.0;;;;;;4283.3;-0.0501;26781.4;1142.6;-0.1312;16;-0.1184;5;39997.14;379;2;1
limpo;98882124000142;98882124;GO;3838683;soja;0.0;0.0;0;0.0;0.0;False;False;377;1.0;05;2062;02;False;0220901;True;1;8;2;1;0;0;0.0;False;0.0;8577457.59;2126;4034.55;3501.48;;;;;;;;;;;;;0
situacao_irregular;44297151000129;44297151;PI;4630374;soja;0.0;0.0;0;0.0;0.0;False;False;455;0.0;05;2054;04;True;0115600;True;0;2;0;0;0;0;0.0;False;0.0;13048266.74;1086;12014.98;3730.29;;4454.7;0.2245;24466.93;1518.2;0.2463;22;-0.0198;;;;;0
limpo;65426729000170;65426729;GO;2856025;soja;0.0;0.0;0;0.0;0.0;False;False;273;0.0;03;2054;02;False;0311601;True;0;6;1;1;0;0;0.0;False;0.0;4215365.78;477;8837.24;5811.42;;1816.6;-0.0367;157568.54;1022.2;-0.0563;11;-0.2071;;;;;0
limpo;94578152000110;94578152;TO;1628136;soja;0.0;0.0;0;0.0;0.0;False;False;90;0.0;01;4014;02;False;0113000;True;1;7;0;0;0;0;0.0;False;0.0;22713744.04;630;36053.56;4855.95;;;;;;;;;;;;;0
limpo;27919382000108;27919382;MT;4881066;soja;0.0;0.0;0;0.0;0.0;False;False;192;0.0;03;4014;02;False;0116401;True;0;1;1;0;0;0;0.0;False;0.0;;;;;;;;;;;;;;;;;0
limpo;32650041000110;32650041;TO;1926828;soja;42823.02;40563.83;2;2323187.05;5167.46;False;False;512;0.0;05;2135;02;False;0116401;True;2;5;2;1;1;0;0.0;False;0.0;1592038.63;3955;402.54;2086.07;;2103.1;-0.0625;2779.51;847.2;0.0075;25;0.3455;;;;;0
passivo_ambiental_auto;90541748000194;90541748;MT;3486350;soja;0.0;0.0;0;0.0;0.0;False;False;155;0.0;03;2135;02;False;0311601;True;0;4;1;1;0;12;620843.0;False;0.0;65163087.4;3987;16343.89;5719.93;;2279.5;0.0795;14132.81;;;;;;;;;0
limpo;38483372000199;38483372;TO;4589069;soja;0.0;0.0;0;0.0;0.0;False;False;59;0.0;01;2054;02;False;0210101;True;4;1;2;0;1;0;0.0;False;0.0;2443446.14;2744;890.47;4703.19;;2024.4;-0.0039;12496.35;1038.3;-0.1626;18;-0.1071;;;;;0
limpo;62975309000154;62975309;MS;2167433;soja;0.0;0.0;0;0.0;0.0;False;False;510;100715.95;03;2135;02;False;0111301;True;0;7;2;0;1;0;0.0;False;0.0;45698908.98;37;1235105.65;4640.03;;3388.1;-0.041;1178.06;747.3;0.3091;29;-0.1134;0;0.0;;0;0
limpo;47715268000173;47715268;GO;2092240;soja;0.0;0.0;0;0.0;0.0;False;False;276;0.0;03;2135;02;False;0210101;True;0;8;1;0;0;0;0.0;False;0.0;3025600.14;2445;1237.46;6478.28;;;;;;;;;;;;;0
limpo;34580812000175;34580812;TO;2782512;soja;18759.6;9284.33;8;0.0;5013.0;False;True;157;0.0;01;2135;02;False;0151201;True;0;3;2;2;1;0;0.0;False;0.0;;;;;;2863.3;-0.1129;5150.27;910.7;0.2631;25;0.1329;;;;;0
limpo;88322404000142;88322404;GO;3763424;soja;0.0;0.0;0;0.0;0.0;False;False;102;1.0;01;2240;02;False;0111301;True;0;2;2;1;0;3;110330.16;False;0.0;2844536.11;3158;900.74;4170.84;;3496.6;-0.1391;1857.33;;;;;;;;;1
passivo_ambiental_auto;98521869000186;98521869;BA;3797806;soja;0.0;0.0;0;0.0;0.0;False;False;469;0.0;05;4014;02;False;0113000;True;0;1;2;2;1;5;66674.07;False;0.0;4577751.8;3577;1279.77;1116.86;;3266.8;-0.1381;29664.1;1160.2;-0.1501;25;-0.5722;;;;;0
limpo;63533881000126;63533881;GO;3838683;soja;0.0;0.0;0;0.0;0.0;False;False;418;0.0;05;2135;02;False;0111301;True;0;7;1;1;0;0;0.0;False;0.0;8577457.59;2126;4034.55;3501.48;;;;;;;;;2;47257.51;684;1;0
limpo;69786268000105;69786268;BA;3889457;soja;0.0;0.0;0;0.0;0.0;False;False;383;0.0;03;2054;02;False;0111301;True;0;6;2;1;0;0;0.0;False;0.0;;;;;;3266.5;0.0304;5248.27;1073.2;0.0666;5;0.3658;;;;;0
situacao_irregular;80770150000113;80770150;TO;2782512;soja;0.0;0.0;0;0.0;0.0;False;False;158;23252.32;01;4014;08;True;0121101;True;0;1;1;0;0;0;0.0;False;0.0;;;;;;2863.3;-0.1129;5150.27;910.7;0.2631;25;0.1329;;;;;0
limpo;22681476000178;22681476;BA;3889457;soja;0.0;0.0;0;0.0;0.0;False;False;22;0.0;05;2054;02;False;0113000;True;1;7;1;0;0;0;0.0;False;0.0;;;;;;3266.5;0.0304;5248.27;1073.2;0.0666;5;0.3658;;;;;0
limpo;71068817000140;71068817;TO;5373788;soja;0.0;0.0;0;0.0;0.0;False;False;222;0.0;05;4014;02;False;0151201;True;1;2;1;1;0;0;0.0;False;0.0;;;;;;;;;;;;;;;;;1
limpo;98020116000197;98020116;PR;4374686;soja;0.0;0.0;0;0.0;0.0;False;False;375;0.0;05;2054;02;False;0151201;True;0;3;2;0;0;0;0.0;False;0.0;;;;;;;;;;;;;;;;;0
divida_ativa;35262608000179;35262608;TO;2395181;soja;11166.23;1620.83;4;0.0;2242.71;False;True;314;1.0;01;2054;02;False;0121101;True;0;3;0;0;0;0;0.0;False;0.0;5222030.27;3113;1677.49;5412.59;;4009.6;0.3374;16612.29;725.4;0.2591;36;-0.1239;;;;;0
limpo;75101884000170;75101884;TO;4589069;soja;0.0;0.0;0;0.0;0.0;False;False;407;0.0;01;2062;02;False;0121101;True;2;8;2;2;1;0;0.0;False;0.0;2443446.14;2744;890.47;4703.19;;2024.4;-0.0039;12496.35;1038.3;-0.1626;18;-0.1071;;;;;0
limpo;89327948000160;89327948;PI;4630374;soja;0.0;0.0;0;75584.45;0.0;False;False;280;1.0;03;2054;02;False;0111301;True;0;6;1;1;0;0;0.0;False;0.0;13048266.74;1086;12014.98;3730.29;;4454.7;0.2245;24466.93;1518.2;0.2463;22;-0.0198;;;;;0
divida_ativa;72980385000101;72980385;GO;2631798;soja;15664.03;9205.1;6;0.0;5995.61;False;True;306;0.0;03;2054;02;False;0210101;True;1;3;0;0;0;0;0.0;False;0.0;14413700.4;13;1108746.18;6417.73;;3194.9;-0.0821;19788.09;1403.2;-0.2716;20;0.8262;;;;;0
divida_ativa;21568480000161;21568480;GO;2631798;soja;73195.63;58079.45;8;0.0;-9695.03;True;True;273;0.0;01;2135;02;False;0220901;True;0;2;0;0;0;0;0.0;False;0.0;14413700.4;13;1108746.18;6417.73;;3194.9;-0.0821;19788.09;1403.2;-0.2716;20;0.8262;;;;;0
limpo;26198473000139;26198473;PR;4374686;soja;0.0;0.0;0;0.0;0.0;False;False;279;1.0;05;4014;02;False;0311601;True;0;1;1;1;0;0;0.0;False;0.0;;;;;;;;;;;;;;;;;0
grupo_societario;91949659000144;91949659;PR;4374686;soja;0.0;0.0;0;0.0;0.0;False;False;126;1.0;03;2135;02;False;0151201;True;0;8;6;5;0;0;0.0;False;0.0;;;;;;;;;;;;;;;;;0
limpo;28491507000104;28491507;MT;4091416;soja;0.0;0.0;0;0.0;0.0;False;False;491;0.0;05;2135;02;False;0111301;True;0;7;1;1;0;0;0.0;False;0.0;9930345.71;3827;2594.81;2854.45;;2593.6;0.1175;64737.72;;;;;;;;;0
limpo;40626070000174;40626070;RS;3466531;soja;0.0;0.0;0;0.0;0.0;False;False;376;91422.32;03;2135;02;False;0115600;True;0;2;1;0;0;0;0.0;False;0.0;3897875.17;1357;2872.42;4389.67;;;;;;;;;;;;;0
limpo;62783304000120;62783304;SP;1144522;soja;0.0;0.0;0;0.0;0.0;False;False;538;2171.07;05;4014;02;False;0151201;True;0;6;2;1;0;0;0.0;False;0.0;22685314.17;3452;6571.64;4478.12;;3859.7;-0.1003;15013.11;975.4;-0.3231;19;-0.3987;;;;;0
limpo;29711458000130;29711458;RS;3466531;soja;0.0;0.0;0;0.0;0.0;False;False;458;0.0;05;2054;02;False;0116401;True;1;2;0;0;0;0;0.0;False;0.0;3897875.17;1357;2872.42;4389.67;;;;;;;;;;;;;0
limpo;26912191000151;26912191;MT;4872493;soja;0.0;0.0;0;0.0;0.0;False;False;169;0.0;05;4014;02;False;0151201;True;0;5;0;0;0;0;0.0;False;0.0;12871579.85;766;16803.63;1283.72;;2678.2;-0.0379;315502.18;1164.2;-0.4814;30;-0.3935;5;136789.99;435;3;1
passivo_ambiental_auto;44863921000153;44863921;MA;2547930;soja;0.0;0.0;0;0.0;0.0;False;False;311;0.0;01;2054;02;False;0210101;True;2;4;1;1;0;2;42312.35;False;0.0;3056399.2;3421;893.42;2943.06;;3413.0;0.1153;12947.73;1079.8;-0.105;39;-0.2894;5;391007.62;589;3;1
limpo;43236783000110;43236783;MS;2167433;soja;0.0;0.0;0;0.0;0.0;False;False;441;1.0;01;2062;02;False;0115600;True;0;3;0;0;0;0;0.0;False;0.0;45698908.98;37;1235105.65;4640.03;;3388.1;-0.041;1178.06;747.3;0.3091;29;-0.1134;;;;;0
limpo;80632831000115;80632831;RS;5323473;soja;0.0;0.0;0;0.0;0.0;False;False;456;0.0;03;2054;02;False;0113000;True;0;3;1;1;0;0;0.0;False;0.0;5770153.78;3796;1520.06;6107.33;;4184.9;0.3046;1406.53;1150.1;-0.4716;32;0.0109;;;;;0
passivo_ambiental_auto;25845497000170;25845497;BA;3889457;soja;0.0;0.0;0;0.0;0.0;False;False;127;0.0;03;2062;02;False;0111301;True;0;5;1;0;0;8;317269.33;False;0.0;;;;;;3266.5;0.0304;5248.27;1073.2;0.0666;5;0.3658;2;71070.59;313;2;0
limpo;89138026000104;89138026;TO;2782512;soja;0.0;0.0;0;0.0;0.0;False;False;506;0.0;05;2240;02;False;0111301;True;1;7;1;1;0;0;0.0;False;0.0;;;;;;2863.3;-0.1129;5150.27;910.7;0.2631;25;0.1329;;;;;0
divida_ativa;73783961000193;73783961;MT;4872493;soja;87076.79;66324.54;8;0.0;24581.02;True;False;425;0.0;03;2240;02;False;0220901;True;0;8;2;2;1;0;0.0;False;0.0;12871579.85;766;16803.63;1283.72;;2678.2;-0.0379;315502.18;1164.2;-0.4814;30;-0.3935;;;;;0
divida_ativa;86771841000118;86771841;SP;1144522;soja;93221.16;60142.53;9;0.0;43267.17;False;False;540;0.0;03;4014;02;False;0115600;True;0;3;2;0;1;0;0.0;False;0.0;22685314.17;3452;6571.64;4478.12;;3859.7;-0.1003;15013.11;975.4;-0.3231;19;-0.3987;;;;;0
passivo_ambiental_auto;87786253000110;87786253;RS;2897684;soja;0.0;0.0;0;0.0;0.0;False;False;29;0.0;01;2054;02;False;0115600;True;1;6;2;1;1;10;9871708.41;False;0.0;25576731.08;1000;25576.73;5293.87;;3022.4;-0.1789;34484.31;791.9;0.1416;23;-0.3386;;;;;0
limpo;44299947000110;44299947;GO;2631798;soja;0.0;0.0;0;0.0;0.0;False;False;191;0.0;01;2240;02;False;0121101;True;0;3;1;1;0;0;0.0;False;0.0;14413700.4;13;1108746.18;6417.73;;3194.9;-0.0821;19788.09;1403.2;-0.2716;20;0.8262;;;;;0
limpo;42161649000134;42161649;PR;4374686;soja;0.0;0.0;0;0.0;0.0;False;False;281;0.0;03;4014;02;False;0121101;True;0;1;1;1;0;0;0.0;False;0.0;;;;;;;;;;;;;;;;;0
limpo;88674767000147;88674767;TO;2395181;soja;0.0;0.0;0;0.0;0.0;False;False;462;0.0;05;4014;02;False;0116401;True;1;3;2;1;0;0;0.0;False;0.0;5222030.27;3113;1677.49;5412.59;;4009.6;0.3374;16612.29;725.4;0.2591;36;-0.1239;;;;;0
grupo_societario;84511273000190;84511273;MA;1849363;soja;0.0;0.0;0;0.0;0.0;False;False;67;449408.53;03;2240;02;False;0311601;True;0;7;17;11;3;14;11517.21;False;0.0;1890436.06;790;2392.96;3254.5;;2951.6;0.2319;11567.52;1244.5;-0.2244;14;0.2749;;;;;0
limpo;50350996000133;50350996;MA;1849363;soja;0.0;0.0;0;0.0;0.0;False;False;221;0.0;03;2240;02;False;0151201;True;2;8;0;0;0;0;0.0;False;0.0;1890436.06;790;2392.96;3254.5;;2951.6;0.2319;11567.52;1244.5;-0.2244;14;0.2749;;;;;0
passivo_ambiental_embargo;55852776000121;55852776;GO;3763424;soja;0.0;0.0;0;0.0;0.0;False;False;8;0.0;01;2062;02;False;0113000;True;0;8;2;1;0;6;26606.01;True;2362.98;2844536.11;3158;900.74;4170.84;;3496.6;-0.1391;1857.33;;;;;5;10140.7;855;3;1
limpo;60516391000123;60516391;PR;4374686;soja;0.0;0.0;0;0.0;0.0;False;False;133;0.0;01;2054;02;False;0115600;True;0;1;0;0;0;0;0.0;False;0.0;;;;;;;;;;;;;;;;;0
situacao_irregular;58025924000122;58025924;PA;3572518;soja;0.0;0.0;0;0.0;0.0;False;False;377;0.0;03;4014;03;True;0116401;True;0;7;1;0;0;0;0.0;False;0.0;8421494.89;3910;2153.84;5580.08;;;;;;;;;;;;;0
limpo;36007403000100;36007403;GO;2856025;soja;0.0;0.0;0;0.0;0.0;False;False;72;0.0;05;2135;02;False;0220901;True;0;5;2;0;0;0;0.0;False;0.0;4215365.78;477;8837.24;5811.42;;1816.6;-0.0367;157568.54;1022.2;-0.0563;11;-0.2071;;;;;0
limpo;92470962000122;92470962;TO;4589069;soja;0.0;0.0;0;0.0;0.0;False;False;59;1.0;03;2054;02;False;0121101;True;0;8;1;1;0;0;0.0;False;0.0;2443446.14;2744;890.47;4703.19;;2024.4;-0.0039;12496.35;1038.3;-0.1626;18;-0.1071;4;6573.59;780;1;0
limpo;66379776000172;66379776;BA;1287110;soja;0.0;0.0;0;0.0;0.0;False;False;31;58100.4;01;2135;02;False;0116401;True;0;5;1;0;0;0;0.0;False;0.0;7170659.32;281;25518.36;5970.35;;3173.5;-0.0805;35165.31;;;;;;;;;0
passivo_ambiental_auto;89528133000149;89528133;MT;3486350;soja;0.0;0.0;0;0.0;0.0;False;False;354;1.0;03;4014;02;False;0116401;True;2;8;1;0;0;14;1850238.48;False;0.0;65163087.4;3987;16343.89;5719.93;;2279.5;0.0795;14132.81;;;;;;;;;0
grupo_societario;14475312000166;14475312;TO;2599733;soja;0.0;0.0;0;0.0;0.0;False;False;458;0.0;05;2054;02;False;0111301;True;0;1;25;17;0;0;0.0;False;0.0;1134944.18;1648;688.68;2399.35;;3673.1;0.0845;644740.4;;;;;2;73278.66;635;2;0
divida_ativa;93752957000175;93752957;GO;3838683;soja;10280.35;9046.07;2;0.0;4626.86;False;True;342;0.0;01;2062;02;False;0115600;True;0;2;1;0;0;8;33090.64;False;0.0;8577457.59;2126;4034.55;3501.48;;;;;;;;;;;;;0
limpo;42635373000189;42635373;TO;2625906;soja;0.0;0.0;0;0.0;0.0;False;False;372;0.0;05;2135;02;False;0113000;True;0;6;0;0;0;0;0.0;False;0.0;7076252.67;3896;1816.29;5129.4;;4004.9;-0.3294;61983.79;1163.5;-0.1957;26;-0.2281;;;;;0
limpo;98271886000102;98271886;MA;1813278;soja;0.0;0.0;0;0.0;0.0;False;False;358;0.0;01;2135;02;False;0111301;True;0;8;2;2;1;0;0.0;False;0.0;;;;;;3988.3;0.1576;4152.02;852.3;0.0456;18;-0.0187;;;;;0
passivo_ambiental_auto;85980240000152;85980240;MT;4872493;soja;0.0;0.0;0;0.0;0.0;False;False;49;0.0;01;2135;02;False;0116401;True;0;4;2;0;1;5;27947.69;False;0.0;12871579.85;766;16803.63;1283.72;;2678.2;-0.0379;315502.18;1164.2;-0.4814;30;-0.3935;;;;;0
passivo_ambiental_auto;60454028000120;60454028;MT;4872493;soja;0.0;0.0;0;0.0;0.0;False;False;36;0.0;01;2240;02;False;0133403;True;0;6;0;0;0;14;144350.62;False;0.0;12871579.85;766;16803.63;1283.72;;2678.2;-0.0379;315502.18;1164.2;-0.4814;30;-0.3935;;;;;1
limpo;45164890000105;45164890;MT;4952487;soja;0.0;0.0;0;0.0;0.0;False;False;274;1.0;01;2135;02;False;0121101;True;0;2;2;1;0;0;0.0;False;0.0;;;;;;4283.3;-0.0501;26781.4;1142.6;-0.1312;16;-0.1184;;;;;0
limpo;59976005000105;59976005;RS;2897684;soja;0.0;0.0;0;0.0;0.0;False;False;153;1.0;01;2135;02;False;0116401;True;0;6;2;1;1;0;0.0;False;0.0;25576731.08;1000;25576.73;5293.87;;3022.4;-0.1789;34484.31;791.9;0.1416;23;-0.3386;;;;;0
situacao_irregular;92681879000100;92681879;RS;2897684;soja;0.0;0.0;0;0.0;0.0;False;False;135;1.0;05;2054;08;True;0116401;True;0;8;0;0;0;0;0.0;False;0.0;25576731.08;1000;25576.73;5293.87;;3022.4;-0.1789;34484.31;791.9;0.1416;23;-0.3386;;;;;0
limpo;78264989000138;78264989;TO;2625906;soja;0.0;0.0;0;0.0;0.0;False;False;388;0.0;03;2054;02;False;0133403;True;0;7;2;2;0;0;0.0;False;0.0;7076252.67;3896;1816.29;5129.4;;4004.9;-0.3294;61983.79;1163.5;-0.1957;26;-0.2281;;;;;0
limpo;41458567000193;41458567;TO;1926828;soja;0.0;0.0;0;0.0;0.0;False;False;92;0.0;01;2240;02;False;0133403;True;0;4;1;0;0;0;0.0;False;0.0;1592038.63;3955;402.54;2086.07;;2103.1;-0.0625;2779.51;847.2;0.0075;25;0.3455;;;;;0
limpo;72753631000192;72753631;MT;4872493;soja;0.0;0.0;0;0.0;0.0;False;False;245;0.0;01;2240;02;False;0111301;True;0;2;1;1;0;0;0.0;False;0.0;12871579.85;766;16803.63;1283.72;;2678.2;-0.0379;315502.18;1164.2;-0.4814;30;-0.3935;;;;;0
limpo;83286377000186;83286377;PR;4542087;soja;0.0;0.0;0;0.0;0.0;False;False;287;0.0;05;2135;02;False;0220901;True;1;1;1;1;0;0;0.0;False;0.0;2139970.45;3795;563.89;4484.0;;;;;;;;;;;;;0
grupo_societario;87840078000100;87840078;PI;4630374;soja;0.0;0.0;0;0.0;0.0;False;False;239;0.0;05;2135;02;False;0133403;True;0;8;23;23;7;9;102878.28;False;0.0;13048266.74;1086;12014.98;3730.29;;4454.7;0.2245;24466.93;1518.2;0.2463;22;-0.0198;;;;;0
limpo;35212337000147;35212337;TO;2599733;soja;0.0;0.0;0;0.0;0.0;False;False;389;0.0;01;2240;02;False;0115600;True;0;6;1;1;0;0;0.0;False;0.0;1134944.18;1648;688.68;2399.35;;3673.1;0.0845;644740.4;;;;;;;;;0
divida_ativa;82155988000122;82155988;PA;3572518;soja;1023308.57;157273.56;6;0.0;347225.61;False;False;406;60176.72;01;2054;02;False;0111301;True;0;4;2;1;0;0;0.0;False;0.0;8421494.89;3910;2153.84;5580.08;;;;;;;;;;;;;0
limpo;50888822000129;50888822;RS;5323473;soja;0.0;0.0;0;0.0;0.0;False;False;33;0.0;01;2054;02;False;0151201;True;0;5;2;2;0;0;0.0;False;0.0;5770153.78;3796;1520.06;6107.33;;4184.9;0.3046;1406.53;1150.1;-0.4716;32;0.0109;;;;;0
limpo;33062057000174;33062057;MT;4091416;soja;0.0;0.0;0;0.0;0.0;False;False;495;1.0;03;2135;02;False;0113000;True;1;5;1;1;0;0;0.0;False;0.0;9930345.71;3827;2594.81;2854.45;;2593.6;0.1175;64737.72;;;;;;;;;0
situacao_irregular;88851835000104;88851835;RS;4372021;soja;0.0;0.0;0;0.0;0.0;False;False;414;0.0;01;4014;03;True;0210101;True;1;8;1;1;0;0;0.0;False;0.0;4702656.59;2724;1726.38;4444.47;;2871.3;-0.1436;6684.69;1363.1;-0.0476;4;-0.0304;;;;;0
limpo;71244438000163;71244438;TO;2599733;soja;0.0;0.0;0;0.0;0.0;False;False;431;0.0;05;2054;02;False;0133403;True;0;3;1;0;0;0;0.0;False;0.0;1134944.18;1648;688.68;2399.35;;3673.1;0.0845;644740.4;;;;;;;;;0
limpo;31197304000114;31197304;GO;3355082;soja;0.0;0.0;0;0.0;0.0;False;False;228;1.0;03;4014;02;False;0111301;True;3;2;1;0;0;0;0.0;False;0.0;344902.69;1555;221.8;1341.28;;3426.5;-0.1292;14743.52;1302.6;0.1067;12;-0.0223;;;;;0
limpo;77922837000112;77922837;SP;1144522;soja;16162.29;6454.28;4;0.0;-4709.85;True;False;340;0.0;03;2054;02;False;0133403;True;0;4;2;2;1;7;3940.56;False;0.0;22685314.17;3452;6571.64;4478.12;;3859.7;-0.1003;15013.11;975.4;-0.3231;19;-0.3987;;;;;1
passivo_ambiental_auto;32896080000100;32896080;MG;2246509;soja;0.0;0.0;0;0.0;0.0;False;False;178;0.0;01;2240;02;False;0113000;True;0;3;2;0;0;2;617630.78;False;0.0;18573077.57;406;45746.5;1183.29;;3809.0;-0.3511;358203.19;;;;;;;;;0
passivo_ambiental_auto;80179022000108;80179022;MA;2547930;soja;0.0;0.0;0;0.0;0.0;False;False;59;0.0;01;2054;02;False;0116401;True;1;6;2;0;0;11;19306.73;False;0.0;3056399.2;3421;893.42;2943.06;;3413.0;0.1153;12947.73;1079.8;-0.105;39;-0.2894;;;;;1
limpo;11954205000122;11954205;BA;1993507;soja;0.0;0.0;0;0.0;0.0;False;False;177;0.0;01;2054;02;False;0220901;True;0;6;2;1;0;0;0.0;False;0.0;;;;;;3041.8;-0.0835;4445.58;1427.8;0.2926;16;-0.2083;4;49400.48;441;1;0
limpo;33303091000193;33303091;PI;3137869;soja;393107.82;180348.41;2;0.0;-30361.25;False;True;229;0.0;05;2054;02;False;0111301;True;0;3;0;0;0;0;0.0;False;0.0;10177003.44;1015;10026.6;5071.94;;2744.9;-0.3095;14240.48;640.1;0.0766;0;0.6749;;;;;0
limpo;94674464000127;94674464;PI;3137869;soja;0.0;0.0;0;0.0;0.0;False;False;331;29630.26;01;4014;02;False;0311601;True;0;4;2;2;0;0;0.0;False;0.0;10177003.44;1015;10026.6;5071.94;;2744.9;-0.3095;14240.48;640.1;0.0766;0;0.6749;;;;;0
divida_ativa;26650536000146;26650536;TO;2625906;soja;25139.42;6122.6;2;0.0;-9.58;True;True;215;0.0;01;4014;02;False;0133403;True;0;6;2;0;1;0;0.0;False;0.0;7076252.67;3896;1816.29;5129.4;;4004.9;-0.3294;61983.79;1163.5;-0.1957;26;-0.2281;;;;;0
limpo;65686049000195;65686049;GO;3355082;soja;0.0;0.0;0;0.0;0.0;False;False;216;0.0;05;2135;02;False;0116401;True;0;7;0;0;0;0;0.0;False;0.0;344902.69;1555;221.8;1341.28;;3426.5;-0.1292;14743.52;1302.6;0.1067;12;-0.0223;;;;;0
limpo;10811032000120;10811032;MT;4952487;soja;0.0;0.0;0;0.0;0.0;False;False;134;0.0;05;4014;02;False;0116401;True;0;2;0;0;0;0;0.0;False;0.0;;;;;;4283.3;-0.0501;26781.4;1142.6;-0.1312;16;-0.1184;3;24493.0;741;1;0
limpo;50681488000138;50681488;MT;4952487;soja;0.0;0.0;0;0.0;0.0;False;False;374;0.0;01;2054;02;False;0133403;True;0;7;2;0;1;0;0.0;False;0.0;;;;;;4283.3;-0.0501;26781.4;1142.6;-0.1312;16;-0.1184;;;;;1
limpo;21171324000162;21171324;MS;2167433;soja;0.0;0.0;0;0.0;0.0;False;False;395;0.0;03;2240;02;False;0121101;True;0;8;2;0;1;0;0.0;False;0.0;45698908.98;37;1235105.65;4640.03;;3388.1;-0.041;1178.06;747.3;0.3091;29;-0.1134;;;;;0
limpo;35451146000138;35451146;RS;1296511;soja;9686.7;4760.56;7;0.0;4614.69;True;True;78;0.0;01;2062;02;False;0121101;True;1;3;2;0;1;0;0.0;False;0.0;;;;;;;;;;;;;;;;;0
limpo;75581713000195;75581713;MT;5020745;soja;0.0;0.0;0;0.0;0.0;False;False;254;0.0;03;2062;02;False;0113000;True;0;8;0;0;0;0;0.0;False;0.0;16832610.2;2938;5729.28;2659.43;;2865.5;-0.0685;23248.53;1087.1;-0.1985;10;0.5319;;;;;0
limpo;90819114000150;90819114;TO;2782512;soja;0.0;0.0;0;0.0;0.0;False;False;399;0.0;05;2062;02;False;0220901;True;1;7;0;0;0;0;0.0;False;0.0;;;;;;2863.3;-0.1129;5150.27;910.7;0.2631;25;0.1329;1;52007.85;312;1;0
divida_ativa;21928391000189;21928391;BA;1993507;soja;13480.0;4642.42;3;0.0;-1784.48;False;False;12;41484.38;01;2054;02;False;0220901;True;0;5;2;2;1;0;0.0;False;0.0;;;;;;3041.8;-0.0835;4445.58;1427.8;0.2926;16;-0.2083;;;;;0
limpo;28029744000158;28029744;MT;4091416;soja;0.0;0.0;0;0.0;0.0;False;False;66;1.0;01;2240;02;False;0121101;True;0;2;0;0;0;0;0.0;False;0.0;9930345.71;3827;2594.81;2854.45;;2593.6;0.1175;64737.72;;;;;;;;;0
limpo;21503407000101;21503407;SP;1144522;soja;0.0;0.0;0;0.0;0.0;False;False;109;0.0;03;2062;02;False;0311601;True;1;1;1;0;0;0;0.0;False;0.0;22685314.17;3452;6571.64;4478.12;;3859.7;-0.1003;15013.11;975.4;-0.3231;19;-0.3987;4;27774.3;813;1;0
passivo_ambiental_embargo;45679876000144;45679876;RS;3466531;soja;0.0;0.0;0;0.0;0.0;False;False;357;188876.32;05;2054;02;False;0121101;True;0;6;1;1;0;13;1167.86;True;14.24;3897875.17;1357;2872.42;4389.67;;;;;;;;;;;;;0
divida_ativa;28637880000120;28637880;PI;4630374;soja;121223.86;30128.69;8;0.0;27530.05;False;True;198;0.0;05;2240;02;False;0115600;True;0;1;0;0;0;12;27453.37;False;0.0;13048266.74;1086;12014.98;3730.29;;4454.7;0.2245;24466.93;1518.2;0.2463;22;-0.0198;;;;;0
limpo;41347711000114;41347711;MT;4881066;soja;0.0;0.0;0;0.0;0.0;False;False;493;348495.08;05;2054;02;False;0151201;True;0;3;2;2;0;0;0.0;False;0.0;;;;;;;;;;;;;;;;;0
limpo;83651529000100;83651529;TO;2599733;soja;0.0;0.0;0;0.0;0.0;False;False;255;0.0;05;2062;02;False;0111301;True;0;1;1;0;0;0;0.0;False;0.0;1134944.18;1648;688.68;2399.35;;3673.1;0.0845;644740.4;;;;;;;;;0
limpo;44578317000185;44578317;MG;2246509;soja;0.0;0.0;0;0.0;0.0;False;False;509;0.0;05;2240;02;False;0116401;True;1;2;2;2;1;0;0.0;False;0.0;18573077.57;406;45746.5;1183.29;;3809.0;-0.3511;358203.19;;;;;;;;;0
limpo;85416933000117;85416933;MS;2167433;soja;0.0;0.0;0;0.0;0.0;False;False;97;0.0;05;2135;02;False;0111301;True;0;3;0;0;0;0;0.0;False;0.0;45698908.98;37;1235105.65;4640.03;;3388.1;-0.041;1178.06;747.3;0.3091;29;-0.1134;;;;;0
limpo;10225283000123;10225283;MS;2167433;soja;0.0;0.0;0;0.0;0.0;False;False;379;1.0;01;4014;02;False;0311601;True;0;2;0;0;0;0;0.0;False;0.0;45698908.98;37;1235105.65;4640.03;;3388.1;-0.041;1178.06;747.3;0.3091;29;-0.1134;;;;;0
passivo_ambiental_auto;52402900000169;52402900;MA;1849363;soja;0.0;0.0;0;0.0;0.0;False;False;296;0.0;05;2062;02;False;0311601;True;0;2;1;1;0;14;3018.63;False;0.0;1890436.06;790;2392.96;3254.5;;2951.6;0.2319;11567.52;1244.5;-0.2244;14;0.2749;;;;;0
limpo;60560976000140;60560976;SP;4469177;soja;80525.77;65259.59;1;0.0;25835.16;False;False;312;15144.45;05;2135;02;False;0115600;True;0;6;0;0;0;0;0.0;False;0.0;;;;;;;;;;;;;;;;;0
passivo_ambiental_embargo;62527814000136;62527814;RS;1296511;soja;0.0;0.0;0;0.0;0.0;False;False;409;0.0;03;4014;02;False;0115600;True;1;5;2;1;0;12;13312.78;True;1449.91;;;;;;;;;;;;;;;;;0
limpo;36260378000171;36260378;SP;4469177;soja;0.0;0.0;0;0.0;0.0;False;False;157;0.0;03;2135;02;False;0115600;True;0;8;2;0;0;14;32891.13;False;0.0;;;;;;;;;;;;;;;;;0
limpo;89643778000122;89643778;BA;3889457;soja;0.0;0.0;0;0.0;0.0;False;False;506;0.0;05;2135;02;False;0121101;True;1;2;2;1;1;0;0.0;False;0.0;;;;;;3266.5;0.0304;5248.27;1073.2;0.0666;5;0.3658;;;;;0
limpo;11557250000143;11557250;TO;1628136;soja;0.0;0.0;0;0.0;0.0;False;False;497;0.0;05;2062;02;False;0311601;True;0;8;1;1;0;0;0.0;False;0.0;22713744.04;630;36053.56;4855.95;;;;;;;;;;;;;0
limpo;82143514000160;82143514;PI;3137869;soja;0.0;0.0;0;0.0;0.0;False;False;548;0.0;05;4014;02;False;0220901;True;0;2;0;0;0;0;0.0;False;0.0;10177003.44;1015;10026.6;5071.94;;2744.9;-0.3095;14240.48;640.1;0.0766;0;0.6749;;;;;0
grupo_societario;25747238000106;25747238;SP;4469177;soja;0.0;0.0;0;0.0;0.0;False;False;46;0.0;01;2135;02;False;0111301;True;0;1;8;1;0;0;0.0;False;0.0;;;;;;;;;;;;;4;9277.26;178;2;0
limpo;50345846000131;50345846;GO;3763424;soja;3931015.15;1748988.39;8;0.0;464382.64;False;True;557;0.0;05;2062;02;False;0115600;True;0;4;1;0;0;0;0.0;False;0.0;2844536.11;3158;900.74;4170.84;;3496.6;-0.1391;1857.33;;;;;;;;;0
grupo_societario;90818451000123;90818451;SP;4469177;soja;0.0;0.0;0;0.0;0.0;False;False;267;0.0;05;2135;02;False;0121101;True;0;5;11;10;3;0;0.0;False;0.0;;;;;;;;;;;;;;;;;0
limpo;19470140000151;19470140;TO;2782512;soja;0.0;0.0;0;0.0;0.0;False;False;529;0.0;03;2135;02;False;0210101;True;3;7;2;1;0;0;0.0;False;0.0;;;;;;2863.3;-0.1129;5150.27;910.7;0.2631;25;0.1329;;;;;0
limpo;26726377000116;26726377;RS;2897684;soja;0.0;0.0;0;0.0;0.0;False;False;347;1.0;01;2135;02;False;0151201;True;0;7;1;0;0;0;0.0;False;0.0;25576731.08;1000;25576.73;5293.87;;3022.4;-0.1789;34484.31;791.9;0.1416;23;-0.3386;0;0.0;;0;0
limpo;51144384000157;51144384;PR;4374686;soja;0.0;0.0;0;0.0;0.0;False;False;283;0.0;01;2135;02;False;0210101;True;2;7;0;0;0;0;0.0;False;0.0;;;;;;;;;;;;;;;;;0
grupo_societario;81361168000124;81361168;PA;3572518;soja;0.0;0.0;0;251641.69;0.0;False;False;135;0.0;05;2240;02;False;0115600;True;1;6;15;7;6;0;0.0;False;0.0;8421494.89;3910;2153.84;5580.08;;;;;;;;;;;;;0
limpo;57513265000100;57513265;MT;4952487;soja;0.0;0.0;0;0.0;0.0;False;False;240;0.0;01;2240;02;False;0121101;True;1;2;1;0;0;0;0.0;False;0.0;;;;;;4283.3;-0.0501;26781.4;1142.6;-0.1312;16;-0.1184;;;;;0
limpo;17705644000188;17705644;TO;2599733;soja;0.0;0.0;0;0.0;0.0;False;False;526;36954.61;01;2054;02;False;0133403;True;0;2;1;1;0;0;0.0;False;0.0;1134944.18;1648;688.68;2399.35;;3673.1;0.0845;644740.4;;;;;;;;;0
divida_ativa;81715863000147;81715863;MA;1813278;soja;634694.49;634166.37;9;0.0;-168901.86;False;True;542;1.0;01;2062;02;False;0210101;True;1;6;0;0;0;0;0.0;False;0.0;;;;;;3988.3;0.1576;4152.02;852.3;0.0456;18;-0.0187;;;;;0
limpo;32881970000130;32881970;MT;3486350;soja;0.0;0.0;0;0.0;0.0;False;False;126;0.0;03;2240;02;False;0151201;True;0;7;2;0;1;0;0.0;False;0.0;65163087.4;3987;16343.89;5719.93;;2279.5;0.0795;14132.81;;;;;;;;;0
limpo;14755216000171;14755216;TO;1628136;soja;0.0;0.0;0;0.0;0.0;False;False;311;0.0;01;2240;02;False;0113000;True;0;1;1;0;0;0;0.0;False;0.0;22713744.04;630;36053.56;4855.95;;;;;;;;;3;27690.68;205;1;0
limpo;75419352000185;75419352;TO;2782512;soja;58959.03;25254.6;3;0.0;-4977.01;False;False;455;0.0;03;2054;02;False;0115600;True;0;4;1;0;0;0;0.0;False;0.0;;;;;;2863.3;-0.1129;5150.27;910.7;0.2631;25;0.1329;;;;;0
limpo;54454724000134;54454724;GO;2092240;soja;0.0;0.0;0;0.0;0.0;False;False;127;0.0;05;2054;02;False;0113000;True;0;7;0;0;0;0;0.0;False;0.0;3025600.14;2445;1237.46;6478.28;;;;;;;;;;;;;0
limpo;24479352000130;24479352;MS;2167433;soja;0.0;0.0;0;0.0;0.0;False;False;356;0.0;05;2062;02;False;0121101;True;0;5;1;1;0;0;0.0;False;0.0;45698908.98;37;1235105.65;4640.03;;3388.1;-0.041;1178.06;747.3;0.3091;29;-0.1134;;;;;0
limpo;78617449000190;78617449;RS;2897684;soja;0.0;0.0;0;0.0;0.0;False;False;445;0.0;05;2062;02;False;0220901;True;0;4;0;0;0;0;0.0;False;0.0;25576731.08;1000;25576.73;5293.87;;3022.4;-0.1789;34484.31;791.9;0.1416;23;-0.3386;;;;;0
limpo;29961679000167;29961679;MT;1342092;soja;0.0;0.0;0;0.0;0.0;False;False;24;0.0;01;2062;02;False;0121101;True;0;5;0;0;0;0;0.0;False;0.0;722846.84;2362;306.03;1988.84;;3594.8;0.0837;14558.01;663.4;-0.0379;31;0.4066;;;;;0
limpo;67186933000196;67186933;BA;1287110;soja;0.0;0.0;0;0.0;0.0;False;False;365;0.0;01;2240;02;False;0115600;True;0;1;2;0;1;0;0.0;False;0.0;7170659.32;281;25518.36;5970.35;;3173.5;-0.0805;35165.31;;;;;1;132811.37;295;1;0
limpo;34808805000188;34808805;GO;3838683;soja;0.0;0.0;0;14206.2;0.0;False;False;345;0.0;03;4014;02;False;0220901;True;0;4;1;1;0;0;0.0;False;0.0;8577457.59;2126;4034.55;3501.48;;;;;;;;;;;;;0
situacao_irregular;27513454000112;27513454;TO;2599733;soja;0.0;0.0;0;0.0;0.0;False;False;203;0.0;01;2062;08;True;0220901;True;0;5;2;2;1;0;0.0;False;0.0;1134944.18;1648;688.68;2399.35;;3673.1;0.0845;644740.4;;;;;;;;;0
limpo;30625554000145;30625554;TO;1926828;soja;14323.58;12770.71;9;0.0;5957.61;False;False;452;0.0;03;4014;02;False;0220901;True;1;3;2;2;1;0;0.0;False;0.0;1592038.63;3955;402.54;2086.07;;2103.1;-0.0625;2779.51;847.2;0.0075;25;0.3455;;;;;0
limpo;85990691000170;85990691;GO;2092240;soja;0.0;0.0;0;0.0;0.0;False;False;531;154315.36;03;4014;02;False;0121101;True;0;5;0;0;0;0;0.0;False;0.0;3025600.14;2445;1237.46;6478.28;;;;;;;;;;;;;0
limpo;39233657000134;39233657;MA;1813278;soja;0.0;0.0;0;0.0;0.0;False;False;231;0.0;03;4014;02;False;0111301;True;0;1;2;2;0;8;1595259.21;False;0.0;;;;;;3988.3;0.1576;4152.02;852.3;0.0456;18;-0.0187;;;;;0
limpo;47279846000176;47279846;PR;4168991;soja;0.0;0.0;0;0.0;0.0;False;False;553;0.0;05;2240;02;False;0311601;True;2;6;0;0;0;0;0.0;False;0.0;;;;;;3272.2;-0.2374;11409.04;801.1;0.1095;21;-0.0934;;;;;0
limpo;27933045000175;27933045;MT;3047606;soja;0.0;0.0;0;100521.75;0.0;False;False;292;0.0;01;4014;02;False;0311601;True;0;7;1;1;0;0;0.0;False;0.0;3490150.22;1814;1924.01;3376.09;;;;;;;;;;;;;0
limpo;37369495000130;37369495;BA;1287110;soja;0.0;0.0;0;0.0;0.0;False;False;383;0.0;03;2062;02;False;0133403;True;0;3;1;0;0;0;0.0;False;0.0;7170659.32;281;25518.36;5970.35;;3173.5;-0.0805;35165.31;;;;;;;;;0
limpo;12824921000158;12824921;MT;4952487;soja;0.0;0.0;0;0.0;0.0;False;False;442;0.0;05;2054;02;False;0111301;True;0;3;1;0;0;0;0.0;False;0.0;;;;;;4283.3;-0.0501;26781.4;1142.6;-0.1312;16;-0.1184;;;;;0
limpo;11818926000105;11818926;TO;2395181;soja;0.0;0.0;0;0.0;0.0;False;False;19;1.0;01;2062;02;False;0220901;True;0;6;0;0;0;0;0.0;False;0.0;5222030.27;3113;1677.49;5412.59;;4009.6;0.3374;16612.29;725.4;0.2591;36;-0.1239;;;;;0
limpo;74481609000166;74481609;TO;2599733;soja;0.0;0.0;0;0.0;0.0;False;False;279;0.0;01;2062;02;False;0115600;True;0;5;0;0;0;0;0.0;False;0.0;1134944.18;1648;688.68;2399.35;;3673.1;0.0845;644740.4;;;;;;;;;0
limpo;40106747000143;40106747;BA;1993507;soja;447803.69;128450.79;7;0.0;121749.3;False;True;118;0.0;03;2240;02;False;0111301;True;0;2;0;0;0;0;0.0;False;0.0;;;;;;3041.8;-0.0835;4445.58;1427.8;0.2926;16;-0.2083;;;;;0
situacao_irregular;91135473000151;91135473;TO;2599733;soja;0.0;0.0;0;0.0;0.0;False;False;314;0.0;03;2240;03;True;0111301;True;0;8;2;2;1;0;0.0;False;0.0;1134944.18;1648;688.68;2399.35;;3673.1;0.0845;644740.4;;;;;;;;;0
divida_ativa;29950518000178;29950518;PR;4542087;soja;20932.01;16443.06;8;0.0;-4384.6;False;False;154;0.0;01;2135;02;False;0121101;True;0;8;0;0;0;0;0.0;False;0.0;2139970.45;3795;563.89;4484.0;;;;;;;;;;;;;0
grupo_societario;90764593000155;90764593;TO;4589069;soja;0.0;0.0;0;0.0;0.0;False;False;557;0.0;05;4014;02;False;0116401;True;0;7;23;16;9;0;0.0;False;0.0;2443446.14;2744;890.47;4703.19;;2024.4;-0.0039;12496.35;1038.3;-0.1626;18;-0.1071;;;;;0
divida_ativa;41567079000114;41567079;BA;1287110;soja;227333.03;3899.82;9;0.0;-43903.89;True;False;375;1.0;01;2240;02;False;0133403;True;0;7;0;0;0;0;0.0;False;0.0;7170659.32;281;25518.36;5970.35;;3173.5;-0.0805;35165.31;;;;;;;;;0
limpo;28495379000177;28495379;BA;1287110;soja;0.0;0.0;0;0.0;0.0;False;False;386;0.0;01;4014;02;False;0111301;True;0;3;0;0;0;0;0.0;False;0.0;7170659.32;281;25518.36;5970.35;;3173.5;-0.0805;35165.31;;;;;;;;;0
limpo;42889491000113;42889491;MT;4091416;soja;0.0;0.0;0;0.0;0.0;False;False;546;0.0;03;2054;02;False;0121101;True;0;8;1;0;0;0;0.0;False;0.0;9930345.71;3827;2594.81;2854.45;;2593.6;0.1175;64737.72;;;;;;;;;0
situacao_irregular;14310953000160;14310953;MA;2547930;soja;0.0;0.0;0;0.0;0.0;False;False;471;0.0;03;4014;08;True;0220901;True;0;4;0;0;0;0;0.0;False;0.0;3056399.2;3421;893.42;2943.06;;3413.0;0.1153;12947.73;1079.8;-0.105;39;-0.2894;;;;;0
limpo;22339511000175;22339511;SP;1144522;soja;0.0;0.0;0;0.0;0.0;False;False;407;0.0;05;4014;02;False;0311601;True;1;8;0;0;0;0;0.0;False;0.0;22685314.17;3452;6571.64;4478.12;;3859.7;-0.1003;15013.11;975.4;-0.3231;19;-0.3987;;;;;0
limpo;61065827000178;61065827;TO;1628136;soja;0.0;0.0;0;0.0;0.0;False;False;377;0.0;03;2062;02;False;0116401;True;0;2;2;0;0;0;0.0;False;0.0;22713744.04;630;36053.56;4855.95;;;;;;;;;;;;;0
limpo;37075194000102;37075194;TO;5373788;soja;0.0;0.0;0;0.0;0.0;False;False;501;0.0;03;2062;02;False;0151201;True;0;6;1;1;0;0;0.0;False;0.0;;;;;;;;;;;;;4;70191.44;746;2;0
limpo;54468774000170;54468774;TO;4589069;soja;0.0;0.0;0;28490883.49;0.0;False;False;397;0.0;01;2240;02;False;0113000;True;0;8;0;0;0;0;0.0;False;0.0;2443446.14;2744;890.47;4703.19;;2024.4;-0.0039;12496.35;1038.3;-0.1626;18;-0.1071;;;;;0
limpo;41080809000158;41080809;PR;4168991;soja;0.0;0.0;0;0.0;0.0;False;False;519;0.0;05;4014;02;False;0220901;True;1;6;2;1;0;0;0.0;False;0.0;;;;;;3272.2;-0.2374;11409.04;801.1;0.1095;21;-0.0934;;;;;0
limpo;67834613000103;67834613;MT;4091416;soja;17622.4;1321.65;3;0.0;8732.32;True;True;322;0.0;01;2054;02;False;0111301;True;0;3;2;1;0;0;0.0;False;0.0;9930345.71;3827;2594.81;2854.45;;2593.6;0.1175;64737.72;;;;;;;;;1
limpo;21976146000147;21976146;RS;4372021;soja;0.0;0.0;0;0.0;0.0;False;False;458;0.0;01;2062;02;False;0311601;True;0;6;1;1;0;0;0.0;False;0.0;4702656.59;2724;1726.38;4444.47;;2871.3;-0.1436;6684.69;1363.1;-0.0476;4;-0.0304;;;;;0
situacao_irregular;27311971000109;27311971;TO;2625906;soja;0.0;0.0;0;0.0;0.0;False;False;275;1.0;05;2062;04;True;0311601;True;2;1;1;0;0;0;0.0;False;0.0;7076252.67;3896;1816.29;5129.4;;4004.9;-0.3294;61983.79;1163.5;-0.1957;26;-0.2281;;;;;0
limpo;31234023000194;31234023;PI;3137869;soja;0.0;0.0;0;0.0;0.0;False;False;483;0.0;05;2054;02;False;0111301;True;0;2;0;0;0;0;0.0;False;0.0;10177003.44;1015;10026.6;5071.94;;2744.9;-0.3095;14240.48;640.1;0.0766;0;0.6749;;;;;0
divida_ativa;36772544000119;36772544;PI;4630374;soja;100081.94;99725.47;8;0.0;29326.79;True;True;165;78699.67;05;2062;02;False;0311601;True;1;1;0;0;0;0;0.0;False;0.0;13048266.74;1086;12014.98;3730.29;;4454.7;0.2245;24466.93;1518.2;0.2463;22;-0.0198;;;;;0
divida_ativa;73539966000175;73539966;MT;4091416;soja;120875.98;115151.9;7;0.0;25208.67;True;True;420;0.0;05;2054;02;False;0121101;True;0;5;0;0;0;0;0.0;False;0.0;9930345.71;3827;2594.81;2854.45;;2593.6;0.1175;64737.72;;;;;;;;;0
limpo;67516899000170;67516899;MA;2547930;soja;0.0;0.0;0;0.0;0.0;False;False;554;0.0;01;2054;02;False;0210101;True;1;7;0;0;0;0;0.0;False;0.0;3056399.2;3421;893.42;2943.06;;3413.0;0.1153;12947.73;1079.8;-0.105;39;-0.2894;;;;;0
divida_ativa;90145249000188;90145249;MT;3047606;soja;13173.51;12993.93;6;63574.82;5496.0;False;True;330;0.0;05;2054;02;False;0151201;True;0;1;2;1;0;0;0.0;False;0.0;3490150.22;1814;1924.01;3376.09;;;;;;;;;;;;;0
grupo_societario;23078988000107;23078988;PR;4168991;soja;6190.08;2337.11;6;0.0;-910.39;False;False;385;1.0;01;2240;02;False;0151201;True;0;2;9;7;3;0;0.0;False;0.0;;;;;;3272.2;-0.2374;11409.04;801.1;0.1095;21;-0.0934;;;;;0
limpo;82808690000174;82808690;MT;5020745;soja;0.0;0.0;0;0.0;0.0;False;False;187;0.0;01;4014;02;False;0121101;True;0;7;1;1;0;0;0.0;False;0.0;16832610.2;2938;5729.28;2659.43;;2865.5;-0.0685;23248.53;1087.1;-0.1985;10;0.5319;0;0.0;;0;0
limpo;12204726000125;12204726;PI;3137869;soja;0.0;0.0;0;0.0;0.0;False;False;460;0.0;01;2240;02;False;0121101;True;0;8;1;1;0;0;0.0;False;0.0;10177003.44;1015;10026.6;5071.94;;2744.9;-0.3095;14240.48;640.1;0.0766;0;0.6749;;;;;0
grupo_societario;57058571000102;57058571;RS;1296511;soja;0.0;0.0;0;0.0;0.0;False;False;411;0.0;03;2135;02;False;0220901;True;0;5;16;9;6;0;0.0;False;0.0;;;;;;;;;;;;;;;;;0
situacao_irregular;65640853000133;65640853;MA;1813278;soja;133534.82;69299.66;6;0.0;62404.62;False;True;406;0.0;05;2054;03;True;0115600;True;1;7;1;0;0;0;0.0;False;0.0;;;;;;3988.3;0.1576;4152.02;852.3;0.0456;18;-0.0187;;;;;0
limpo;52698007000122;52698007;MT;4952487;soja;0.0;0.0;0;0.0;0.0;False;False;407;1.0;05;2240;02;False;0220901;True;0;6;0;0;0;0;0.0;False;0.0;;;;;;4283.3;-0.0501;26781.4;1142.6;-0.1312;16;-0.1184;;;;;0
limpo;11548620000186;11548620;TO;2599733;soja;0.0;0.0;0;0.0;0.0;False;False;397;0.0;05;2135;02;False;0133403;True;0;6;0;0;0;0;0.0;False;0.0;1134944.18;1648;688.68;2399.35;;3673.1;0.0845;644740.4;;;;;;;;;0
situacao_irregular;49852264000162;49852264;TO;1628136;soja;0.0;0.0;0;0.0;0.0;False;False;153;0.0;05;4014;03;True;0111301;True;0;2;1;0;0;0;0.0;False;0.0;22713744.04;630;36053.56;4855.95;;;;;;;;;;;;;0
limpo;76336447000106;76336447;MT;4952487;soja;0.0;0.0;0;131059109.08;0.0;False;False;84;0.0;03;2054;02;False;0210101;True;0;8;0;0;0;0;0.0;False;0.0;;;;;;4283.3;-0.0501;26781.4;1142.6;-0.1312;16;-0.1184;;;;;0
limpo;33981630000143;33981630;MT;4952487;soja;0.0;0.0;0;0.0;0.0;False;False;11;0.0;05;2240;02;False;0111301;True;0;1;0;0;0;0;0.0;False;0.0;;;;;;4283.3;-0.0501;26781.4;1142.6;-0.1312;16;-0.1184;4;162961.73;26;3;0
limpo;58974793000120;58974793;TO;2782512;soja;0.0;0.0;0;0.0;0.0;False;False;135;0.0;03;2135;02;False;0111301;True;0;5;1;1;0;0;0.0;False;0.0;;;;;;2863.3;-0.1129;5150.27;910.7;0.2631;25;0.1329;;;;;0
situacao_irregular;43566934000106;43566934;PI;4630374;soja;0.0;0.0;0;0.0;0.0;False;False;325;0.0;01;2054;03;True;0121101;True;1;7;2;2;1;0;0.0;False;0.0;13048266.74;1086;12014.98;3730.29;;4454.7;0.2245;24466.93;1518.2;0.2463;22;-0.0198;;;;;0
limpo;61411543000196;61411543;TO;2625906;soja;0.0;0.0;0;0.0;0.0;False;False;40;38754.71;05;4014;02;False;0210101;True;0;2;1;0;0;0;0.0;False;0.0;7076252.67;3896;1816.29;5129.4;;4004.9;-0.3294;61983.79;1163.5;-0.1957;26;-0.2281;;;;;0
limpo;19749620000156;19749620;MT;4952487;soja;0.0;0.0;0;0.0;0.0;False;False;17;0.0;01;2054;02;False;0311601;True;1;4;0;0;0;0;0.0;False;0.0;;;;;;4283.3;-0.0501;26781.4;1142.6;-0.1312;16;-0.1184;;;;;0
limpo;38477668000105;38477668;MS;2167433;soja;0.0;0.0;0;0.0;0.0;False;False;82;0.0;05;2054;02;False;0121101;True;0;6;1;0;0;0;0.0;False;0.0;45698908.98;37;1235105.65;4640.03;;3388.1;-0.041;1178.06;747.3;0.3091;29;-0.1134;;;;;0
limpo;46831418000141;46831418;GO;2856025;soja;0.0;0.0;0;0.0;0.0;False;False;27;0.0;05;4014;02;False;0115600;True;1;5;0;0;0;0;0.0;False;0.0;4215365.78;477;8837.24;5811.42;;1816.6;-0.0367;157568.54;1022.2;-0.0563;11;-0.2071;;;;;0
limpo;81600729000109;81600729;PI;4630374;soja;0.0;0.0;0;0.0;0.0;False;False;431;0.0;03;2240;02;False;0210101;True;0;6;2;1;0;0;0.0;False;0.0;13048266.74;1086;12014.98;3730.29;;4454.7;0.2245;24466.93;1518.2;0.2463;22;-0.0198;3;139956.16;308;3;0
passivo_ambiental_auto;26295769000178;26295769;GO;2856025;soja;0.0;0.0;0;4173022.27;0.0;False;False;452;0.0;01;2135;02;False;0210101;True;1;1;2;2;0;2;265984.06;False;0.0;4215365.78;477;8837.24;5811.42;;1816.6;-0.0367;157568.54;1022.2;-0.0563;11;-0.2071;2;41761.22;52;2;0
divida_ativa;60943206000187;60943206;MT;4872493;soja;31475.41;18364.43;2;0.0;12260.17;False;False;429;0.0;05;2062;02;False;0220901;True;0;8;0;0;0;0;0.0;False;0.0;12871579.85;766;16803.63;1283.72;;2678.2;-0.0379;315502.18;1164.2;-0.4814;30;-0.3935;;;;;0
limpo;74787744000134;74787744;MG;2246509;soja;0.0;0.0;0;0.0;0.0;False;False;254;0.0;05;2135;02;False;0111301;True;0;8;1;0;0;0;0.0;False;0.0;18573077.57;406;45746.5;1183.29;;3809.0;-0.3511;358203.19;;;;;;;;;1
limpo;61681908000100;61681908;SP;4469177;soja;0.0;0.0;0;0.0;0.0;False;False;326;1.0;03;2054;02;False;0113000;True;1;2;0;0;0;0;0.0;False;0.0;;;;;;;;;;;;;;;;;0
situacao_irregular;61751100000144;61751100;BA;1287110;soja;0.0;0.0;0;0.0;0.0;False;False;320;20742.47;03;2062;04;True;0111301;True;0;8;1;0;0;0;0.0;False;0.0;7170659.32;281;25518.36;5970.35;;3173.5;-0.0805;35165.31;;;;;;;;;0
limpo;57238845000137;57238845;GO;3763424;soja;0.0;0.0;0;0.0;0.0;False;False;447;0.0;01;2054;02;False;0151201;True;0;1;0;0;0;0;0.0;False;0.0;2844536.11;3158;900.74;4170.84;;3496.6;-0.1391;1857.33;;;;;;;;;0
limpo;35427499000100;35427499;MT;3486350;soja;0.0;0.0;0;0.0;0.0;False;False;57;0.0;01;2135;02;False;0111301;True;0;1;2;2;1;0;0.0;False;0.0;65163087.4;3987;16343.89;5719.93;;2279.5;0.0795;14132.81;;;;;;;;;0
limpo;40395619000167;40395619;MA;1849363;soja;0.0;0.0;0;0.0;0.0;False;False;280;0.0;01;2135;02;False;0210101;True;0;5;1;0;0;0;0.0;False;0.0;1890436.06;790;2392.96;3254.5;;2951.6;0.2319;11567.52;1244.5;-0.2244;14;0.2749;;;;;0
limpo;50979918000100;50979918;TO;4589069;soja;0.0;0.0;0;0.0;0.0;False;False;472;0.0;01;2054;02;False;0121101;True;0;3;0;0;0;0;0.0;False;0.0;2443446.14;2744;890.47;4703.19;;2024.4;-0.0039;12496.35;1038.3;-0.1626;18;-0.1071;;;;;0
limpo;11306458000190;11306458;PR;4542087;soja;0.0;0.0;0;0.0;0.0;False;False;52;1.0;05;2240;02;False;0116401;True;0;3;2;0;0;0;0.0;False;0.0;2139970.45;3795;563.89;4484.0;;;;;;;;;0;0.0;;0;0
limpo;57081034000175;57081034;MT;4872493;soja;0.0;0.0;0;0.0;0.0;False;False;314;0.0;05;4014;02;False;0133403;True;0;1;1;0;0;0;0.0;False;0.0;12871579.85;766;16803.63;1283.72;;2678.2;-0.0379;315502.18;1164.2;-0.4814;30;-0.3935;;;;;0
passivo_ambiental_embargo;57941821000140;57941821;GO;3763424;soja;0.0;0.0;0;0.0;0.0;False;False;97;0.0;03;2062;02;False;0151201;True;1;8;0;0;0;10;58374.64;True;2962.06;2844536.11;3158;900.74;4170.84;;3496.6;-0.1391;1857.33;;;;;;;;;0
limpo;56821190000162;56821190;MT;4952487;soja;0.0;0.0;0;0.0;0.0;False;False;538;0.0;05;2062;02;False;0121101;True;1;6;1;1;0;0;0.0;False;0.0;;;;;;4283.3;-0.0501;26781.4;1142.6;-0.1312;16;-0.1184;;;;;0
situacao_irregular;29747600000108;29747600;GO;2856025;soja;0.0;0.0;0;0.0;0.0;False;False;301;0.0;03;2062;04;True;0133403;True;0;5;1;0;0;0;0.0;False;0.0;4215365.78;477;8837.24;5811.42;;1816.6;-0.0367;157568.54;1022.2;-0.0563;11;-0.2071;;;;;0
limpo;98617699000138;98617699;MA;1813278;soja;0.0;0.0;0;0.0;0.0;False;False;164;32636.68;05;2135;02;False;0121101;True;0;2;0;0;0;0;0.0;False;0.0;;;;;;3988.3;0.1576;4152.02;852.3;0.0456;18;-0.0187;;;;;0
limpo;57597933000125;57597933;GO;3355082;soja;0.0;0.0;0;0.0;0.0;False;False;273;16857.99;05;2240;02;False;0113000;True;0;6;1;0;0;0;0.0;False;0.0;344902.69;1555;221.8;1341.28;;3426.5;-0.1292;14743.52;1302.6;0.1067;12;-0.0223;;;;;0
limpo;50407893000162;50407893;BA;1993507;soja;0.0;0.0;0;0.0;0.0;False;False;453;0.0;05;2054;02;False;0210101;True;0;6;2;1;1;0;0.0;False;0.0;;;;;;3041.8;-0.0835;4445.58;1427.8;0.2926;16;-0.2083;;;;;0
grupo_societario;71912488000171;71912488;BA;1993507;soja;104422.86;82142.37;9;0.0;20541.21;False;False;60;1.0;03;2135;02;False;0121101;True;0;8;16;16;7;0;0.0;False;0.0;;;;;;3041.8;-0.0835;4445.58;1427.8;0.2926;16;-0.2083;;;;;0
limpo;97225409000148;97225409;TO;2599733;soja;0.0;0.0;0;0.0;0.0;False;False;130;1.0;05;4014;02;False;0115600;True;0;3;1;1;0;0;0.0;False;0.0;1134944.18;1648;688.68;2399.35;;3673.1;0.0845;644740.4;;;;;;;;;0
limpo;30773615000111;30773615;PA;3572518;soja;0.0;0.0;0;0.0;0.0;False;False;74;0.0;05;2062;02;False;0220901;True;0;4;0;0;0;0;0.0;False;0.0;8421494.89;3910;2153.84;5580.08;;;;;;;;;;;;;0
passivo_ambiental_auto;69567958000165;69567958;TO;2395181;soja;0.0;0.0;0;0.0;0.0;False;False;272;1.0;05;2054;02;False;0311601;True;0;3;0;0;0;5;160856.05;False;0.0;5222030.27;3113;1677.49;5412.59;;4009.6;0.3374;16612.29;725.4;0.2591;36;-0.1239;;;;;0
limpo;98243507000170;98243507;MT;4952487;soja;0.0;0.0;0;0.0;0.0;False;False;108;3729.1;03;2054;02;False;0111301;True;0;7;2;0;0;0;0.0;False;0.0;;;;;;4283.3;-0.0501;26781.4;1142.6;-0.1312;16;-0.1184;;;;;0
limpo;11479031000193;11479031;PR;4374686;soja;0.0;0.0;0;0.0;0.0;False;False;369;44426.67;03;2054;02;False;0151201;True;0;3;2;1;0;0;0.0;False;0.0;;;;;;;;;;;;;;;;;0
limpo;18424279000104;18424279;RS;3466531;soja;0.0;0.0;0;0.0;0.0;False;False;149;0.0;05;2240;02;False;0121101;True;0;8;2;1;1;0;0.0;False;0.0;3897875.17;1357;2872.42;4389.67;;;;;;;;;;;;;0
limpo;78045733000130;78045733;MT;4952487;soja;0.0;0.0;0;0.0;0.0;False;False;419;0.0;01;2135;02;False;0116401;True;0;2;0;0;0;0;0.0;False;0.0;;;;;;4283.3;-0.0501;26781.4;1142.6;-0.1312;16;-0.1184;;;;;0
limpo;41076043000138;41076043;PA;3572518;soja;0.0;0.0;0;0.0;0.0;False;False;399;1.0;03;2062;02;False;0115600;True;0;2;2;0;0;0;0.0;False;0.0;8421494.89;3910;2153.84;5580.08;;;;;;;;;;;;;0
limpo;13953980000199;13953980;MT;4091416;soja;0.0;0.0;0;0.0;0.0;False;False;210;0.0;03;2054;02;False;0151201;True;0;3;2;1;0;0;0.0;False;0.0;9930345.71;3827;2594.81;2854.45;;2593.6;0.1175;64737.72;;;;;;;;;0
limpo;99745791000146;99745791;TO;2395181;soja;0.0;0.0;0;0.0;0.0;False;False;79;0.0;05;4014;02;False;0133403;True;0;4;0;0;0;0;0.0;False;0.0;5222030.27;3113;1677.49;5412.59;;4009.6;0.3374;16612.29;725.4;0.2591;36;-0.1239;;;;;0
limpo;57846632000198;57846632;RS;1296511;soja;0.0;0.0;0;0.0;0.0;False;False;78;0.0;01;4014;02;False;0151201;True;0;8;0;0;0;0;0.0;False;0.0;;;;;;;;;;;;;;;;;0
limpo;13025600000156;13025600;GO;3838683;soja;0.0;0.0;0;0.0;0.0;False;False;167;258805.09;05;4014;02;False;0220901;True;0;1;1;0;0;0;0.0;False;0.0;8577457.59;2126;4034.55;3501.48;;;;;;;;;;;;;0
limpo;14331840000141;14331840;PI;1498259;soja;0.0;0.0;0;0.0;0.0;False;False;343;103231.28;05;2062;02;False;0116401;True;0;1;1;1;0;0;0.0;False;0.0;5961831.05;452;13189.89;2292.48;;3510.9;-0.3402;43788.4;;;;;;;;;0
divida_ativa;20817074000122;20817074;GO;3838683;soja;173569.07;6179.07;9;0.0;-3435.6;False;False;239;0.0;01;2062;02;False;0116401;True;0;7;1;0;0;0;0.0;False;0.0;8577457.59;2126;4034.55;3501.48;;;;;;;;;0;0.0;;0;0
divida_ativa;67675860000104;67675860;MS;2167433;soja;28104.94;12308.64;6;0.0;-716.66;False;True;100;0.0;01;2054;02;False;0220901;True;0;1;2;2;0;0;0.0;False;0.0;45698908.98;37;1235105.65;4640.03;;3388.1;-0.041;1178.06;747.3;0.3091;29;-0.1134;;;;;0
limpo;68861974000101;68861974;PR;4542087;soja;0.0;0.0;0;0.0;0.0;False;False;138;0.0;03;2062;02;False;0111301;True;0;4;1;1;0;0;0.0;False;0.0;2139970.45;3795;563.89;4484.0;;;;;;;;;;;;;0
limpo;50630244000126;50630244;BA;1287110;soja;0.0;0.0;0;0.0;0.0;False;False;332;0.0;05;2062;02;False;0115600;True;0;7;1;1;0;0;0.0;False;0.0;7170659.32;281;25518.36;5970.35;;3173.5;-0.0805;35165.31;;;;;;;;;0
passivo_ambiental_auto;79926758000105;79926758;GO;2092240;soja;0.0;0.0;0;0.0;0.0;False;False;151;0.0;01;2054;02;False;0133403;True;2;1;2;1;0;9;64130.85;False;0.0;3025600.14;2445;1237.46;6478.28;;;;;;;;;;;;;0
limpo;91838954000123;91838954;TO;2599733;soja;0.0;0.0;0;0.0;0.0;False;False;447;0.0;05;2240;02;False;0115600;True;0;6;1;0;0;7;1264553.7;False;0.0;1134944.18;1648;688.68;2399.35;;3673.1;0.0845;644740.4;;;;;;;;;0
passivo_ambiental_auto;89317124000109;89317124;PI;1498259;soja;0.0;0.0;0;0.0;0.0;False;False;64;1.0;05;2054;02;False;0151201;True;1;8;0;0;0;6;5313.29;False;0.0;5961831.05;452;13189.89;2292.48;;3510.9;-0.3402;43788.4;;;;;;;;;0
limpo;61176016000144;61176016;PI;1498259;soja;0.0;0.0;0;0.0;0.0;False;False;286;0.0;01;4014;02;False;0151201;True;0;7;0;0;0;0;0.0;False;0.0;5961831.05;452;13189.89;2292.48;;3510.9;-0.3402;43788.4;;;;;;;;;0
limpo;98480345000194;98480345;MG;2246509;soja;0.0;0.0;0;0.0;0.0;False;False;276;1.0;03;2054;02;False;0115600;True;0;8;2;0;1;0;0.0;False;0.0;18573077.57;406;45746.5;1183.29;;3809.0;-0.3511;358203.19;;;;;3;90211.08;656;3;0
limpo;20676603000115;20676603;MA;2547930;soja;0.0;0.0;0;0.0;0.0;False;False;288;0.0;03;2135;02;False;0116401;True;0;3;1;0;0;0;0.0;False;0.0;3056399.2;3421;893.42;2943.06;;3413.0;0.1153;12947.73;1079.8;-0.105;39;-0.2894;;;;;0
limpo;78010697000179;78010697;GO;3355082;soja;0.0;0.0;0;0.0;0.0;False;False;271;864576.77;03;4014;02;False;0115600;True;0;6;0;0;0;0;0.0;False;0.0;344902.69;1555;221.8;1341.28;;3426.5;-0.1292;14743.52;1302.6;0.1067;12;-0.0223;;;;;0
limpo;78590026000124;78590026;BA;3889457;soja;0.0;0.0;0;0.0;0.0;False;False;442;1.0;01;2062;02;False;0210101;True;0;6;2;1;1;0;0.0;False;0.0;;;;;;3266.5;0.0304;5248.27;1073.2;0.0666;5;0.3658;;;;;0
limpo;49468472000162;49468472;MT;4091416;soja;0.0;0.0;0;0.0;0.0;False;False;114;0.0;03;4014;02;False;0220901;True;1;6;0;0;0;0;0.0;False;0.0;9930345.71;3827;2594.81;2854.45;;2593.6;0.1175;64737.72;;;;;;;;;0
passivo_ambiental_auto;14375434000180;14375434;MS;2167433;soja;0.0;0.0;0;0.0;0.0;False;False;235;0.0;05;4014;02;False;0121101;True;0;2;0;0;0;7;132981.18;False;0.0;45698908.98;37;1235105.65;4640.03;;3388.1;-0.041;1178.06;747.3;0.3091;29;-0.1134;;;;;0
divida_ativa;91483852000132;91483852;RS;3466531;soja;9467.39;5446.06;4;0.0;3211.38;False;True;328;1.0;01;2135;02;False;0133403;True;0;7;2;1;0;0;0.0;False;0.0;3897875.17;1357;2872.42;4389.67;;;;;;;;;;;;;0
limpo;58626679000109;58626679;BA;3889457;soja;0.0;0.0;0;0.0;0.0;False;False;134;33477.17;01;2054;02;False;0311601;True;0;5;1;1;0;0;0.0;False;0.0;;;;;;3266.5;0.0304;5248.27;1073.2;0.0666;5;0.3658;;;;;0
limpo;77783433000195;77783433;TO;2599733;soja;0.0;0.0;0;0.0;0.0;False;False;470;0.0;01;2054;02;False;0151201;True;1;8;2;2;0;0;0.0;False;0.0;1134944.18;1648;688.68;2399.35;;3673.1;0.0845;644740.4;;;;;;;;;0
passivo_ambiental_auto;13212026000145;13212026;GO;3355082;soja;0.0;0.0;0;0.0;0.0;False;False;438;0.0;03;4014;02;False;0116401;True;0;2;0;0;0;3;12981.03;False;0.0;344902.69;1555;221.8;1341.28;;3426.5;-0.1292;14743.52;1302.6;0.1067;12;-0.0223;;;;;0
limpo;16071701000151;16071701;GO;3838683;soja;0.0;0.0;0;0.0;0.0;False;False;452;0.0;03;2135;02;False;0113000;True;0;2;1;0;0;0;0.0;False;0.0;8577457.59;2126;4034.55;3501.48;;;;;;;;;;;;;0
limpo;70871384000101;70871384;MT;4091416;soja;0.0;0.0;0;0.0;0.0;False;False;243;0.0;03;2062;02;False;0311601;True;0;7;2;1;1;0;0.0;False;0.0;9930345.71;3827;2594.81;2854.45;;2593.6;0.1175;64737.72;;;;;;;;;0
grupo_societario;15628343000172;15628343;MT;4952487;soja;0.0;0.0;0;0.0;0.0;False;False;327;0.0;03;2135;02;False;0111301;True;0;8;9;7;1;0;0.0;False;0.0;;;;;;4283.3;-0.0501;26781.4;1142.6;-0.1312;16;-0.1184;;;;;0
situacao_irregular;44819972000188;44819972;GO;2631798;soja;0.0;0.0;0;0.0;0.0;False;False;526;1.0;01;4014;08;True;0115600;True;2;4;2;0;1;0;0.0;False;0.0;14413700.4;13;1108746.18;6417.73;;3194.9;-0.0821;19788.09;1403.2;-0.2716;20;0.8262;;;;;0
limpo;47827591000139;47827591;TO;2395181;soja;0.0;0.0;0;0.0;0.0;False;False;118;0.0;01;2054;02;False;0121101;True;0;2;2;0;1;0;0.0;False;0.0;5222030.27;3113;1677.49;5412.59;;4009.6;0.3374;16612.29;725.4;0.2591;36;-0.1239;;;;;0
grupo_societario;20612203000146;20612203;PR;4374686;soja;0.0;0.0;0;0.0;0.0;False;False;531;0.0;01;2240;02;False;0115600;True;0;6;5;1;2;0;0.0;False;0.0;;;;;;;;;;;;;;;;;0
limpo;95160766000140;95160766;PR;4168991;soja;0.0;0.0;0;0.0;0.0;False;False;277;0.0;03;2135;02;False;0133403;True;0;4;2;2;0;0;0.0;False;0.0;;;;;;3272.2;-0.2374;11409.04;801.1;0.1095;21;-0.0934;;;;;0
limpo;19027654000137;19027654;SP;4469177;soja;0.0;0.0;0;0.0;0.0;False;False;395;0.0;01;2240;02;False;0133403;True;0;3;2;1;0;0;0.0;False;0.0;;;;;;;;;;;;;;;;;0
limpo;94560859000107;94560859;GO;3763424;soja;0.0;0.0;0;0.0;0.0;False;False;300;0.0;03;2240;02;False;0116401;True;0;2;1;0;0;0;0.0;False;0.0;2844536.11;3158;900.74;4170.84;;3496.6;-0.1391;1857.33;;;;;;;;;0
limpo;63430642000140;63430642;GO;3763424;soja;0.0;0.0;0;0.0;0.0;False;False;246;0.0;03;4014;02;False;0116401;True;1;7;1;0;0;0;0.0;False;0.0;2844536.11;3158;900.74;4170.84;;3496.6;-0.1391;1857.33;;;;;;;;;0
limpo;69317732000106;69317732;MT;4881066;soja;0.0;0.0;0;0.0;0.0;False;False;52;0.0;03;2135;02;False;0311601;True;1;4;0;0;0;0;0.0;False;0.0;;;;;;;;;;;;;;;;;0
grupo_societario;92316265000111;92316265;PR;4374686;soja;0.0;0.0;0;0.0;0.0;False;False;98;1.0;03;2240;02;False;0220901;True;0;1;20;16;3;0;0.0;False;0.0;;;;;;;;;;;;;2;328429.83;551;1;0
limpo;40780751000192;40780751;MA;1849363;soja;0.0;0.0;0;0.0;0.0;False;False;19;0.0;01;4014;02;False;0111301;True;0;8;1;0;0;0;0.0;False;0.0;1890436.06;790;2392.96;3254.5;;2951.6;0.2319;11567.52;1244.5;-0.2244;14;0.2749;;;;;0
limpo;43193217000178;43193217;TO;2395181;soja;26349.59;7114.35;2;0.0;2730.02;False;False;26;0.0;05;4014;02;False;0113000;True;0;7;1;0;0;0;0.0;False;0.0;5222030.27;3113;1677.49;5412.59;;4009.6;0.3374;16612.29;725.4;0.2591;36;-0.1239;;;;;0
limpo;13144983000181;13144983;MT;3486350;soja;0.0;0.0;0;0.0;0.0;False;False;304;0.0;01;2054;02;False;0220901;True;0;5;0;0;0;0;0.0;False;0.0;65163087.4;3987;16343.89;5719.93;;2279.5;0.0795;14132.81;;;;;;;;;0
limpo;61325978000118;61325978;MA;1849363;soja;20413.17;15569.13;2;0.0;3313.13;True;False;463;0.0;05;2062;02;False;0151201;True;0;2;1;0;0;0;0.0;False;0.0;1890436.06;790;2392.96;3254.5;;2951.6;0.2319;11567.52;1244.5;-0.2244;14;0.2749;;;;;0
limpo;21259361000127;21259361;GO;2856025;soja;0.0;0.0;0;0.0;0.0;False;False;66;1.0;03;2054;02;False;0151201;True;0;3;1;0;0;0;0.0;False;0.0;4215365.78;477;8837.24;5811.42;;1816.6;-0.0367;157568.54;1022.2;-0.0563;11;-0.2071;;;;;0
limpo;10747830000130;10747830;GO;3838683;soja;0.0;0.0;0;0.0;0.0;False;False;247;0.0;05;2054;02;False;0220901;True;0;2;2;0;1;0;0.0;False;0.0;8577457.59;2126;4034.55;3501.48;;;;;;;;;;;;;0
limpo;11828652000135;11828652;MS;2167433;soja;0.0;0.0;0;0.0;0.0;False;False;440;0.0;05;4014;02;False;0133403;True;0;7;0;0;0;0;0.0;False;0.0;45698908.98;37;1235105.65;4640.03;;3388.1;-0.041;1178.06;747.3;0.3091;29;-0.1134;;;;;0
limpo;49490030000112;49490030;GO;2631798;soja;0.0;0.0;0;0.0;0.0;False;False;175;0.0;05;2135;02;False;0311601;True;2;6;1;1;0;0;0.0;False;0.0;14413700.4;13;1108746.18;6417.73;;3194.9;-0.0821;19788.09;1403.2;-0.2716;20;0.8262;;;;;0
situacao_irregular;28164926000131;28164926;MT;4872493;soja;0.0;0.0;0;0.0;0.0;False;False;11;0.0;01;2135;03;True;0111301;True;0;6;0;0;0;0;0.0;False;0.0;12871579.85;766;16803.63;1283.72;;2678.2;-0.0379;315502.18;1164.2;-0.4814;30;-0.3935;;;;;1
limpo;30998769000101;30998769;TO;2625906;soja;0.0;0.0;0;0.0;0.0;False;False;297;1.0;03;4014;02;False;0151201;True;0;7;0;0;0;0;0.0;False;0.0;7076252.67;3896;1816.29;5129.4;;4004.9;-0.3294;61983.79;1163.5;-0.1957;26;-0.2281;;;;;0
limpo;98498817000136;98498817;MT;3047606;soja;0.0;0.0;0;0.0;0.0;False;False;110;0.0;05;4014;02;False;0121101;True;0;5;0;0;0;0;0.0;False;0.0;3490150.22;1814;1924.01;3376.09;;;;;;;;;;;;;0
limpo;73539590000107;73539590;TO;2625906;soja;0.0;0.0;0;0.0;0.0;False;False;174;0.0;01;2240;02;False;0111301;True;1;1;0;0;0;4;958914.38;False;0.0;7076252.67;3896;1816.29;5129.4;;4004.9;-0.3294;61983.79;1163.5;-0.1957;26;-0.2281;3;236284.48;683;2;0
divida_ativa;42315990000105;42315990;BA;3889457;soja;68614.88;57543.83;6;0.0;27900.76;False;False;290;0.0;03;4014;02;False;0133403;True;0;5;1;0;0;0;0.0;False;0.0;;;;;;3266.5;0.0304;5248.27;1073.2;0.0666;5;0.3658;;;;;0
limpo;59081701000145;59081701;MT;4952487;soja;0.0;0.0;0;0.0;0.0;False;False;201;0.0;01;2062;02;False;0116401;True;0;4;1;0;0;0;0.0;False;0.0;;;;;;4283.3;-0.0501;26781.4;1142.6;-0.1312;16;-0.1184;;;;;0
situacao_irregular;77483781000147;77483781;MT;4091416;soja;0.0;0.0;0;0.0;0.0;False;False;265;0.0;01;4014;03;True;0115600;True;1;8;1;1;0;0;0.0;False;0.0;9930345.71;3827;2594.81;2854.45;;2593.6;0.1175;64737.72;;;;;;;;;0
divida_ativa;23943515000120;23943515;TO;1628136;soja;2775.88;1980.06;3;0.0;-540.41;False;False;63;0.0;05;2062;02;False;0210101;True;0;5;0;0;0;0;0.0;False;0.0;22713744.04;630;36053.56;4855.95;;;;;;;;;;;;;0
limpo;12238007000125;12238007;TO;1926828;soja;0.0;0.0;0;0.0;0.0;False;False;381;0.0;05;2054;02;False;0121101;True;1;1;1;0;0;0;0.0;False;0.0;1592038.63;3955;402.54;2086.07;;2103.1;-0.0625;2779.51;847.2;0.0075;25;0.3455;;;;;0
limpo;45787268000153;45787268;BA;3889457;soja;0.0;0.0;0;0.0;0.0;False;False;9;0.0;05;2240;02;False;0111301;True;0;2;1;1;0;0;0.0;False;0.0;;;;;;3266.5;0.0304;5248.27;1073.2;0.0666;5;0.3658;;;;;0
limpo;21598781000138;21598781;TO;2599733;soja;0.0;0.0;0;0.0;0.0;False;False;389;0.0;05;2135;02;False;0151201;True;1;4;0;0;0;0;0.0;False;0.0;1134944.18;1648;688.68;2399.35;;3673.1;0.0845;644740.4;;;;;;;;;0
limpo;60910187000192;60910187;GO;2092240;soja;0.0;0.0;0;0.0;0.0;False;False;285;1.0;01;2240;02;False;0151201;True;0;5;0;0;0;0;0.0;False;0.0;3025600.14;2445;1237.46;6478.28;;;;;;;;;;;;;0
limpo;56823088000104;56823088;MT;5020745;soja;0.0;0.0;0;0.0;0.0;False;False;400;0.0;05;2135;02;False;0121101;True;0;5;2;0;1;0;0.0;False;0.0;16832610.2;2938;5729.28;2659.43;;2865.5;-0.0685;23248.53;1087.1;-0.1985;10;0.5319;;;;;0
limpo;46097873000165;46097873;BA;3889457;soja;0.0;0.0;0;0.0;0.0;False;False;535;0.0;01;2054;02;False;0113000;True;0;6;1;1;0;0;0.0;False;0.0;;;;;;3266.5;0.0304;5248.27;1073.2;0.0666;5;0.3658;;;;;0
limpo;24040914000144;24040914;GO;3355082;soja;0.0;0.0;0;0.0;0.0;False;False;108;0.0;03;2240;02;False;0113000;True;0;3;0;0;0;0;0.0;False;0.0;344902.69;1555;221.8;1341.28;;3426.5;-0.1292;14743.52;1302.6;0.1067;12;-0.0223;;;;;0
passivo_ambiental_auto;71263101000101;71263101;RS;5323473;soja;0.0;0.0;0;0.0;0.0;False;False;388;0.0;03;2054;02;False;0151201;True;0;4;2;2;0;7;4334.43;False;0.0;5770153.78;3796;1520.06;6107.33;;4184.9;0.3046;1406.53;1150.1;-0.4716;32;0.0109;;;;;0
limpo;32015192000104;32015192;PI;4630374;soja;0.0;0.0;0;0.0;0.0;False;False;148;0.0;03;2062;02;False;0111301;True;0;3;2;1;1;0;0.0;False;0.0;13048266.74;1086;12014.98;3730.29;;4454.7;0.2245;24466.93;1518.2;0.2463;22;-0.0198;;;;;0
limpo;29795908000110;29795908;BA;3797806;soja;0.0;0.0;0;0.0;0.0;False;False;98;0.0;01;4014;02;False;0210101;True;0;3;1;1;0;0;0.0;False;0.0;4577751.8;3577;1279.77;1116.86;;3266.8;-0.1381;29664.1;1160.2;-0.1501;25;-0.5722;3;102878.8;566;3;0
situacao_irregular;99716075000130;99716075;SP;4469177;soja;0.0;0.0;0;0.0;0.0;False;False;415;1.0;03;2054;04;True;0311601;True;0;2;0;0;0;0;0.0;False;0.0;;;;;;;;;;;;;;;;;0
divida_ativa;88709162000144;88709162;GO;3763424;soja;79965.91;65830.99;7;0.0;17309.57;True;True;222;0.0;01;2240;02;False;0121101;True;0;7;2;0;1;6;336167.03;False;0.0;2844536.11;3158;900.74;4170.84;;3496.6;-0.1391;1857.33;;;;;;;;;1
passivo_ambiental_auto;14674355000170;14674355;PA;3572518;soja;0.0;0.0;0;0.0;0.0;False;False;482;1.0;03;2062;02;False;0121101;True;1;1;1;0;0;3;464851.77;False;0.0;8421494.89;3910;2153.84;5580.08;;;;;;;;;;;;;0
limpo;99952040000109;99952040;MA;1813278;soja;0.0;0.0;0;0.0;0.0;False;False;467;0.0;03;2240;02;False;0220901;True;2;2;1;0;0;0;0.0;False;0.0;;;;;;3988.3;0.1576;4152.02;852.3;0.0456;18;-0.0187;;;;;0
passivo_ambiental_auto;20738641000155;20738641;MS;2167433;soja;0.0;0.0;0;0.0;0.0;False;False;471;0.0;03;2240;02;False;0115600;True;0;8;1;1;0;12;503078.73;False;0.0;45698908.98;37;1235105.65;4640.03;;3388.1;-0.041;1178.06;747.3;0.3091;29;-0.1134;;;;;1
divida_ativa;43866730000182;43866730;GO;3838683;soja;17373.49;3105.13;6;0.0;997.52;True;True;120;0.0;01;4014;02;False;0121101;True;0;2;2;2;0;0;0.0;False;0.0;8577457.59;2126;4034.55;3501.48;;;;;;;;;;;;;1
limpo;67861335000175;67861335;TO;2782512;soja;0.0;0.0;0;0.0;0.0;False;False;542;0.0;01;2062;02;False;0210101;True;0;3;1;0;0;0;0.0;False;0.0;;;;;;2863.3;-0.1129;5150.27;910.7;0.2631;25;0.1329;;;;;0
limpo;95461939000160;95461939;TO;2599733;soja;0.0;0.0;0;0.0;0.0;False;False;87;1.0;03;2062;02;False;0116401;True;0;5;0;0;0;0;0.0;False;0.0;1134944.18;1648;688.68;2399.35;;3673.1;0.0845;644740.4;;;;;;;;;0
passivo_ambiental_auto;42715893000100;42715893;MA;1849363;soja;0.0;0.0;0;0.0;0.0;False;False;287;1.0;01;2240;02;False;0220901;True;0;7;0;0;0;6;3115945.19;False;0.0;1890436.06;790;2392.96;3254.5;;2951.6;0.2319;11567.52;1244.5;-0.2244;14;0.2749;;;;;0
limpo;10677940000173;10677940;PA;3572518;soja;0.0;0.0;0;0.0;0.0;False;False;331;0.0;01;2062;02;False;0210101;True;0;5;1;1;0;11;27576.23;False;0.0;8421494.89;3910;2153.84;5580.08;;;;;;;;;;;;;0
limpo;55714018000147;55714018;MT;3047606;soja;0.0;0.0;0;0.0;0.0;False;False;180;0.0;03;2054;02;False;0115600;True;0;2;0;0;0;0;0.0;False;0.0;3490150.22;1814;1924.01;3376.09;;;;;;;;;;;;;0
passivo_ambiental_embargo;21152419000139;21152419;MT;3047606;soja;0.0;0.0;0;0.0;0.0;False;False;484;0.0;05;4014;02;False;0113000;True;0;7;2;1;0;6;23617.33;True;2255.41;3490150.22;1814;1924.01;3376.09;;;;;;;;;;;;;0
passivo_ambiental_embargo;60369810000141;60369810;GO;2856025;soja;0.0;0.0;0;0.0;0.0;False;False;229;0.0;01;4014;02;False;0151201;True;0;3;0;0;0;7;165715.57;True;2936.8;4215365.78;477;8837.24;5811.42;;1816.6;-0.0367;157568.54;1022.2;-0.0563;11;-0.2071;;;;;0
divida_ativa;66127168000170;66127168;MT;5020745;soja;257.74;93.6;2;0.0;64.3;False;False;520;0.0;03;2135;02;False;0121101;True;0;8;1;1;0;0;0.0;False;0.0;16832610.2;2938;5729.28;2659.43;;2865.5;-0.0685;23248.53;1087.1;-0.1985;10;0.5319;;;;;0
limpo;10447935000174;10447935;MT;4952487;soja;0.0;0.0;0;0.0;0.0;False;False;434;5841.26;05;2135;02;False;0113000;True;0;2;1;1;0;0;0.0;False;0.0;;;;;;4283.3;-0.0501;26781.4;1142.6;-0.1312;16;-0.1184;;;;;0
limpo;93952534000107;93952534;RS;2897684;soja;0.0;0.0;0;0.0;0.0;False;False;404;0.0;01;2135;02;False;0133403;True;0;4;1;0;0;0;0.0;False;0.0;25576731.08;1000;25576.73;5293.87;;3022.4;-0.1789;34484.31;791.9;0.1416;23;-0.3386;5;93802.06;207;2;1
situacao_irregular;37784045000104;37784045;PR;4542087;soja;0.0;0.0;0;0.0;0.0;False;False;478;0.0;01;4014;08;True;0210101;True;1;3;2;0;1;0;0.0;False;0.0;2139970.45;3795;563.89;4484.0;;;;;;;;;;;;;0
limpo;14338261000120;14338261;PR;4542087;soja;0.0;0.0;0;0.0;0.0;False;False;433;175100.61;05;4014;02;False;0220901;True;0;8;2;1;0;0;0.0;False;0.0;2139970.45;3795;563.89;4484.0;;;;;;;;;;;;;0
passivo_ambiental_auto;15356154000198;15356154;PI;4630374;soja;0.0;0.0;0;0.0;0.0;False;False;112;0.0;03;4014;02;False;0111301;True;0;6;2;1;1;9;17090.46;False;0.0;13048266.74;1086;12014.98;3730.29;;4454.7;0.2245;24466.93;1518.2;0.2463;22;-0.0198;;;;;0
divida_ativa;38197129000104;38197129;RS;2897684;soja;28890.96;14202.13;4;0.0;-752.48;False;True;467;0.0;05;2240;02;False;0311601;True;0;3;1;0;0;0;0.0;False;0.0;25576731.08;1000;25576.73;5293.87;;3022.4;-0.1789;34484.31;791.9;0.1416;23;-0.3386;;;;;1
limpo;49086658000157;49086658;MT;4091416;soja;0.0;0.0;0;0.0;0.0;False;False;307;0.0;05;2135;02;False;0113000;True;0;7;2;1;0;0;0.0;False;0.0;9930345.71;3827;2594.81;2854.45;;2593.6;0.1175;64737.72;;;;;;;;;0
limpo;29912993000150;29912993;SP;4469177;soja;0.0;0.0;0;0.0;0.0;False;False;494;0.0;01;2240;02;False;0113000;True;0;6;2;2;1;0;0.0;False;0.0;;;;;;;;;;;;;;;;;0
limpo;80496099000101;80496099;GO;2856025;soja;0.0;0.0;0;0.0;0.0;False;False;322;0.0;01;2240;02;False;0311601;True;1;2;1;0;0;0;0.0;False;0.0;4215365.78;477;8837.24;5811.42;;1816.6;-0.0367;157568.54;1022.2;-0.0563;11;-0.2071;3;18972.86;473;3;0
passivo_ambiental_auto;80345971000102;80345971;MA;1813278;soja;0.0;0.0;0;0.0;0.0;False;False;343;0.0;03;4014;02;False;0220901;True;1;2;2;0;1;4;22659.24;False;0.0;;;;;;3988.3;0.1576;4152.02;852.3;0.0456;18;-0.0187;;;;;0
divida_ativa;97349865000108;97349865;MT;4952487;soja;25884.92;11805.23;1;0.0;-2262.07;True;False;71;1.0;01;4014;02;False;0151201;True;0;4;0;0;0;0;0.0;False;0.0;;;;;;4283.3;-0.0501;26781.4;1142.6;-0.1312;16;-0.1184;;;;;0
limpo;23189607000167;23189607;MT;1342092;soja;0.0;0.0;0;0.0;0.0;False;False;458;0.0;01;2062;02;False;0220901;True;0;8;1;1;0;0;0.0;False;0.0;722846.84;2362;306.03;1988.84;;3594.8;0.0837;14558.01;663.4;-0.0379;31;0.4066;;;;;0
divida_ativa;69410378000160;69410378;PR;4374686;soja;5155.33;5115.31;5;0.0;933.54;False;True;525;0.0;03;2240;02;False;0151201;True;1;4;0;0;0;0;0.0;False;0.0;;;;;;;;;;;;;;;;;0
limpo;51446973000190;51446973;PA;3572518;soja;0.0;0.0;0;0.0;0.0;False;False;487;0.0;01;2062;02;False;0121101;True;0;2;0;0;0;0;0.0;False;0.0;8421494.89;3910;2153.84;5580.08;;;;;;;;;;;;;0
limpo;82288338000155;82288338;RS;5323473;soja;0.0;0.0;0;0.0;0.0;False;False;333;1.0;03;2062;02;False;0151201;True;1;4;0;0;0;0;0.0;False;0.0;5770153.78;3796;1520.06;6107.33;;4184.9;0.3046;1406.53;1150.1;-0.4716;32;0.0109;;;;;0
limpo;35756927000130;35756927;TO;2782512;soja;0.0;0.0;0;0.0;0.0;False;False;491;0.0;03;2240;02;False;0116401;True;1;8;0;0;0;0;0.0;False;0.0;;;;;;2863.3;-0.1129;5150.27;910.7;0.2631;25;0.1329;;;;;0
limpo;51101815000106;51101815;TO;5373788;soja;0.0;0.0;0;0.0;0.0;False;False;433;0.0;03;2062;02;False;0121101;True;0;3;2;1;1;0;0.0;False;0.0;;;;;;;;;;;;;;;;;1
limpo;44350253000160;44350253;TO;1926828;soja;0.0;0.0;0;0.0;0.0;False;False;210;1.0;05;4014;02;False;0133403;True;1;2;1;0;0;0;0.0;False;0.0;1592038.63;3955;402.54;2086.07;;2103.1;-0.0625;2779.51;847.2;0.0075;25;0.3455;;;;;0
grupo_societario;89583095000127;89583095;RS;1296511;soja;0.0;0.0;0;0.0;0.0;False;False;504;0.0;05;4014;02;False;0121101;True;0;1;4;2;1;0;0.0;False;0.0;;;;;;;;;;;;;;;;;0
situacao_irregular;24902300000124;24902300;RS;5323473;soja;0.0;0.0;0;0.0;0.0;False;False;160;0.0;05;2135;04;True;0220901;True;0;4;1;1;0;0;0.0;False;0.0;5770153.78;3796;1520.06;6107.33;;4184.9;0.3046;1406.53;1150.1;-0.4716;32;0.0109;;;;;0
divida_ativa;28853237000134;28853237;GO;2631798;soja;11610.16;8118.42;6;0.0;-127.9;False;False;225;0.0;03;2135;02;False;0133403;True;0;4;0;0;0;0;0.0;False;0.0;14413700.4;13;1108746.18;6417.73;;3194.9;-0.0821;19788.09;1403.2;-0.2716;20;0.8262;;;;;0
limpo;13105571000132;13105571;PI;1498259;soja;0.0;0.0;0;0.0;0.0;False;False;547;0.0;05;2240;02;False;0115600;True;0;1;1;1;0;0;0.0;False;0.0;5961831.05;452;13189.89;2292.48;;3510.9;-0.3402;43788.4;;;;;;;;;0
limpo;20140494000117;20140494;MT;4872493;soja;0.0;0.0;0;0.0;0.0;False;False;95;0.0;03;4014;02;False;0116401;True;0;7;0;0;0;0;0.0;False;0.0;12871579.85;766;16803.63;1283.72;;2678.2;-0.0379;315502.18;1164.2;-0.4814;30;-0.3935;;;;;0
limpo;30428651000148;30428651;BA;3797806;soja;0.0;0.0;0;0.0;0.0;False;False;448;1.0;03;4014;02;False;0151201;True;0;7;2;0;0;0;0.0;False;0.0;4577751.8;3577;1279.77;1116.86;;3266.8;-0.1381;29664.1;1160.2;-0.1501;25;-0.5722;;;;;0
limpo;39915787000157;39915787;MT;3486350;soja;0.0;0.0;0;0.0;0.0;False;False;369;1.0;05;4014;02;False;0113000;True;0;3;2;0;1;0;0.0;False;0.0;65163087.4;3987;16343.89;5719.93;;2279.5;0.0795;14132.81;;;;;;;;;0
limpo;15295236000170;15295236;TO;2395181;soja;0.0;0.0;0;0.0;0.0;False;False;219;0.0;01;2054;02;False;0151201;True;0;4;0;0;0;0;0.0;False;0.0;5222030.27;3113;1677.49;5412.59;;4009.6;0.3374;16612.29;725.4;0.2591;36;-0.1239;;;;;0
limpo;69007608000144;69007608;TO;2395181;soja;0.0;0.0;0;0.0;0.0;False;False;395;0.0;03;2054;02;False;0116401;True;0;7;0;0;0;0;0.0;False;0.0;5222030.27;3113;1677.49;5412.59;;4009.6;0.3374;16612.29;725.4;0.2591;36;-0.1239;;;;;0
limpo;33501092000142;33501092;PR;4374686;soja;0.0;0.0;0;0.0;0.0;False;False;506;1.0;03;2240;02;False;0121101;True;0;2;2;2;1;0;0.0;False;0.0;;;;;;;;;;;;;;;;;0
limpo;71331294000182;71331294;BA;3889457;soja;2529.45;2392.18;2;0.0;956.76;True;False;92;0.0;03;2054;02;False;0115600;True;2;5;1;1;0;0;0.0;False;0.0;;;;;;3266.5;0.0304;5248.27;1073.2;0.0666;5;0.3658;;;;;0
limpo;11244728000185;11244728;RS;2897684;soja;0.0;0.0;0;0.0;0.0;False;False;220;1.0;05;2240;02;False;0210101;True;0;3;2;1;0;0;0.0;False;0.0;25576731.08;1000;25576.73;5293.87;;3022.4;-0.1789;34484.31;791.9;0.1416;23;-0.3386;;;;;0
grupo_societario;99747074000153;99747074;RS;3466531;soja;0.0;0.0;0;0.0;0.0;False;False;419;0.0;03;4014;02;False;0210101;True;0;1;6;2;0;0;0.0;False;0.0;3897875.17;1357;2872.42;4389.67;;;;;;;;;;;;;0
divida_ativa;29373095000170;29373095;GO;3355082;soja;361268.74;275468.24;9;0.0;-79445.81;True;True;435;159510.44;03;4014;02;False;0133403;True;0;1;0;0;0;0;0.0;False;0.0;344902.69;1555;221.8;1341.28;;3426.5;-0.1292;14743.52;1302.6;0.1067;12;-0.0223;;;;;0
situacao_irregular;44475383000120;44475383;RS;1296511;soja;0.0;0.0;0;0.0;0.0;False;False;206;0.0;05;2135;03;True;0113000;True;0;2;2;2;0;0;0.0;False;0.0;;;;;;;;;;;;;;;;;0
situacao_irregular;24123491000126;24123491;GO;2631798;soja;0.0;0.0;0;0.0;0.0;False;False;538;0.0;03;2135;03;True;0210101;True;0;3;2;2;0;0;0.0;False;0.0;14413700.4;13;1108746.18;6417.73;;3194.9;-0.0821;19788.09;1403.2;-0.2716;20;0.8262;;;;;0
limpo;36561171000137;36561171;MS;2167433;soja;0.0;0.0;0;0.0;0.0;False;False;17;0.0;03;2240;02;False;0116401;True;0;7;2;1;0;1;393416.19;False;0.0;45698908.98;37;1235105.65;4640.03;;3388.1;-0.041;1178.06;747.3;0.3091;29;-0.1134;;;;;0
limpo;25813415000105;25813415;PI;1498259;soja;0.0;0.0;0;0.0;0.0;False;False;267;0.0;03;4014;02;False;0133403;True;0;6;2;2;1;0;0.0;False;0.0;5961831.05;452;13189.89;2292.48;;3510.9;-0.3402;43788.4;;;;;;;;;0
limpo;13411007000148;13411007;MT;4091416;soja;0.0;0.0;0;0.0;0.0;False;False;308;0.0;03;2240;02;False;0133403;True;0;2;0;0;0;0;0.0;False;0.0;9930345.71;3827;2594.81;2854.45;;2593.6;0.1175;64737.72;;;;;;;;;0
limpo;78572457000168;78572457;BA;3889457;soja;0.0;0.0;0;0.0;0.0;False;False;544;0.0;01;4014;02;False;0220901;True;0;6;0;0;0;0;0.0;False;0.0;;;;;;3266.5;0.0304;5248.27;1073.2;0.0666;5;0.3658;;;;;0
grupo_societario;81252175000198;81252175;TO;4589069;soja;0.0;0.0;0;0.0;0.0;False;False;161;0.0;05;2054;02;False;0116401;True;0;7;24;9;6;0;0.0;False;0.0;2443446.14;2744;890.47;4703.19;;2024.4;-0.0039;12496.35;1038.3;-0.1626;18;-0.1071;;;;;0
situacao_irregular;72814453000162;72814453;BA;1993507;soja;0.0;0.0;0;0.0;0.0;False;False;219;1860.31;01;2054;04;True;0113000;True;0;3;0;0;0;0;0.0;False;0.0;;;;;;3041.8;-0.0835;4445.58;1427.8;0.2926;16;-0.2083;6;2522.33;829;1;0
limpo;62479086000134;62479086;SP;1144522;soja;0.0;0.0;0;0.0;0.0;False;False;417;0.0;05;4014;02;False;0113000;True;0;3;1;1;0;0;0.0;False;0.0;22685314.17;3452;6571.64;4478.12;;3859.7;-0.1003;15013.11;975.4;-0.3231;19;-0.3987;0;0.0;;0;0
limpo;23772377000164;23772377;RS;3466531;soja;0.0;0.0;0;0.0;0.0;False;False;471;0.0;05;2240;02;False;0151201;True;2;1;0;0;0;0;0.0;False;0.0;3897875.17;1357;2872.42;4389.67;;;;;;;;;;;;;0
limpo;72616017000189;72616017;PI;1498259;soja;0.0;0.0;0;0.0;0.0;False;False;236;0.0;01;4014;02;False;0311601;True;1;4;2;2;1;0;0.0;False;0.0;5961831.05;452;13189.89;2292.48;;3510.9;-0.3402;43788.4;;;;;;;;;0
limpo;95638951000105;95638951;MT;3486350;soja;0.0;0.0;0;0.0;0.0;False;False;342;0.0;03;2240;02;False;0111301;True;0;8;2;0;1;0;0.0;False;0.0;65163087.4;3987;16343.89;5719.93;;2279.5;0.0795;14132.81;;;;;;;;;0
limpo;23954006000101;23954006;MT;3486350;soja;0.0;0.0;0;0.0;0.0;False;False;537;1.0;05;2054;02;False;0115600;True;0;2;1;0;0;0;0.0;False;0.0;65163087.4;3987;16343.89;5719.93;;2279.5;0.0795;14132.81;;;;;;;;;0
limpo;91041439000118;91041439;RS;2897684;soja;0.0;0.0;0;0.0;0.0;False;False;477;0.0;05;2062;02;False;0121101;True;1;7;2;2;0;0;0.0;False;0.0;25576731.08;1000;25576.73;5293.87;;3022.4;-0.1789;34484.31;791.9;0.1416;23;-0.3386;1;22163.69;339;1;0
passivo_ambiental_auto;71286924000144;71286924;BA;1993507;soja;0.0;0.0;0;0.0;0.0;False;False;260;0.0;01;2240;02;False;0133403;True;0;5;1;0;0;6;75135.24;False;0.0;;;;;;3041.8;-0.0835;4445.58;1427.8;0.2926;16;-0.2083;;;;;0
limpo;63864375000110;63864375;MT;3047606;soja;0.0;0.0;0;0.0;0.0;False;False;557;1.0;01;2240;02;False;0151201;True;0;2;0;0;0;0;0.0;False;0.0;3490150.22;1814;1924.01;3376.09;;;;;;;;;;;;;0
limpo;95828882000194;95828882;MT;4881066;soja;0.0;0.0;0;0.0;0.0;False;False;454;1.0;01;2135;02;False;0210101;True;0;4;1;1;0;0;0.0;False;0.0;;;;;;;;;;;;;;;;;0
limpo;93009769000151;93009769;MA;1849363;soja;0.0;0.0;0;0.0;0.0;False;False;275;0.0;03;4014;02;False;0210101;True;0;7;0;0;0;0;0.0;False;0.0;1890436.06;790;2392.96;3254.5;;2951.6;0.2319;11567.52;1244.5;-0.2244;14;0.2749;;;;;0
limpo;21034254000109;21034254;GO;2631798;soja;0.0;0.0;0;0.0;0.0;False;False;32;0.0;05;2135;02;False;0116401;True;1;8;0;0;0;0;0.0;False;0.0;14413700.4;13;1108746.18;6417.73;;3194.9;-0.0821;19788.09;1403.2;-0.2716;20;0.8262;;;;;0
limpo;49834900000123;49834900;SP;4469177;soja;0.0;0.0;0;0.0;0.0;False;False;202;0.0;05;4014;02;False;0121101;True;0;7;2;2;1;8;19665.52;False;0.0;;;;;;;;;;;;;;;;;0
limpo;58924311000127;58924311;PI;1498259;soja;0.0;0.0;0;0.0;0.0;False;False;335;1.0;05;2135;02;False;0220901;True;0;2;1;1;0;0;0.0;False;0.0;5961831.05;452;13189.89;2292.48;;3510.9;-0.3402;43788.4;;;;;;;;;0
limpo;56753777000181;56753777;GO;3838683;soja;0.0;0.0;0;0.0;0.0;False;False;60;0.0;03;2054;02;False;0311601;True;0;3;2;0;1;0;0.0;False;0.0;8577457.59;2126;4034.55;3501.48;;;;;;;;;;;;;0
situacao_irregular;73971718000107;73971718;MA;2547930;soja;0.0;0.0;0;0.0;0.0;False;False;34;0.0;03;2054;08;True;0113000;True;2;4;0;0;0;0;0.0;False;0.0;3056399.2;3421;893.42;2943.06;;3413.0;0.1153;12947.73;1079.8;-0.105;39;-0.2894;;;;;0
limpo;50890916000132;50890916;TO;5373788;soja;0.0;0.0;0;0.0;0.0;False;False;328;1.0;05;2062;02;False;0210101;True;0;2;2;2;0;0;0.0;False;0.0;;;;;;;;;;;;;;;;;0
divida_ativa;43393307000102;43393307;SP;1144522;soja;331.06;9.76;8;0.0;-11.44;True;True;402;1.0;03;2054;02;False;0113000;True;1;3;0;0;0;0;0.0;False;0.0;22685314.17;3452;6571.64;4478.12;;3859.7;-0.1003;15013.11;975.4;-0.3231;19;-0.3987;;;;;0
limpo;67762060000112;67762060;MT;5020745;soja;0.0;0.0;0;0.0;0.0;False;False;89;0.0;01;4014;02;False;0151201;True;0;1;0;0;0;0;0.0;False;0.0;16832610.2;2938;5729.28;2659.43;;2865.5;-0.0685;23248.53;1087.1;-0.1985;10;0.5319;;;;;0
divida_ativa;22816494000110;22816494;MA;2547930;soja;222107.32;177694.33;6;0.0;103184.26;True;False;192;0.0;03;2062;02;False;0113000;True;0;3;2;1;0;0;0.0;False;0.0;3056399.2;3421;893.42;2943.06;;3413.0;0.1153;12947.73;1079.8;-0.105;39;-0.2894;;;;;0
limpo;15204195000169;15204195;RS;5323473;soja;0.0;0.0;0;0.0;0.0;False;False;363;0.0;05;4014;02;False;0113000;True;1;8;0;0;0;0;0.0;False;0.0;5770153.78;3796;1520.06;6107.33;;4184.9;0.3046;1406.53;1150.1;-0.4716;32;0.0109;;;;;0
passivo_ambiental_embargo;55284617000178;55284617;TO;2782512;soja;0.0;0.0;0;0.0;0.0;False;False;73;0.0;03;2135;02;False;0116401;True;2;8;2;0;1;9;103575.18;True;129.56;;;;;;2863.3;-0.1129;5150.27;910.7;0.2631;25;0.1329;;;;;1
passivo_ambiental_auto;98538069000178;98538069;RS;1296511;soja;0.0;0.0;0;0.0;0.0;False;False;545;0.0;05;4014;02;False;0220901;True;0;4;2;1;1;2;844069.44;False;0.0;;;;;;;;;;;;;;;;;0
limpo;68403344000185;68403344;PR;4168991;soja;0.0;0.0;0;0.0;0.0;False;False;319;0.0;03;2062;02;False;0220901;True;1;4;1;0;0;0;0.0;False;0.0;;;;;;3272.2;-0.2374;11409.04;801.1;0.1095;21;-0.0934;4;203762.6;768;3;0
limpo;16436549000163;16436549;TO;1628136;soja;0.0;0.0;0;0.0;0.0;False;False;450;1.0;05;2135;02;False;0220901;True;0;1;1;0;0;0;0.0;False;0.0;22713744.04;630;36053.56;4855.95;;;;;;;;;;;;;0
situacao_irregular;52991351000105;52991351;MT;4952487;soja;0.0;0.0;0;0.0;0.0;False;False;216;1.0;01;2240;03;True;0115600;True;1;6;2;0;1;0;0.0;False;0.0;;;;;;4283.3;-0.0501;26781.4;1142.6;-0.1312;16;-0.1184;;;;;0
situacao_irregular;63949988000150;63949988;MT;4091416;soja;0.0;0.0;0;0.0;0.0;False;False;323;0.0;05;2240;03;True;0121101;True;0;7;2;1;1;0;0.0;False;0.0;9930345.71;3827;2594.81;2854.45;;2593.6;0.1175;64737.72;;;;;;;;;0
passivo_ambiental_auto;75527308000199;75527308;TO;1926828;soja;0.0;0.0;0;0.0;0.0;False;False;137;0.0;01;2062;02;False;0111301;True;0;8;0;0;0;11;869634.96;False;0.0;1592038.63;3955;402.54;2086.07;;2103.1;-0.0625;2779.51;847.2;0.0075;25;0.3455;;;;;0
grupo_societario;63446108000122;63446108;PI;1498259;soja;0.0;0.0;0;0.0;0.0;False;False;212;89525.61;05;2054;02;False;0116401;True;0;1;21;15;7;0;0.0;False;0.0;5961831.05;452;13189.89;2292.48;;3510.9;-0.3402;43788.4;;;;;;;;;0
limpo;62085048000105;62085048;BA;1287110;soja;0.0;0.0;0;0.0;0.0;False;False;152;0.0;01;4014;02;False;0116401;True;1;6;0;0;0;0;0.0;False;0.0;7170659.32;281;25518.36;5970.35;;3173.5;-0.0805;35165.31;;;;;;;;;0
grupo_societario;55814884000100;55814884;MA;1813278;soja;0.0;0.0;0;0.0;0.0;False;False;406;0.0;03;4014;02;False;0111301;True;0;4;8;5;3;0;0.0;False;0.0;;;;;;3988.3;0.1576;4152.02;852.3;0.0456;18;-0.0187;;;;;1
limpo;42987512000133;42987512;RS;5323473;soja;0.0;0.0;0;0.0;0.0;False;False;72;0.0;05;2062;02;False;0311601;True;0;6;0;0;0;0;0.0;False;0.0;5770153.78;3796;1520.06;6107.33;;4184.9;0.3046;1406.53;1150.1;-0.4716;32;0.0109;;;;;0
situacao_irregular;41361578000150;41361578;TO;2782512;soja;0.0;0.0;0;0.0;0.0;False;False;42;0.0;01;2062;03;True;0133403;True;1;7;1;1;0;0;0.0;False;0.0;;;;;;2863.3;-0.1129;5150.27;910.7;0.2631;25;0.1329;;;;;0
divida_ativa;92222921000117;92222921;RS;2897684;soja;929.9;498.85;6;0.0;-65.57;False;False;403;108969.97;01;2240;02;False;0115600;True;0;5;2;0;0;0;0.0;False;0.0;25576731.08;1000;25576.73;5293.87;;3022.4;-0.1789;34484.31;791.9;0.1416;23;-0.3386;;;;;0
passivo_ambiental_auto;63986524000113;63986524;MA;1849363;soja;0.0;0.0;0;0.0;0.0;False;False;477;1.0;03;2054;02;False;0133403;True;0;6;2;2;1;6;467162.94;False;0.0;1890436.06;790;2392.96;3254.5;;2951.6;0.2319;11567.52;1244.5;-0.2244;14;0.2749;;;;;0
limpo;98493234000112;98493234;TO;1926828;soja;0.0;0.0;0;0.0;0.0;False;False;320;0.0;01;2054;02;False;0111301;True;0;8;1;1;0;0;0.0;False;0.0;1592038.63;3955;402.54;2086.07;;2103.1;-0.0625;2779.51;847.2;0.0075;25;0.3455;;;;;0
limpo;31034514000191;31034514;SP;4469177;soja;0.0;0.0;0;0.0;0.0;False;False;401;0.0;01;2240;02;False;0311601;True;1;7;1;0;0;0;0.0;False;0.0;;;;;;;;;;;;;;;;;0
limpo;27522806000104;27522806;BA;3797806;soja;0.0;0.0;0;0.0;0.0;False;False;42;0.0;01;2062;02;False;0115600;True;0;1;2;1;0;0;0.0;False;0.0;4577751.8;3577;1279.77;1116.86;;3266.8;-0.1381;29664.1;1160.2;-0.1501;25;-0.5722;;;;;0
limpo;30213583000108;30213583;MT;5020745;soja;0.0;0.0;0;0.0;0.0;False;False;463;0.0;05;2135;02;False;0151201;True;0;3;0;0;0;0;0.0;False;0.0;16832610.2;2938;5729.28;2659.43;;2865.5;-0.0685;23248.53;1087.1;-0.1985;10;0.5319;;;;;0
limpo;25896810000107;25896810;TO;2782512;soja;0.0;0.0;0;0.0;0.0;False;False;293;0.0;01;2062;02;False;0113000;True;1;2;0;0;0;0;0.0;False;0.0;;;;;;2863.3;-0.1129;5150.27;910.7;0.2631;25;0.1329;;;;;0
situacao_irregular;73459898000134;73459898;GO;2092240;soja;0.0;0.0;0;0.0;0.0;False;False;192;0.0;01;2054;04;True;0311601;True;0;6;2;0;1;0;0.0;False;0.0;3025600.14;2445;1237.46;6478.28;;;;;;;;;;;;;1
limpo;62830211000109;62830211;GO;2092240;soja;0.0;0.0;0;0.0;0.0;False;False;91;0.0;03;2062;02;False;0311601;True;1;7;2;0;1;0;0.0;False;0.0;3025600.14;2445;1237.46;6478.28;;;;;;;;;;;;;0
limpo;79851147000145;79851147;TO;1926828;soja;0.0;0.0;0;0.0;0.0;False;False;465;172098.87;03;2062;02;False;0151201;True;0;8;1;0;0;3;32980.71;False;0.0;1592038.63;3955;402.54;2086.07;;2103.1;-0.0625;2779.51;847.2;0.0075;25;0.3455;4;23333.24;13;3;0
limpo;73098568000160;73098568;TO;5373788;soja;0.0;0.0;0;0.0;0.0;False;False;530;1.0;03;2054;02;False;0210101;True;0;6;2;2;1;0;0.0;False;0.0;;;;;;;;;;;;;;;;;0
limpo;21181158000185;21181158;GO;2856025;soja;0.0;0.0;0;0.0;0.0;False;False;122;0.0;01;2062;02;False;0116401;True;0;6;0;0;0;0;0.0;False;0.0;4215365.78;477;8837.24;5811.42;;1816.6;-0.0367;157568.54;1022.2;-0.0563;11;-0.2071;;;;;0
passivo_ambiental_auto;21728894000100;21728894;RS;4372021;soja;0.0;0.0;0;0.0;0.0;False;False;78;0.0;05;2054;02;False;0210101;True;1;2;0;0;0;12;53671.94;False;0.0;4702656.59;2724;1726.38;4444.47;;2871.3;-0.1436;6684.69;1363.1;-0.0476;4;-0.0304;1;21537.69;207;1;1
limpo;41282897000170;41282897;TO;2599733;soja;0.0;0.0;0;0.0;0.0;False;False;208;0.0;03;4014;02;False;0113000;True;0;1;1;1;0;0;0.0;False;0.0;1134944.18;1648;688.68;2399.35;;3673.1;0.0845;644740.4;;;;;;;;;0
limpo;36537596000100;36537596;TO;2599733;soja;0.0;0.0;0;0.0;0.0;False;False;83;0.0;03;2135;02;False;0113000;True;0;5;2;2;1;0;0.0;False;0.0;1134944.18;1648;688.68;2399.35;;3673.1;0.0845;644740.4;;;;;;;;;0
limpo;43681911000134;43681911;GO;2631798;soja;0.0;0.0;0;0.0;0.0;False;False;294;1.0;01;2062;02;False;0111301;True;0;1;2;2;1;0;0.0;False;0.0;14413700.4;13;1108746.18;6417.73;;3194.9;-0.0821;19788.09;1403.2;-0.2716;20;0.8262;0;0.0;;0;0
limpo;21842256000116;21842256;RS;5323473;soja;0.0;0.0;0;0.0;0.0;False;False;274;0.0;03;2054;02;False;0210101;True;0;8;1;1;0;0;0.0;False;0.0;5770153.78;3796;1520.06;6107.33;;4184.9;0.3046;1406.53;1150.1;-0.4716;32;0.0109;;;;;0
limpo;35539627000108;35539627;GO;2856025;soja;0.0;0.0;0;0.0;0.0;False;False;418;0.0;03;2054;02;False;0113000;True;0;7;2;1;0;0;0.0;False;0.0;4215365.78;477;8837.24;5811.42;;1816.6;-0.0367;157568.54;1022.2;-0.0563;11;-0.2071;;;;;0
limpo;94851513000150;94851513;MT;4881066;soja;0.0;0.0;0;0.0;0.0;False;False;194;0.0;01;2054;02;False;0133403;True;0;6;1;0;0;0;0.0;False;0.0;;;;;;;;;;;;;;;;;0
limpo;83729641000109;83729641;SP;1144522;soja;0.0;0.0;0;0.0;0.0;False;False;169;0.0;05;2062;02;False;0210101;True;2;2;2;1;1;0;0.0;False;0.0;22685314.17;3452;6571.64;4478.12;;3859.7;-0.1003;15013.11;975.4;-0.3231;19;-0.3987;;;;;0
limpo;76334640000108;76334640;TO;2782512;soja;0.0;0.0;0;0.0;0.0;False;False;324;0.0;03;4014;02;False;0111301;True;0;5;0;0;0;0;0.0;False;0.0;;;;;;2863.3;-0.1129;5150.27;910.7;0.2631;25;0.1329;;;;;0
passivo_ambiental_auto;27197789000179;27197789;MT;4091416;soja;0.0;0.0;0;0.0;0.0;False;False;340;0.0;03;2054;02;False;0151201;True;0;6;1;0;0;2;2715607.13;False;0.0;9930345.71;3827;2594.81;2854.45;;2593.6;0.1175;64737.72;;;;;4;17081.93;237;3;0
passivo_ambiental_auto;43433510000165;43433510;RS;2897684;soja;0.0;0.0;0;0.0;0.0;False;False;157;0.0;01;4014;02;False;0133403;True;0;5;1;0;0;1;32862.24;False;0.0;25576731.08;1000;25576.73;5293.87;;3022.4;-0.1789;34484.31;791.9;0.1416;23;-0.3386;;;;;0
limpo;17921698000180;17921698;TO;2782512;soja;0.0;0.0;0;0.0;0.0;False;False;155;1.0;03;2054;02;False;0210101;True;0;4;0;0;0;0;0.0;False;0.0;;;;;;2863.3;-0.1129;5150.27;910.7;0.2631;25;0.1329;;;;;0
limpo;90206794000137;90206794;TO;1628136;soja;0.0;0.0;0;0.0;0.0;False;False;295;0.0;03;2054;02;False;0115600;True;0;4;0;0;0;0;0.0;False;0.0;22713744.04;630;36053.56;4855.95;;;;;;;;;;;;;0
limpo;96434643000112;96434643;TO;2395181;soja;0.0;0.0;0;0.0;0.0;False;False;397;0.0;05;2054;02;False;0210101;True;0;5;1;1;0;0;0.0;False;0.0;5222030.27;3113;1677.49;5412.59;;4009.6;0.3374;16612.29;725.4;0.2591;36;-0.1239;;;;;0
limpo;31864214000130;31864214;GO;3838683;soja;0.0;0.0;0;0.0;0.0;False;False;383;0.0;05;2054;02;False;0220901;True;0;7;0;0;0;0;0.0;False;0.0;8577457.59;2126;4034.55;3501.48;;;;;;;;;;;;;0
limpo;92286480000117;92286480;PI;4630374;soja;0.0;0.0;0;2262405.72;0.0;False;False;529;0.0;05;2135;02;False;0133403;True;0;2;1;0;0;0;0.0;False;0.0;13048266.74;1086;12014.98;3730.29;;4454.7;0.2245;24466.93;1518.2;0.2463;22;-0.0198;;;;;0
grupo_societario;41542991000111;41542991;SP;1144522;soja;0.0;0.0;0;0.0;0.0;False;False;510;0.0;01;4014;02;False;0121101;True;0;7;14;11;2;0;0.0;False;0.0;22685314.17;3452;6571.64;4478.12;;3859.7;-0.1003;15013.11;975.4;-0.3231;19;-0.3987;;;;;0
passivo_ambiental_auto;70196402000199;70196402;TO;2599733;soja;0.0;0.0;0;0.0;0.0;False;False;59;0.0;05;2135;02;False;0133403;True;0;4;1;0;0;4;255708.22;False;0.0;1134944.18;1648;688.68;2399.35;;3673.1;0.0845;644740.4;;;;;;;;;0
divida_ativa;99961177000111;99961177;MS;2167433;soja;34120.99;16795.28;7;0.0;-9140.88;False;True;509;0.0;05;2062;02;False;0311601;True;1;3;2;1;0;0;0.0;False;0.0;45698908.98;37;1235105.65;4640.03;;3388.1;-0.041;1178.06;747.3;0.3091;29;-0.1134;;;;;0
situacao_irregular;93589707000166;93589707;MA;1813278;soja;0.0;0.0;0;0.0;0.0;False;False;348;0.0;03;2054;04;True;0111301;True;0;8;1;0;0;0;0.0;False;0.0;;;;;;3988.3;0.1576;4152.02;852.3;0.0456;18;-0.0187;;;;;0
limpo;64450900000113;64450900;TO;1628136;soja;0.0;0.0;0;0.0;0.0;False;False;210;1.0;05;2240;02;False;0116401;True;1;5;1;1;0;0;0.0;False;0.0;22713744.04;630;36053.56;4855.95;;;;;;;;;;;;;0
limpo;43867505000160;43867505;PR;4168991;soja;0.0;0.0;0;0.0;0.0;False;False;403;0.0;03;2054;02;False;0311601;True;0;8;0;0;0;4;6204.36;False;0.0;;;;;;3272.2;-0.2374;11409.04;801.1;0.1095;21;-0.0934;;;;;0
passivo_ambiental_auto;43355581000197;43355581;GO;3763424;soja;0.0;0.0;0;0.0;0.0;False;False;286;52288.78;03;2054;02;False;0121101;True;0;3;0;0;0;1;432395.18;False;0.0;2844536.11;3158;900.74;4170.84;;3496.6;-0.1391;1857.33;;;;;;;;;0
divida_ativa;60039183000180;60039183;MT;3486350;soja;121012.99;35997.73;1;0.0;-7062.31;True;False;215;0.0;05;2062;02;False;0133403;True;0;2;1;0;0;0;0.0;False;0.0;65163087.4;3987;16343.89;5719.93;;2279.5;0.0795;14132.81;;;;;;;;;0
divida_ativa;46659499000144;46659499;MT;1342092;soja;24692.22;5320.57;7;0.0;-6817.07;False;False;428;0.0;01;4014;02;False;0115600;True;0;5;2;2;1;0;0.0;False;0.0;722846.84;2362;306.03;1988.84;;3594.8;0.0837;14558.01;663.4;-0.0379;31;0.4066;;;;;0
passivo_ambiental_auto;13276640000170;13276640;TO;1926828;soja;0.0;0.0;0;0.0;0.0;False;False;51;1.0;03;4014;02;False;0133403;True;1;1;0;0;0;4;68033.04;False;0.0;1592038.63;3955;402.54;2086.07;;2103.1;-0.0625;2779.51;847.2;0.0075;25;0.3455;;;;;0
limpo;71237842000100;71237842;TO;2599733;soja;0.0;0.0;0;0.0;0.0;False;False;155;0.0;05;2240;02;False;0121101;True;0;7;1;1;0;0;0.0;False;0.0;1134944.18;1648;688.68;2399.35;;3673.1;0.0845;644740.4;;;;;;;;;0
limpo;76372099000114;76372099;GO;2631798;soja;0.0;0.0;0;0.0;0.0;False;False;373;0.0;03;4014;02;False;0113000;True;1;6;1;0;0;0;0.0;False;0.0;14413700.4;13;1108746.18;6417.73;;3194.9;-0.0821;19788.09;1403.2;-0.2716;20;0.8262;4;5669.25;874;3;0
passivo_ambiental_auto;63197220000177;63197220;SP;4469177;soja;0.0;0.0;0;0.0;0.0;False;False;10;0.0;05;2135;02;False;0116401;True;0;6;1;1;0;2;7785.77;False;0.0;;;;;;;;;;;;;;;;;0
limpo;63010703000110;63010703;MT;4091416;soja;0.0;0.0;0;0.0;0.0;False;False;114;0.0;05;2054;02;False;0113000;True;1;4;0;0;0;0;0.0;False;0.0;9930345.71;3827;2594.81;2854.45;;2593.6;0.1175;64737.72;;;;;;;;;0
divida_ativa;76465010000164;76465010;BA;3889457;soja;26692.08;8083.9;4;0.0;-5945.13;False;True;37;0.0;01;2135;02;False;0111301;True;0;8;0;0;0;0;0.0;False;0.0;;;;;;3266.5;0.0304;5248.27;1073.2;0.0666;5;0.3658;;;;;0
grupo_societario;98796442000190;98796442;MT;3486350;soja;0.0;0.0;0;0.0;0.0;False;False;495;0.0;05;2062;02;False;0133403;True;2;8;12;5;2;0;0.0;False;0.0;65163087.4;3987;16343.89;5719.93;;2279.5;0.0795;14132.81;;;;;;;;;0
limpo;61506760000160;61506760;TO;4589069;soja;0.0;0.0;0;0.0;0.0;False;False;508;11033.43;03;2062;02;False;0133403;True;0;2;1;1;0;0;0.0;False;0.0;2443446.14;2744;890.47;4703.19;;2024.4;-0.0039;12496.35;1038.3;-0.1626;18;-0.1071;;;;;0
limpo;94731492000139;94731492;TO;2599733;soja;0.0;0.0;0;0.0;0.0;False;False;336;0.0;05;2054;02;False;0116401;True;0;2;2;0;0;0;0.0;False;0.0;1134944.18;1648;688.68;2399.35;;3673.1;0.0845;644740.4;;;;;;;;;0
divida_ativa;77953702000114;77953702;PA;3572518;soja;82337.33;65977.53;9;0.0;-21492.36;False;False;508;0.0;03;2240;02;False;0113000;True;0;6;2;1;0;0;0.0;False;0.0;8421494.89;3910;2153.84;5580.08;;;;;;;;;;;;;0
limpo;75263028000110;75263028;PR;4542087;soja;0.0;0.0;0;0.0;0.0;False;False;50;0.0;01;2240;02;False;0311601;True;1;4;2;2;1;0;0.0;False;0.0;2139970.45;3795;563.89;4484.0;;;;;;;;;;;;;0
limpo;28683820000144;28683820;PR;4374686;soja;0.0;0.0;0;0.0;0.0;False;False;446;0.0;05;2240;02;False;0220901;True;0;8;2;0;1;0;0.0;False;0.0;;;;;;;;;;;;;;;;;0
limpo;18747686000144;18747686;TO;4589069;soja;0.0;0.0;0;0.0;0.0;False;False;146;0.0;01;2062;02;False;0311601;True;0;4;2;1;1;0;0.0;False;0.0;2443446.14;2744;890.47;4703.19;;2024.4;-0.0039;12496.35;1038.3;-0.1626;18;-0.1071;;;;;0
limpo;98082088000132;98082088;RS;1296511;soja;0.0;0.0;0;0.0;0.0;False;False;406;0.0;01;4014;02;False;0115600;True;0;5;2;2;0;0;0.0;False;0.0;;;;;;;;;;;;;2;89389.48;833;1;0
passivo_ambiental_auto;38663679000171;38663679;RS;2897684;soja;0.0;0.0;0;0.0;0.0;False;False;560;1.0;01;2135;02;False;0113000;True;1;3;1;0;0;8;248.41;False;0.0;25576731.08;1000;25576.73;5293.87;;3022.4;-0.1789;34484.31;791.9;0.1416;23;-0.3386;;;;;0
limpo;65500187000138;65500187;RS;2897684;soja;0.0;0.0;0;0.0;0.0;False;False;49;1.0;03;2062;02;False;0116401;True;0;6;0;0;0;0;0.0;False;0.0;25576731.08;1000;25576.73;5293.87;;3022.4;-0.1789;34484.31;791.9;0.1416;23;-0.3386;;;;;0
passivo_ambiental_auto;40161549000182;40161549;GO;3838683;soja;0.0;0.0;0;0.0;0.0;False;False;167;0.0;05;2240;02;False;0133403;True;1;7;0;0;0;8;54767.24;False;0.0;8577457.59;2126;4034.55;3501.48;;;;;;;;;;;;;0
limpo;21387389000140;21387389;BA;1993507;soja;0.0;0.0;0;0.0;0.0;False;False;355;0.0;05;4014;02;False;0210101;True;1;8;2;2;1;0;0.0;False;0.0;;;;;;3041.8;-0.0835;4445.58;1427.8;0.2926;16;-0.2083;3;34290.8;606;3;0
limpo;98719102000166;98719102;PA;3572518;soja;0.0;0.0;0;0.0;0.0;False;False;535;0.0;01;2240;02;False;0151201;True;1;5;1;0;0;0;0.0;False;0.0;8421494.89;3910;2153.84;5580.08;;;;;;;;;2;1707.5;248;1;0
limpo;54962735000125;54962735;TO;5373788;soja;0.0;0.0;0;0.0;0.0;False;False;148;1.0;05;2240;02;False;0116401;True;0;6;1;1;0;0;0.0;False;0.0;;;;;;;;;;;;;;;;;0
limpo;25731762000199;25731762;MT;1342092;soja;0.0;0.0;0;0.0;0.0;False;False;351;0.0;05;2054;02;False;0210101;True;0;8;2;2;1;0;0.0;False;0.0;722846.84;2362;306.03;1988.84;;3594.8;0.0837;14558.01;663.4;-0.0379;31;0.4066;;;;;0
limpo;29641411000148;29641411;BA;3797806;soja;0.0;0.0;0;0.0;0.0;False;False;9;0.0;03;2054;02;False;0133403;True;1;5;0;0;0;0;0.0;False;0.0;4577751.8;3577;1279.77;1116.86;;3266.8;-0.1381;29664.1;1160.2;-0.1501;25;-0.5722;;;;;0
limpo;16844169000168;16844169;BA;1993507;soja;0.0;0.0;0;0.0;0.0;False;False;128;0.0;01;2240;02;False;0115600;True;0;2;1;1;0;0;0.0;False;0.0;;;;;;3041.8;-0.0835;4445.58;1427.8;0.2926;16;-0.2083;;;;;0
limpo;22870221000153;22870221;MG;2246509;soja;0.0;0.0;0;0.0;0.0;False;False;120;0.0;05;2240;02;False;0151201;True;0;4;0;0;0;0;0.0;False;0.0;18573077.57;406;45746.5;1183.29;;3809.0;-0.3511;358203.19;;;;;1;7136.95;276;1;0
limpo;88399260000122;88399260;TO;2782512;soja;0.0;0.0;0;0.0;0.0;False;False;99;0.0;05;2240;02;False;0133403;True;0;4;1;1;0;0;0.0;False;0.0;;;;;;2863.3;-0.1129;5150.27;910.7;0.2631;25;0.1329;;;;;0
limpo;33292561000160;33292561;TO;2625906;soja;0.0;0.0;0;0.0;0.0;False;False;401;0.0;01;2062;02;False;0111301;True;0;8;0;0;0;0;0.0;False;0.0;7076252.67;3896;1816.29;5129.4;;4004.9;-0.3294;61983.79;1163.5;-0.1957;26;-0.2281;;;;;0
passivo_ambiental_auto;61024565000101;61024565;MS;2167433;soja;9231.52;4537.48;9;0.0;-2616.47;False;True;458;0.0;03;2135;02;False;0111301;True;0;7;1;0;0;4;142888.71;False;0.0;45698908.98;37;1235105.65;4640.03;;3388.1;-0.041;1178.06;747.3;0.3091;29;-0.1134;;;;;0
divida_ativa;40990266000143;40990266;RS;2897684;soja;203095.21;139423.27;4;0.0;-50417.17;False;True;359;0.0;01;2054;02;False;0121101;True;0;7;1;0;0;0;0.0;False;0.0;25576731.08;1000;25576.73;5293.87;;3022.4;-0.1789;34484.31;791.9;0.1416;23;-0.3386;;;;;0
limpo;44877696000104;44877696;BA;1287110;soja;0.0;0.0;0;0.0;0.0;False;False;43;6718.66;01;2135;02;False;0111301;True;0;1;2;1;0;0;0.0;False;0.0;7170659.32;281;25518.36;5970.35;;3173.5;-0.0805;35165.31;;;;;;;;;0
limpo;49346304000102;49346304;PI;1498259;soja;0.0;0.0;0;0.0;0.0;False;False;243;1.0;05;2062;02;False;0311601;True;0;3;0;0;0;0;0.0;False;0.0;5961831.05;452;13189.89;2292.48;;3510.9;-0.3402;43788.4;;;;;;;;;0
grupo_societario;32538675000185;32538675;RS;1296511;soja;0.0;0.0;0;0.0;0.0;False;False;281;1.0;01;4014;02;False;0111301;True;1;6;9;2;1;0;0.0;False;0.0;;;;;;;;;;;;;;;;;0
limpo;11173934000141;11173934;MT;4952487;soja;0.0;0.0;0;0.0;0.0;False;False;64;0.0;01;2062;02;False;0133403;True;0;3;1;0;0;0;0.0;False;0.0;;;;;;4283.3;-0.0501;26781.4;1142.6;-0.1312;16;-0.1184;;;;;0
limpo;71061571000184;71061571;MG;2246509;soja;0.0;0.0;0;0.0;0.0;False;False;392;0.0;03;2054;02;False;0220901;True;1;7;0;0;0;0;0.0;False;0.0;18573077.57;406;45746.5;1183.29;;3809.0;-0.3511;358203.19;;;;;;;;;0
situacao_irregular;72628704000114;72628704;PI;4630374;soja;0.0;0.0;0;0.0;0.0;False;False;263;0.0;03;2135;08;True;0220901;True;1;3;2;0;0;0;0.0;False;0.0;13048266.74;1086;12014.98;3730.29;;4454.7;0.2245;24466.93;1518.2;0.2463;22;-0.0198;;;;;0
passivo_ambiental_auto;25507005000136;25507005;MT;4091416;soja;0.0;0.0;0;0.0;0.0;False;False;209;1.0;01;2054;02;False;0113000;True;0;3;1;1;0;7;1144811.06;False;0.0;9930345.71;3827;2594.81;2854.45;;2593.6;0.1175;64737.72;;;;;;;;;0
situacao_irregular;68925077000106;68925077;TO;2395181;soja;0.0;0.0;0;0.0;0.0;False;False;58;0.0;01;2062;04;True;0151201;True;0;6;1;1;0;0;0.0;False;0.0;5222030.27;3113;1677.49;5412.59;;4009.6;0.3374;16612.29;725.4;0.2591;36;-0.1239;;;;;0
limpo;49453440000193;49453440;MT;3486350;soja;0.0;0.0;0;0.0;0.0;False;False;75;0.0;01;2240;02;False;0220901;True;0;2;1;0;0;0;0.0;False;0.0;65163087.4;3987;16343.89;5719.93;;2279.5;0.0795;14132.81;;;;;0;0.0;;0;1
limpo;59830537000121;59830537;SP;4469177;soja;3952.52;201.25;9;0.0;1607.99;False;True;532;0.0;05;4014;02;False;0220901;True;0;3;2;1;1;0;0.0;False;0.0;;;;;;;;;;;;;;;;;0
divida_ativa;95255730000140;95255730;RS;5323473;soja;83632.77;16419.98;7;0.0;-10354.57;True;True;142;0.0;05;2135;02;False;0121101;True;1;3;0;0;0;0;0.0;False;0.0;5770153.78;3796;1520.06;6107.33;;4184.9;0.3046;1406.53;1150.1;-0.4716;32;0.0109;;;;;0
limpo;38268399000169;38268399;RS;4372021;soja;36804.45;17235.77;3;0.0;3488.54;True;True;356;0.0;03;2054;02;False;0151201;True;0;6;0;0;0;0;0.0;False;0.0;4702656.59;2724;1726.38;4444.47;;2871.3;-0.1436;6684.69;1363.1;-0.0476;4;-0.0304;5;166529.89;683;2;1
divida_ativa;89158875000120;89158875;GO;3763424;soja;132545.84;108015.83;7;0.0;-4967.43;False;True;420;0.0;05;2240;02;False;0151201;True;0;3;1;0;0;0;0.0;False;0.0;2844536.11;3158;900.74;4170.84;;3496.6;-0.1391;1857.33;;;;;;;;;0
limpo;30569974000151;30569974;RS;2897684;soja;0.0;0.0;0;0.0;0.0;False;False;345;0.0;01;2135;02;False;0311601;True;0;2;2;1;0;0;0.0;False;0.0;25576731.08;1000;25576.73;5293.87;;3022.4;-0.1789;34484.31;791.9;0.1416;23;-0.3386;;;;;0
limpo;73508357000159;73508357;MT;3486350;soja;0.0;0.0;0;0.0;0.0;False;False;509;2953.43;03;4014;02;False;0116401;True;0;4;1;1;0;0;0.0;False;0.0;65163087.4;3987;16343.89;5719.93;;2279.5;0.0795;14132.81;;;;;4;47338.68;615;2;0
limpo;21047495000184;21047495;TO;2599733;soja;0.0;0.0;0;0.0;0.0;False;False;161;10224.91;01;2054;02;False;0113000;True;0;5;2;1;1;7;58497.56;False;0.0;1134944.18;1648;688.68;2399.35;;3673.1;0.0845;644740.4;;;;;;;;;0
limpo;15226739000193;15226739;TO;5373788;soja;0.0;0.0;0;0.0;0.0;False;False;180;1.0;03;2062;02;False;0151201;True;0;2;0;0;0;0;0.0;False;0.0;;;;;;;;;;;;;;;;;0
limpo;72053763000101;72053763;GO;2631798;soja;0.0;0.0;0;0.0;0.0;False;False;235;0.0;01;2054;02;False;0210101;True;0;8;2;1;1;0;0.0;False;0.0;14413700.4;13;1108746.18;6417.73;;3194.9;-0.0821;19788.09;1403.2;-0.2716;20;0.8262;;;;;0
limpo;63833929000111;63833929;TO;5373788;soja;0.0;0.0;0;0.0;0.0;False;False;164;0.0;01;4014;02;False;0111301;True;0;8;1;0;0;0;0.0;False;0.0;;;;;;;;;;;;;;;;;0
divida_ativa;52943014000142;52943014;GO;2631798;soja;23126.14;9478.96;9;0.0;-1340.47;False;False;40;0.0;03;2135;02;False;0210101;True;0;1;2;1;1;0;0.0;False;0.0;14413700.4;13;1108746.18;6417.73;;3194.9;-0.0821;19788.09;1403.2;-0.2716;20;0.8262;;;;;1
limpo;63350155000178;63350155;GO;2856025;soja;0.0;0.0;0;0.0;0.0;False;False;438;0.0;05;2135;02;False;0115600;True;1;3;1;1;0;0;0.0;False;0.0;4215365.78;477;8837.24;5811.42;;1816.6;-0.0367;157568.54;1022.2;-0.0563;11;-0.2071;;;;;0
limpo;28836248000106;28836248;MT;4872493;soja;0.0;0.0;0;0.0;0.0;False;False;15;0.0;05;2240;02;False;0311601;True;0;1;1;0;0;0;0.0;False;0.0;12871579.85;766;16803.63;1283.72;;2678.2;-0.0379;315502.18;1164.2;-0.4814;30;-0.3935;;;;;0
limpo;29838164000174;29838164;BA;3889457;soja;0.0;0.0;0;0.0;0.0;False;False;547;7492.32;03;2062;02;False;0133403;True;2;5;2;2;1;0;0.0;False;0.0;;;;;;3266.5;0.0304;5248.27;1073.2;0.0666;5;0.3658;;;;;0
limpo;89097226000166;89097226;MT;4872493;soja;0.0;0.0;0;0.0;0.0;False;False;242;9573.05;05;2135;02;False;0133403;True;0;1;1;0;0;0;0.0;False;0.0;12871579.85;766;16803.63;1283.72;;2678.2;-0.0379;315502.18;1164.2;-0.4814;30;-0.3935;;;;;0
limpo;15441743000174;15441743;MA;1813278;soja;0.0;0.0;0;0.0;0.0;False;False;286;0.0;05;2054;02;False;0115600;True;0;5;0;0;0;0;0.0;False;0.0;;;;;;3988.3;0.1576;4152.02;852.3;0.0456;18;-0.0187;;;;;0
limpo;87869937000186;87869937;GO;3763424;soja;0.0;0.0;0;0.0;0.0;False;False;404;0.0;03;2135;02;False;0220901;True;0;1;1;1;0;0;0.0;False;0.0;2844536.11;3158;900.74;4170.84;;3496.6;-0.1391;1857.33;;;;;;;;;0
grupo_societario;12777085000106;12777085;RS;2897684;soja;0.0;0.0;0;0.0;0.0;False;False;171;1.0;01;2135;02;False;0210101;True;0;5;11;4;4;0;0.0;False;0.0;25576731.08;1000;25576.73;5293.87;;3022.4;-0.1789;34484.31;791.9;0.1416;23;-0.3386;;;;;0
limpo;30880066000184;30880066;PR;4168991;soja;0.0;0.0;0;0.0;0.0;False;False;282;150748.44;01;4014;02;False;0220901;True;0;2;0;0;0;0;0.0;False;0.0;;;;;;3272.2;-0.2374;11409.04;801.1;0.1095;21;-0.0934;;;;;0
limpo;21176055000127;21176055;TO;2625906;soja;0.0;0.0;0;0.0;0.0;False;False;24;1.0;05;2062;02;False;0111301;True;0;6;0;0;0;0;0.0;False;0.0;7076252.67;3896;1816.29;5129.4;;4004.9;-0.3294;61983.79;1163.5;-0.1957;26;-0.2281;;;;;0
limpo;74248731000197;74248731;TO;4589069;soja;0.0;0.0;0;0.0;0.0;False;False;448;0.0;05;2054;02;False;0116401;True;0;8;1;0;0;0;0.0;False;0.0;2443446.14;2744;890.47;4703.19;;2024.4;-0.0039;12496.35;1038.3;-0.1626;18;-0.1071;6;87824.26;675;2;0
limpo;96238565000180;96238565;BA;3797806;soja;0.0;0.0;0;0.0;0.0;False;False;387;0.0;03;2062;02;False;0210101;True;1;2;0;0;0;0;0.0;False;0.0;4577751.8;3577;1279.77;1116.86;;3266.8;-0.1381;29664.1;1160.2;-0.1501;25;-0.5722;;;;;0
limpo;85351481000132;85351481;PI;3137869;soja;0.0;0.0;0;0.0;0.0;False;False;354;0.0;01;2240;02;False;0116401;True;0;7;1;1;0;0;0.0;False;0.0;10177003.44;1015;10026.6;5071.94;;2744.9;-0.3095;14240.48;640.1;0.0766;0;0.6749;;;;;0
situacao_irregular;99231121000101;99231121;MA;2547930;soja;0.0;0.0;0;0.0;0.0;False;False;549;0.0;03;2240;03;True;0151201;True;0;1;0;0;0;0;0.0;False;0.0;3056399.2;3421;893.42;2943.06;;3413.0;0.1153;12947.73;1079.8;-0.105;39;-0.2894;;;;;0
limpo;22492482000187;22492482;MT;4881066;soja;0.0;0.0;0;0.0;0.0;False;False;276;1.0;03;2062;02;False;0113000;True;0;2;2;0;0;0;0.0;False;0.0;;;;;;;;;;;;;;;;;0
divida_ativa;20692205000192;20692205;MT;3047606;soja;1270828.23;1151776.3;5;0.0;29127.16;False;True;436;0.0;03;2240;02;False;0115600;True;0;2;2;2;0;0;0.0;False;0.0;3490150.22;1814;1924.01;3376.09;;;;;;;;;;;;;1
limpo;58469806000103;58469806;RS;1296511;soja;0.0;0.0;0;0.0;0.0;False;False;89;0.0;01;4014;02;False;0111301;True;0;1;0;0;0;0;0.0;False;0.0;;;;;;;;;;;;;;;;;0
limpo;78408689000185;78408689;GO;2092240;soja;0.0;0.0;0;0.0;0.0;False;False;198;0.0;01;2062;02;False;0121101;True;0;7;2;0;1;0;0.0;False;0.0;3025600.14;2445;1237.46;6478.28;;;;;;;;;;;;;0
grupo_societario;65236368000107;65236368;PI;4630374;soja;0.0;0.0;0;0.0;0.0;False;False;267;0.0;03;2062;02;False;0111301;True;0;4;10;4;5;0;0.0;False;0.0;13048266.74;1086;12014.98;3730.29;;4454.7;0.2245;24466.93;1518.2;0.2463;22;-0.0198;;;;;0
passivo_ambiental_auto;87873678000167;87873678;MT;4952487;soja;0.0;0.0;0;0.0;0.0;False;False;53;1.0;05;2054;02;False;0113000;True;2;5;2;0;0;4;18161.33;False;0.0;;;;;;4283.3;-0.0501;26781.4;1142.6;-0.1312;16;-0.1184;;;;;0
passivo_ambiental_auto;11846825000148;11846825;PR;4374686;soja;0.0;0.0;0;0.0;0.0;False;False;132;1.0;03;2054;02;False;0121101;True;0;5;1;1;0;4;181917.75;False;0.0;;;;;;;;;;;;;;;;;0
passivo_ambiental_auto;98892878000183;98892878;TO;1926828;soja;0.0;0.0;0;0.0;0.0;False;False;168;0.0;01;2054;02;False;0220901;True;0;7;1;0;0;5;37497.89;False;0.0;1592038.63;3955;402.54;2086.07;;2103.1;-0.0625;2779.51;847.2;0.0075;25;0.3455;;;;;0
limpo;11847858000102;11847858;MG;2246509;soja;0.0;0.0;0;0.0;0.0;False;False;466;0.0;03;2054;02;False;0121101;True;0;8;0;0;0;0;0.0;False;0.0;18573077.57;406;45746.5;1183.29;;3809.0;-0.3511;358203.19;;;;;;;;;0
limpo;41463449000173;41463449;GO;2092240;soja;0.0;0.0;0;0.0;0.0;False;False;385;0.0;05;2062;02;False;0151201;True;1;5;2;2;1;0;0.0;False;0.0;3025600.14;2445;1237.46;6478.28;;;;;;;;;;;;;1
grupo_societario;24377289000120;24377289;RS;4372021;soja;0.0;0.0;0;0.0;0.0;False;False;548;1864.25;01;2135;02;False;0115600;True;0;7;10;9;2;0;0.0;False;0.0;4702656.59;2724;1726.38;4444.47;;2871.3;-0.1436;6684.69;1363.1;-0.0476;4;-0.0304;;;;;1
limpo;51115997000166;51115997;TO;1926828;soja;0.0;0.0;0;0.0;0.0;False;False;371;0.0;03;4014;02;False;0116401;True;1;6;2;0;1;0;0.0;False;0.0;1592038.63;3955;402.54;2086.07;;2103.1;-0.0625;2779.51;847.2;0.0075;25;0.3455;;;;;0
limpo;76189546000102;76189546;RS;2897684;soja;0.0;0.0;0;0.0;0.0;False;False;242;0.0;01;2135;02;False;0133403;True;0;2;0;0;0;0;0.0;False;0.0;25576731.08;1000;25576.73;5293.87;;3022.4;-0.1789;34484.31;791.9;0.1416;23;-0.3386;;;;;0
limpo;28216197000110;28216197;MT;3047606;soja;0.0;0.0;0;0.0;0.0;False;False;424;0.0;03;4014;02;False;0133403;True;1;2;1;1;0;0;0.0;False;0.0;3490150.22;1814;1924.01;3376.09;;;;;;;;;4;1543.93;124;1;0
limpo;94437310000111;94437310;GO;3838683;soja;0.0;0.0;0;0.0;0.0;False;False;12;275.5;03;2240;02;False;0111301;True;0;4;1;1;0;0;0.0;False;0.0;8577457.59;2126;4034.55;3501.48;;;;;;;;;;;;;0
situacao_irregular;70714168000144;70714168;MT;5020745;soja;0.0;0.0;0;0.0;0.0;False;False;166;0.0;01;2135;08;True;0116401;True;1;4;0;0;0;11;135502.26;False;0.0;16832610.2;2938;5729.28;2659.43;;2865.5;-0.0685;23248.53;1087.1;-0.1985;10;0.5319;;;;;1
limpo;70326441000163;70326441;BA;3797806;soja;0.0;0.0;0;0.0;0.0;False;False;312;1.0;03;2135;02;False;0111301;True;1;3;0;0;0;0;0.0;False;0.0;4577751.8;3577;1279.77;1116.86;;3266.8;-0.1381;29664.1;1160.2;-0.1501;25;-0.5722;;;;;0
limpo;14715002000171;14715002;MA;1813278;soja;0.0;0.0;0;0.0;0.0;False;False;163;0.0;03;2135;02;False;0113000;True;0;6;1;1;0;0;0.0;False;0.0;;;;;;3988.3;0.1576;4152.02;852.3;0.0456;18;-0.0187;6;190866.99;583;1;0
limpo;69737061000132;69737061;MT;3486350;soja;0.0;0.0;0;0.0;0.0;False;False;206;0.0;03;4014;02;False;0133403;True;1;2;0;0;0;0;0.0;False;0.0;65163087.4;3987;16343.89;5719.93;;2279.5;0.0795;14132.81;;;;;;;;;0
situacao_irregular;40834888000182;40834888;GO;2092240;soja;0.0;0.0;0;0.0;0.0;False;False;144;0.0;01;4014;08;True;0116401;True;1;4;0;0;0;0;0.0;False;0.0;3025600.14;2445;1237.46;6478.28;;;;;;;;;;;;;0
passivo_ambiental_auto;82970220000102;82970220;BA;3889457;soja;0.0;0.0;0;0.0;0.0;False;False;271;0.0;05;2135;02;False;0113000;True;0;8;0;0;0;9;86200.35;False;0.0;;;;;;3266.5;0.0304;5248.27;1073.2;0.0666;5;0.3658;;;;;0
limpo;39596058000185;39596058;SP;4469177;soja;0.0;0.0;0;0.0;0.0;False;False;88;1.0;03;2054;02;False;0113000;True;0;6;0;0;0;0;0.0;False;0.0;;;;;;;;;;;;;;;;;1
divida_ativa;99238969000162;99238969;MA;1813278;soja;214058.08;172952.96;2;0.0;-31608.33;False;True;557;0.0;01;4014;02;False;0115600;True;0;6;2;1;1;0;0.0;False;0.0;;;;;;3988.3;0.1576;4152.02;852.3;0.0456;18;-0.0187;;;;;0
limpo;49210089000100;49210089;BA;3889457;soja;0.0;0.0;0;0.0;0.0;False;False;508;0.0;01;2135;02;False;0113000;True;1;5;0;0;0;0;0.0;False;0.0;;;;;;3266.5;0.0304;5248.27;1073.2;0.0666;5;0.3658;;;;;0
limpo;72931255000189;72931255;GO;3355082;soja;60806.63;2970.6;5;0.0;140.86;False;True;534;0.0;01;2054;02;False;0121101;True;0;4;0;0;0;0;0.0;False;0.0;344902.69;1555;221.8;1341.28;;3426.5;-0.1292;14743.52;1302.6;0.1067;12;-0.0223;3;60592.5;236;2;0
limpo;32848643000186;32848643;MA;2547930;soja;0.0;0.0;0;0.0;0.0;False;False;422;0.0;03;4014;02;False;0311601;True;0;6;0;0;0;0;0.0;False;0.0;3056399.2;3421;893.42;2943.06;;3413.0;0.1153;12947.73;1079.8;-0.105;39;-0.2894;;;;;0
divida_ativa;95395354000199;95395354;TO;2395181;soja;142117.22;9168.62;5;0.0;62888.42;False;True;547;0.0;05;4014;02;False;0115600;True;0;5;2;2;0;0;0.0;False;0.0;5222030.27;3113;1677.49;5412.59;;4009.6;0.3374;16612.29;725.4;0.2591;36;-0.1239;;;;;0
limpo;43422272000192;43422272;RS;1296511;soja;0.0;0.0;0;0.0;0.0;False;False;164;0.0;01;2054;02;False;0311601;True;0;3;0;0;0;0;0.0;False;0.0;;;;;;;;;;;;;;;;;0
limpo;51271494000180;51271494;TO;1628136;soja;0.0;0.0;0;0.0;0.0;False;False;547;0.0;01;2240;02;False;0151201;True;0;1;0;0;0;0;0.0;False;0.0;22713744.04;630;36053.56;4855.95;;;;;;;;;;;;;0
grupo_societario;94776255000194;94776255;GO;2631798;soja;0.0;0.0;0;0.0;0.0;False;False;418;1.0;05;2240;02;False;0210101;True;0;3;14;4;3;0;0.0;False;0.0;14413700.4;13;1108746.18;6417.73;;3194.9;-0.0821;19788.09;1403.2;-0.2716;20;0.8262;;;;;0
limpo;73059790000154;73059790;TO;2395181;soja;0.0;0.0;0;0.0;0.0;False;False;549;0.0;01;2135;02;False;0111301;True;0;3;1;1;0;0;0.0;False;0.0;5222030.27;3113;1677.49;5412.59;;4009.6;0.3374;16612.29;725.4;0.2591;36;-0.1239;;;;;0
limpo;18258427000150;18258427;GO;2092240;soja;0.0;0.0;0;0.0;0.0;False;False;250;0.0;01;2135;02;False;0210101;True;0;5;1;1;0;0;0.0;False;0.0;3025600.14;2445;1237.46;6478.28;;;;;;;;;;;;;0
passivo_ambiental_auto;23713785000145;23713785;BA;1287110;soja;0.0;0.0;0;0.0;0.0;False;False;132;0.0;05;2135;02;False;0116401;True;0;4;2;1;0;10;604724.4;False;0.0;7170659.32;281;25518.36;5970.35;;3173.5;-0.0805;35165.31;;;;;;;;;0
situacao_irregular;14665068000102;14665068;GO;3355082;soja;0.0;0.0;0;0.0;0.0;False;False;404;0.0;05;2054;08;True;0220901;True;0;1;2;0;0;0;0.0;False;0.0;344902.69;1555;221.8;1341.28;;3426.5;-0.1292;14743.52;1302.6;0.1067;12;-0.0223;;;;;0
passivo_ambiental_embargo;13945762000102;13945762;TO;2395181;soja;0.0;0.0;0;0.0;0.0;False;False;542;223873.69;01;2054;02;False;0210101;True;0;8;1;1;0;13;296714.5;True;2881.3;5222030.27;3113;1677.49;5412.59;;4009.6;0.3374;16612.29;725.4;0.2591;36;-0.1239;;;;;0
situacao_irregular;38682565000179;38682565;MA;1813278;soja;0.0;0.0;0;0.0;0.0;False;False;132;1.0;05;4014;04;True;0151201;True;0;5;0;0;0;0;0.0;False;0.0;;;;;;3988.3;0.1576;4152.02;852.3;0.0456;18;-0.0187;;;;;0
limpo;56030008000155;56030008;PI;4630374;soja;0.0;0.0;0;0.0;0.0;False;False;226;0.0;05;2135;02;False;0111301;True;0;5;1;1;0;0;0.0;False;0.0;13048266.74;1086;12014.98;3730.29;;4454.7;0.2245;24466.93;1518.2;0.2463;22;-0.0198;;;;;0
limpo;14896647000158;14896647;TO;2599733;soja;0.0;0.0;0;0.0;0.0;False;False;49;1.0;05;2062;02;False;0210101;True;0;7;1;1;0;0;0.0;False;0.0;1134944.18;1648;688.68;2399.35;;3673.1;0.0845;644740.4;;;;;;;;;0
limpo;22882933000192;22882933;GO;3355082;soja;0.0;0.0;0;0.0;0.0;False;False;62;0.0;01;2240;02;False;0121101;True;0;2;0;0;0;0;0.0;False;0.0;344902.69;1555;221.8;1341.28;;3426.5;-0.1292;14743.52;1302.6;0.1067;12;-0.0223;;;;;0
limpo;71153456000130;71153456;TO;2395181;soja;0.0;0.0;0;0.0;0.0;False;False;354;0.0;03;4014;02;False;0220901;True;0;2;0;0;0;0;0.0;False;0.0;5222030.27;3113;1677.49;5412.59;;4009.6;0.3374;16612.29;725.4;0.2591;36;-0.1239;3;4905.95;644;2;0
limpo;29138883000182;29138883;MT;3047606;soja;0.0;0.0;0;0.0;0.0;False;False;317;1.0;01;4014;02;False;0133403;True;1;6;1;1;0;0;0.0;False;0.0;3490150.22;1814;1924.01;3376.09;;;;;;;;;;;;;0
situacao_irregular;80948559000187;80948559;GO;3763424;soja;0.0;0.0;0;0.0;0.0;False;False;385;0.0;05;2062;03;True;0311601;True;1;6;2;2;0;0;0.0;False;0.0;2844536.11;3158;900.74;4170.84;;3496.6;-0.1391;1857.33;;;;;;;;;0
limpo;12117054000110;12117054;GO;2631798;soja;0.0;0.0;0;0.0;0.0;False;False;436;1.0;05;2054;02;False;0151201;True;1;8;1;0;0;0;0.0;False;0.0;14413700.4;13;1108746.18;6417.73;;3194.9;-0.0821;19788.09;1403.2;-0.2716;20;0.8262;;;;;0
limpo;95466762000194;95466762;MT;4091416;soja;0.0;0.0;0;0.0;0.0;False;False;323;0.0;01;2135;02;False;0116401;True;0;4;1;1;0;0;0.0;False;0.0;9930345.71;3827;2594.81;2854.45;;2593.6;0.1175;64737.72;;;;;;;;;0
limpo;85141628000160;85141628;MT;3486350;soja;0.0;0.0;0;0.0;0.0;False;False;413;0.0;03;2054;02;False;0115600;True;0;3;2;2;0;0;0.0;False;0.0;65163087.4;3987;16343.89;5719.93;;2279.5;0.0795;14132.81;;;;;;;;;0
limpo;39581231000171;39581231;BA;1287110;soja;0.0;0.0;0;0.0;0.0;False;False;23;1.0;03;2062;02;False;0210101;True;2;2;1;0;0;0;0.0;False;0.0;7170659.32;281;25518.36;5970.35;;3173.5;-0.0805;35165.31;;;;;;;;;0
passivo_ambiental_auto;29762536000126;29762536;MT;3047606;soja;0.0;0.0;0;0.0;0.0;False;False;397;0.0;03;2054;02;False;0111301;True;1;4;1;0;0;9;124955.86;False;0.0;3490150.22;1814;1924.01;3376.09;;;;;;;;;;;;;0
divida_ativa;80934691000130;80934691;TO;2782512;soja;20971.28;15737.31;5;0.0;6748.03;True;True;324;1.0;03;2062;02;False;0115600;True;1;3;1;1;0;0;0.0;False;0.0;;;;;;2863.3;-0.1129;5150.27;910.7;0.2631;25;0.1329;;;;;1
passivo_ambiental_auto;68283799000104;68283799;GO;3763424;soja;0.0;0.0;0;0.0;0.0;False;False;402;0.0;01;2062;02;False;0116401;True;1;6;1;0;0;2;559062.14;False;0.0;2844536.11;3158;900.74;4170.84;;3496.6;-0.1391;1857.33;;;;;;;;;0
limpo;49330435000193;49330435;TO;1628136;soja;0.0;0.0;0;0.0;0.0;False;False;540;0.0;05;2054;02;False;0121101;True;0;1;2;2;1;0;0.0;False;0.0;22713744.04;630;36053.56;4855.95;;;;;;;;;;;;;0
limpo;76473852000168;76473852;MG;2246509;soja;0.0;0.0;0;0.0;0.0;False;False;149;0.0;03;2135;02;False;0311601;True;0;1;1;0;0;0;0.0;False;0.0;18573077.57;406;45746.5;1183.29;;3809.0;-0.3511;358203.19;;;;;;;;;0
situacao_irregular;16401529000157;16401529;RS;1296511;soja;0.0;0.0;0;0.0;0.0;False;False;542;0.0;03;2062;03;True;0116401;True;0;8;0;0;0;0;0.0;False;0.0;;;;;;;;;;;;;;;;;0
grupo_societario;52171230000117;52171230;GO;2092240;soja;0.0;0.0;0;0.0;0.0;False;False;87;0.0;01;2135;02;False;0111301;True;0;3;9;0;3;0;0.0;False;0.0;3025600.14;2445;1237.46;6478.28;;;;;;;;;;;;;0
limpo;78893211000198;78893211;MT;3486350;soja;0.0;0.0;0;0.0;0.0;False;False;130;0.0;03;2062;02;False;0220901;True;0;5;1;0;0;0;0.0;False;0.0;65163087.4;3987;16343.89;5719.93;;2279.5;0.0795;14132.81;;;;;;;;;0
limpo;63094995000117;63094995;MT;4881066;soja;0.0;0.0;0;0.0;0.0;False;False;468;0.0;03;2062;02;False;0121101;True;0;2;0;0;0;0;0.0;False;0.0;;;;;;;;;;;;;;;;;0
divida_ativa;77063002000154;77063002;BA;3797806;soja;24999.62;1879.44;3;0.0;10063.48;False;False;192;0.0;01;2240;02;False;0220901;True;1;7;0;0;0;0;0.0;False;0.0;4577751.8;3577;1279.77;1116.86;;3266.8;-0.1381;29664.1;1160.2;-0.1501;25;-0.5722;;;;;1
limpo;75941954000106;75941954;MA;1849363;soja;0.0;0.0;0;0.0;0.0;False;False;558;0.0;01;4014;02;False;0113000;True;0;6;1;1;0;0;0.0;False;0.0;1890436.06;790;2392.96;3254.5;;2951.6;0.2319;11567.52;1244.5;-0.2244;14;0.2749;;;;;0
divida_ativa;13076093000180;13076093;RS;4372021;soja;3939.87;2682.05;2;0.0;1024.72;False;False;247;1.0;05;2135;02;False;0115600;True;0;1;2;1;0;0;0.0;False;0.0;4702656.59;2724;1726.38;4444.47;;2871.3;-0.1436;6684.69;1363.1;-0.0476;4;-0.0304;;;;;1
limpo;94446429000150;94446429;SP;1144522;soja;0.0;0.0;0;0.0;0.0;False;False;21;1.0;05;2054;02;False;0111301;True;0;7;0;0;0;0;0.0;False;0.0;22685314.17;3452;6571.64;4478.12;;3859.7;-0.1003;15013.11;975.4;-0.3231;19;-0.3987;;;;;0
limpo;33382705000170;33382705;PR;4542087;soja;0.0;0.0;0;0.0;0.0;False;False;46;0.0;05;2240;02;False;0116401;True;0;5;1;0;0;0;0.0;False;0.0;2139970.45;3795;563.89;4484.0;;;;;;;;;;;;;0
passivo_ambiental_auto;14551461000167;14551461;GO;3355082;soja;0.0;0.0;0;0.0;0.0;False;False;262;0.0;03;2135;02;False;0151201;True;1;6;2;2;0;12;16699.57;False;0.0;344902.69;1555;221.8;1341.28;;3426.5;-0.1292;14743.52;1302.6;0.1067;12;-0.0223;;;;;0
limpo;94029135000123;94029135;GO;2631798;soja;0.0;0.0;0;0.0;0.0;False;False;189;0.0;05;2054;02;False;0133403;True;0;4;0;0;0;0;0.0;False;0.0;14413700.4;13;1108746.18;6417.73;;3194.9;-0.0821;19788.09;1403.2;-0.2716;20;0.8262;;;;;0
limpo;92622134000162;92622134;GO;3763424;soja;0.0;0.0;0;0.0;0.0;False;False;478;0.0;05;2054;02;False;0121101;True;0;7;0;0;0;0;0.0;False;0.0;2844536.11;3158;900.74;4170.84;;3496.6;-0.1391;1857.33;;;;;;;;;0
passivo_ambiental_auto;27379520000103;27379520;TO;2782512;soja;0.0;0.0;0;0.0;0.0;False;False;550;0.0;05;2062;02;False;0121101;True;0;4;2;1;0;4;22390.72;False;0.0;;;;;;2863.3;-0.1129;5150.27;910.7;0.2631;25;0.1329;;;;;0
divida_ativa;62365641000105;62365641;MT;4091416;soja;1342.15;612.87;1;3176824.51;179.06;False;True;389;0.0;01;4014;02;False;0121101;True;0;7;2;0;0;0;0.0;False;0.0;9930345.71;3827;2594.81;2854.45;;2593.6;0.1175;64737.72;;;;;;;;;0
limpo;95671339000126;95671339;TO;2625906;soja;0.0;0.0;0;0.0;0.0;False;False;406;1.0;01;2135;02;False;0220901;True;2;2;2;1;1;0;0.0;False;0.0;7076252.67;3896;1816.29;5129.4;;4004.9;-0.3294;61983.79;1163.5;-0.1957;26;-0.2281;;;;;0
divida_ativa;54007398000117;54007398;TO;2599733;soja;126005.76;117457.67;3;0.0;-3190.4;True;False;419;61898.61;03;4014;02;False;0311601;True;1;6;1;0;0;0;0.0;False;0.0;1134944.18;1648;688.68;2399.35;;3673.1;0.0845;644740.4;;;;;;;;;0
limpo;62508567000120;62508567;BA;3889457;soja;0.0;0.0;0;0.0;0.0;False;False;338;0.0;03;2054;02;False;0151201;True;1;4;2;0;0;8;1865898.59;False;0.0;;;;;;3266.5;0.0304;5248.27;1073.2;0.0666;5;0.3658;;;;;0
limpo;78761110000163;78761110;TO;2625906;soja;0.0;0.0;0;0.0;0.0;False;False;209;0.0;05;2240;02;False;0311601;True;0;1;0;0;0;0;0.0;False;0.0;7076252.67;3896;1816.29;5129.4;;4004.9;-0.3294;61983.79;1163.5;-0.1957;26;-0.2281;;;;;0
limpo;51282753000178;51282753;MT;4091416;soja;0.0;0.0;0;0.0;0.0;False;False;183;0.0;01;2054;02;False;0133403;True;0;2;0;0;0;0;0.0;False;0.0;9930345.71;3827;2594.81;2854.45;;2593.6;0.1175;64737.72;;;;;;;;;0
limpo;52590001000137;52590001;MT;3486350;soja;119921.39;96222.83;5;0.0;40049.36;True;True;473;0.0;05;2062;02;False;0311601;True;0;1;1;0;0;0;0.0;False;0.0;65163087.4;3987;16343.89;5719.93;;2279.5;0.0795;14132.81;;;;;;;;;1
limpo;79022241000191;79022241;MT;4091416;soja;0.0;0.0;0;0.0;0.0;False;False;444;0.0;03;4014;02;False;0220901;True;0;8;1;1;0;0;0.0;False;0.0;9930345.71;3827;2594.81;2854.45;;2593.6;0.1175;64737.72;;;;;;;;;0
limpo;55350898000110;55350898;SP;1144522;soja;0.0;0.0;0;0.0;0.0;False;False;438;30637.49;03;4014;02;False;0151201;True;0;3;2;1;0;0;0.0;False;0.0;22685314.17;3452;6571.64;4478.12;;3859.7;-0.1003;15013.11;975.4;-0.3231;19;-0.3987;;;;;0
limpo;54599850000187;54599850;TO;4589069;soja;66738.02;24860.15;4;0.0;26877.15;True;True;124;1.0;03;2062;02;False;0116401;True;0;6;0;0;0;0;0.0;False;0.0;2443446.14;2744;890.47;4703.19;;2024.4;-0.0039;12496.35;1038.3;-0.1626;18;-0.1071;;;;;0
limpo;94960511000107;94960511;RS;3466531;soja;0.0;0.0;0;0.0;0.0;False;False;543;0.0;03;4014;02;False;0311601;True;3;8;2;0;1;0;0.0;False;0.0;3897875.17;1357;2872.42;4389.67;;;;;;;;;6;22249.38;709;1;0
divida_ativa;49281259000147;49281259;PR;4168991;soja;44175.98;43504.06;3;0.0;-3077.71;False;True;229;1.0;01;4014;02;False;0111301;True;0;4;0;0;0;0;0.0;False;0.0;;;;;;3272.2;-0.2374;11409.04;801.1;0.1095;21;-0.0934;;;;;0
limpo;29221670000110;29221670;GO;2092240;soja;0.0;0.0;0;0.0;0.0;False;False;14;1.0;05;2135;02;False;0121101;True;0;3;2;0;1;0;0.0;False;0.0;3025600.14;2445;1237.46;6478.28;;;;;;;;;;;;;0
limpo;73305233000176;73305233;MA;1849363;soja;0.0;0.0;0;0.0;0.0;False;False;497;0.0;03;2240;02;False;0220901;True;0;8;2;0;1;0;0.0;False;0.0;1890436.06;790;2392.96;3254.5;;2951.6;0.2319;11567.52;1244.5;-0.2244;14;0.2749;;;;;0
grupo_societario;53679044000156;53679044;RS;4372021;soja;0.0;0.0;0;0.0;0.0;False;False;252;1.0;03;2062;02;False;0220901;True;1;8;24;3;10;0;0.0;False;0.0;4702656.59;2724;1726.38;4444.47;;2871.3;-0.1436;6684.69;1363.1;-0.0476;4;-0.0304;;;;;0
limpo;38866008000108;38866008;PR;4542087;soja;0.0;0.0;0;0.0;0.0;False;False;196;17211.05;01;2240;02;False;0113000;True;0;4;2;2;1;0;0.0;False;0.0;2139970.45;3795;563.89;4484.0;;;;;;;;;;;;;0
divida_ativa;53883117000127;53883117;PI;3137869;soja;175620.29;25267.01;3;0.0;-1588.69;False;False;559;0.0;05;2240;02;False;0151201;True;0;8;2;2;1;0;0.0;False;0.0;10177003.44;1015;10026.6;5071.94;;2744.9;-0.3095;14240.48;640.1;0.0766;0;0.6749;;;;;0
limpo;62758546000163;62758546;GO;2856025;soja;0.0;0.0;0;0.0;0.0;False;False;516;0.0;05;2062;02;False;0113000;True;1;8;2;0;0;0;0.0;False;0.0;4215365.78;477;8837.24;5811.42;;1816.6;-0.0367;157568.54;1022.2;-0.0563;11;-0.2071;;;;;0
limpo;17440698000169;17440698;RS;5323473;soja;0.0;0.0;0;0.0;0.0;False;False;121;0.0;05;2240;02;False;0113000;True;0;4;2;0;0;0;0.0;False;0.0;5770153.78;3796;1520.06;6107.33;;4184.9;0.3046;1406.53;1150.1;-0.4716;32;0.0109;;;;;0
divida_ativa;23228017000104;23228017;PA;3572518;soja;90412.18;71478.58;1;0.0;-14591.34;False;True;506;0.0;05;2054;02;False;0220901;True;0;8;1;1;0;0;0.0;False;0.0;8421494.89;3910;2153.84;5580.08;;;;;;;;;;;;;0
limpo;57964620000168;57964620;MT;4091416;soja;0.0;0.0;0;0.0;0.0;False;False;47;0.0;03;2240;02;False;0116401;True;1;2;1;1;0;0;0.0;False;0.0;9930345.71;3827;2594.81;2854.45;;2593.6;0.1175;64737.72;;;;;;;;;0
passivo_ambiental_auto;31878126000197;31878126;MT;5020745;soja;0.0;0.0;0;4967266.97;0.0;False;False;362;0.0;01;2240;02;False;0116401;True;0;4;2;0;0;10;746378.87;False;0.0;16832610.2;2938;5729.28;2659.43;;2865.5;-0.0685;23248.53;1087.1;-0.1985;10;0.5319;;;;;0
limpo;73095299000189;73095299;RS;4372021;soja;0.0;0.0;0;0.0;0.0;False;False;55;0.0;05;2135;02;False;0111301;True;0;2;1;1;0;0;0.0;False;0.0;4702656.59;2724;1726.38;4444.47;;2871.3;-0.1436;6684.69;1363.1;-0.0476;4;-0.0304;3;30415.29;120;3;0
limpo;25127624000103;25127624;PA;3572518;soja;0.0;0.0;0;269339.75;0.0;False;False;145;0.0;05;4014;02;False;0133403;True;1;4;0;0;0;0;0.0;False;0.0;8421494.89;3910;2153.84;5580.08;;;;;;;;;4;29373.36;303;3;0
limpo;81960628000130;81960628;MS;2167433;soja;12903.2;10467.84;9;0.0;4019.19;True;True;297;0.0;05;2054;02;False;0220901;True;0;6;2;0;1;0;0.0;False;0.0;45698908.98;37;1235105.65;4640.03;;3388.1;-0.041;1178.06;747.3;0.3091;29;-0.1134;;;;;0
limpo;60409083000107;60409083;TO;2782512;soja;0.0;0.0;0;0.0;0.0;False;False;364;0.0;01;2062;02;False;0116401;True;0;6;2;0;1;0;0.0;False;0.0;;;;;;2863.3;-0.1129;5150.27;910.7;0.2631;25;0.1329;;;;;0
limpo;70899191000150;70899191;PI;3137869;soja;0.0;0.0;0;0.0;0.0;False;False;402;0.0;01;2135;02;False;0115600;True;0;2;1;0;0;0;0.0;False;0.0;10177003.44;1015;10026.6;5071.94;;2744.9;-0.3095;14240.48;640.1;0.0766;0;0.6749;;;;;0
situacao_irregular;66701593000121;66701593;RS;1296511;soja;0.0;0.0;0;0.0;0.0;False;False;68;0.0;05;2062;03;True;0121101;True;0;1;0;0;0;0;0.0;False;0.0;;;;;;;;;;;;;;;;;0
limpo;47768705000117;47768705;GO;2092240;soja;0.0;0.0;0;0.0;0.0;False;False;13;0.0;05;2240;02;False;0115600;True;0;2;0;0;0;0;0.0;False;0.0;3025600.14;2445;1237.46;6478.28;;;;;;;;;;;;;1
situacao_irregular;64430657000171;64430657;MT;4091416;soja;0.0;0.0;0;0.0;0.0;False;False;72;0.0;05;2240;04;True;0210101;True;0;3;1;0;0;0;0.0;False;0.0;9930345.71;3827;2594.81;2854.45;;2593.6;0.1175;64737.72;;;;;;;;;0
limpo;43702011000126;43702011;PI;3137869;soja;0.0;0.0;0;0.0;0.0;False;False;131;0.0;01;2054;02;False;0220901;True;0;8;0;0;0;9;5868.48;False;0.0;10177003.44;1015;10026.6;5071.94;;2744.9;-0.3095;14240.48;640.1;0.0766;0;0.6749;0;0.0;;0;0
limpo;83064458000131;83064458;MT;3486350;soja;277061.41;124057.35;3;0.0;109368.9;True;True;68;0.0;01;4014;02;False;0115600;True;0;2;2;0;0;0;0.0;False;0.0;65163087.4;3987;16343.89;5719.93;;2279.5;0.0795;14132.81;;;;;;;;;0
limpo;16415390000109;16415390;BA;1287110;soja;0.0;0.0;0;0.0;0.0;False;False;416;0.0;05;2135;02;False;0115600;True;0;7;2;0;1;0;0.0;False;0.0;7170659.32;281;25518.36;5970.35;;3173.5;-0.0805;35165.31;;;;;;;;;0
limpo;69971142000100;69971142;RS;3466531;soja;0.0;0.0;0;0.0;0.0;False;False;347;0.0;05;2135;02;False;0311601;True;0;8;1;1;0;0;0.0;False;0.0;3897875.17;1357;2872.42;4389.67;;;;;;;;;;;;;0
passivo_ambiental_auto;20594263000183;20594263;MT;3486350;soja;0.0;0.0;0;0.0;0.0;False;False;25;0.0;03;2054;02;False;0121101;True;0;5;0;0;0;9;1395043.67;False;0.0;65163087.4;3987;16343.89;5719.93;;2279.5;0.0795;14132.81;;;;;;;;;1
divida_ativa;16788404000121;16788404;PR;4542087;soja;25960.81;3227.54;5;890557.54;-2887.84;False;False;282;0.0;03;2135;02;False;0111301;True;0;3;1;0;0;0;0.0;False;0.0;2139970.45;3795;563.89;4484.0;;;;;;;;;;;;;0
limpo;89140910000183;89140910;BA;3889457;soja;0.0;0.0;0;0.0;0.0;False;False;510;0.0;05;2062;02;False;0116401;True;0;8;1;0;0;0;0.0;False;0.0;;;;;;3266.5;0.0304;5248.27;1073.2;0.0666;5;0.3658;;;;;0
divida_ativa;23697646000175;23697646;MT;3047606;soja;11038.78;1638.59;8;0.0;-2877.99;False;True;244;1.0;03;2054;02;False;0113000;True;0;5;1;0;0;0;0.0;False;0.0;3490150.22;1814;1924.01;3376.09;;;;;;;;;;;;;0
divida_ativa;45448743000167;45448743;PR;4542087;soja;605241.75;129728.88;1;0.0;215375.87;False;True;97;0.0;01;2062;02;False;0151201;True;0;2;1;0;0;0;0.0;False;0.0;2139970.45;3795;563.89;4484.0;;;;;;;;;;;;;0
limpo;89923159000191;89923159;TO;2625906;soja;0.0;0.0;0;0.0;0.0;False;False;461;1535.64;05;4014;02;False;0220901;True;0;5;2;2;0;0;0.0;False;0.0;7076252.67;3896;1816.29;5129.4;;4004.9;-0.3294;61983.79;1163.5;-0.1957;26;-0.2281;;;;;0
grupo_societario;63553095000190;63553095;PR;4542087;soja;0.0;0.0;0;0.0;0.0;False;False;370;0.0;05;2135;02;False;0311601;True;2;6;7;7;0;0;0.0;False;0.0;2139970.45;3795;563.89;4484.0;;;;;;;;;;;;;0
passivo_ambiental_auto;44829591000180;44829591;MA;2547930;soja;0.0;0.0;0;0.0;0.0;False;False;190;1.0;03;4014;02;False;0111301;True;0;7;1;0;0;8;804266.23;False;0.0;3056399.2;3421;893.42;2943.06;;3413.0;0.1153;12947.73;1079.8;-0.105;39;-0.2894;;;;;0
limpo;32192825000141;32192825;MT;1342092;soja;0.0;0.0;0;0.0;0.0;False;False;494;0.0;01;2240;02;False;0115600;True;0;4;2;2;0;0;0.0;False;0.0;722846.84;2362;306.03;1988.84;;3594.8;0.0837;14558.01;663.4;-0.0379;31;0.4066;;;;;0
divida_ativa;66844267000173;66844267;TO;2599733;soja;18937.43;17035.87;4;0.0;-1376.87;False;False;235;0.0;03;2240;02;False;0111301;True;1;8;1;1;0;0;0.0;False;0.0;1134944.18;1648;688.68;2399.35;;3673.1;0.0845;644740.4;;;;;2;4110.38;434;2;0
limpo;43373898000156;43373898;MS;2167433;soja;0.0;0.0;0;0.0;0.0;False;False;72;0.0;01;4014;02;False;0210101;True;0;3;1;0;0;0;0.0;False;0.0;45698908.98;37;1235105.65;4640.03;;3388.1;-0.041;1178.06;747.3;0.3091;29;-0.1134;4;2714.33;781;1;0
limpo;83378429000144;83378429;BA;1993507;soja;0.0;0.0;0;0.0;0.0;False;False;415;0.0;05;2135;02;False;0311601;True;0;7;2;0;1;0;0.0;False;0.0;;;;;;3041.8;-0.0835;4445.58;1427.8;0.2926;16;-0.2083;;;;;0
passivo_ambiental_embargo;80760834000134;80760834;TO;2782512;soja;0.0;0.0;0;0.0;0.0;False;False;313;0.0;01;4014;02;False;0116401;True;0;3;2;0;1;2;264704.39;True;2160.54;;;;;;2863.3;-0.1129;5150.27;910.7;0.2631;25;0.1329;;;;;0
limpo;43369932000119;43369932;MT;4872493;soja;98409.93;39423.83;1;0.0;-1156.03;False;False;513;0.0;01;4014;02;False;0111301;True;0;1;2;0;1;0;0.0;False;0.0;12871579.85;766;16803.63;1283.72;;2678.2;-0.0379;315502.18;1164.2;-0.4814;30;-0.3935;;;;;0
limpo;18479821000118;18479821;RS;4372021;soja;0.0;0.0;0;0.0;0.0;False;False;557;0.0;05;2062;02;False;0220901;True;0;1;2;1;1;0;0.0;False;0.0;4702656.59;2724;1726.38;4444.47;;2871.3;-0.1436;6684.69;1363.1;-0.0476;4;-0.0304;6;15778.48;84;2;0
passivo_ambiental_auto;24037331000164;24037331;RS;3466531;soja;0.0;0.0;0;0.0;0.0;False;False;277;0.0;05;4014;02;False;0311601;True;1;4;1;1;0;10;67664.53;False;0.0;3897875.17;1357;2872.42;4389.67;;;;;;;;;;;;;0
limpo;51922948000135;51922948;BA;3889457;soja;0.0;0.0;0;0.0;0.0;False;False;56;0.0;05;2135;02;False;0311601;True;0;1;1;1;0;0;0.0;False;0.0;;;;;;3266.5;0.0304;5248.27;1073.2;0.0666;5;0.3658;;;;;0
situacao_irregular;15971136000116;15971136;MS;2167433;soja;0.0;0.0;0;0.0;0.0;False;False;556;1.0;05;2054;04;True;0116401;True;0;4;1;1;0;0;0.0;False;0.0;45698908.98;37;1235105.65;4640.03;;3388.1;-0.041;1178.06;747.3;0.3091;29;-0.1134;;;;;0
limpo;59981121000104;59981121;MT;1342092;soja;0.0;0.0;0;0.0;0.0;False;False;314;1.0;03;4014;02;False;0311601;True;0;1;0;0;0;0;0.0;False;0.0;722846.84;2362;306.03;1988.84;;3594.8;0.0837;14558.01;663.4;-0.0379;31;0.4066;2;3587934.09;701;2;0
limpo;67893475000125;67893475;MT;3047606;soja;0.0;0.0;0;0.0;0.0;False;False;324;0.0;03;2054;02;False;0133403;True;0;1;1;1;0;0;0.0;False;0.0;3490150.22;1814;1924.01;3376.09;;;;;;;;;;;;;0
limpo;77970791000107;77970791;BA;1287110;soja;0.0;0.0;0;0.0;0.0;False;False;396;1.0;05;2135;02;False;0121101;True;0;5;0;0;0;4;2771.81;False;0.0;7170659.32;281;25518.36;5970.35;;3173.5;-0.0805;35165.31;;;;;;;;;0
limpo;91020593000103;91020593;PI;4630374;soja;0.0;0.0;0;0.0;0.0;False;False;197;0.0;01;2240;02;False;0113000;True;2;8;0;0;0;0;0.0;False;0.0;13048266.74;1086;12014.98;3730.29;;4454.7;0.2245;24466.93;1518.2;0.2463;22;-0.0198;3;159127.4;675;2;0
divida_ativa;92312126000110;92312126;GO;2092240;soja;28511.57;5043.06;2;0.0;12219.35;False;False;263;0.0;05;2054;02;False;0115600;True;0;1;0;0;0;0;0.0;False;0.0;3025600.14;2445;1237.46;6478.28;;;;;;;;;0;0.0;;0;0
passivo_ambiental_embargo;74585618000105;74585618;RS;3466531;soja;0.0;0.0;0;0.0;0.0;False;False;372;0.0;01;2240;02;False;0133403;True;0;7;2;1;0;3;23205.41;True;446.09;3897875.17;1357;2872.42;4389.67;;;;;;;;;;;;;0
limpo;80969219000132;80969219;SP;1144522;soja;0.0;0.0;0;0.0;0.0;False;False;401;1.0;05;2062;02;False;0133403;True;0;3;1;1;0;0;0.0;False;0.0;22685314.17;3452;6571.64;4478.12;;3859.7;-0.1003;15013.11;975.4;-0.3231;19;-0.3987;;;;;0
limpo;26563259000134;26563259;MT;4952487;soja;0.0;0.0;0;0.0;0.0;False;False;280;0.0;05;2054;02;False;0151201;True;0;6;0;0;0;0;0.0;False;0.0;;;;;;4283.3;-0.0501;26781.4;1142.6;-0.1312;16;-0.1184;;;;;0
limpo;29547737000100;29547737;BA;3797806;soja;0.0;0.0;0;0.0;0.0;False;False;464;0.0;05;4014;02;False;0133403;True;0;2;0;0;0;0;0.0;False;0.0;4577751.8;3577;1279.77;1116.86;;3266.8;-0.1381;29664.1;1160.2;-0.1501;25;-0.5722;3;8973.24;451;2;0
limpo;96579145000168;96579145;RS;2897684;soja;0.0;0.0;0;0.0;0.0;False;False;557;0.0;01;2062;02;False;0133403;True;0;1;1;0;0;0;0.0;False;0.0;25576731.08;1000;25576.73;5293.87;;3022.4;-0.1789;34484.31;791.9;0.1416;23;-0.3386;;;;;0
grupo_societario;15597221000166;15597221;MS;2167433;soja;0.0;0.0;0;0.0;0.0;False;False;241;0.0;05;4014;02;False;0113000;True;0;4;9;5;1;0;0.0;False;0.0;45698908.98;37;1235105.65;4640.03;;3388.1;-0.041;1178.06;747.3;0.3091;29;-0.1134;2;575880.56;886;1;0
limpo;77800955000158;77800955;PI;4630374;soja;0.0;0.0;0;0.0;0.0;False;False;374;0.0;03;2062;02;False;0220901;True;0;6;1;0;0;0;0.0;False;0.0;13048266.74;1086;12014.98;3730.29;;4454.7;0.2245;24466.93;1518.2;0.2463;22;-0.0198;;;;;0
limpo;84151411000178;84151411;SP;4469177;soja;0.0;0.0;0;0.0;0.0;False;False;252;0.0;01;2135;02;False;0220901;True;0;5;2;2;1;0;0.0;False;0.0;;;;;;;;;;;;;;;;;0
limpo;88695322000143;88695322;RS;4372021;soja;0.0;0.0;0;0.0;0.0;False;False;498;0.0;01;2054;02;False;0111301;True;0;8;2;2;0;0;0.0;False;0.0;4702656.59;2724;1726.38;4444.47;;2871.3;-0.1436;6684.69;1363.1;-0.0476;4;-0.0304;;;;;0
limpo;22018085000178;22018085;BA;1287110;soja;0.0;0.0;0;0.0;0.0;False;False;280;0.0;01;4014;02;False;0116401;True;0;3;2;2;0;0;0.0;False;0.0;7170659.32;281;25518.36;5970.35;;3173.5;-0.0805;35165.31;;;;;;;;;0
limpo;25130312000140;25130312;PI;3137869;soja;0.0;0.0;0;0.0;0.0;False;False;221;50566.23;05;4014;02;False;0115600;True;0;4;1;0;0;0;0.0;False;0.0;10177003.44;1015;10026.6;5071.94;;2744.9;-0.3095;14240.48;640.1;0.0766;0;0.6749;0;0.0;;0;0
limpo;40872687000170;40872687;PR;4374686;soja;0.0;0.0;0;0.0;0.0;False;False;52;1.0;05;4014;02;False;0220901;True;1;8;0;0;0;12;72002.85;False;0.0;;;;;;;;;;;;;;;;;0
limpo;61501475000156;61501475;GO;2631798;soja;0.0;0.0;0;0.0;0.0;False;False;255;0.0;01;4014;02;False;0220901;True;0;8;2;1;1;0;0.0;False;0.0;14413700.4;13;1108746.18;6417.73;;3194.9;-0.0821;19788.09;1403.2;-0.2716;20;0.8262;;;;;0
limpo;36170767000106;36170767;MT;3047606;soja;0.0;0.0;0;0.0;0.0;False;False;9;0.0;01;2054;02;False;0121101;True;1;1;2;1;1;0;0.0;False;0.0;3490150.22;1814;1924.01;3376.09;;;;;;;;;;;;;0
limpo;20003633000160;20003633;MT;1342092;soja;0.0;0.0;0;0.0;0.0;False;False;438;0.0;01;2062;02;False;0121101;True;1;5;0;0;0;0;0.0;False;0.0;722846.84;2362;306.03;1988.84;;3594.8;0.0837;14558.01;663.4;-0.0379;31;0.4066;;;;;0
divida_ativa;40171534000103;40171534;TO;2599733;soja;18391.79;9961.98;2;0.0;6517.24;False;True;486;0.0;05;2062;02;False;0210101;True;1;4;0;0;0;0;0.0;False;0.0;1134944.18;1648;688.68;2399.35;;3673.1;0.0845;644740.4;;;;;;;;;0
limpo;84351399000145;84351399;MT;3047606;soja;0.0;0.0;0;0.0;0.0;False;False;476;1.0;05;2135;02;False;0220901;True;0;2;2;1;1;0;0.0;False;0.0;3490150.22;1814;1924.01;3376.09;;;;;;;;;;;;;0
limpo;59794206000183;59794206;PR;4542087;soja;0.0;0.0;0;0.0;0.0;False;False;392;0.0;05;2135;02;False;0113000;True;0;2;1;0;0;0;0.0;False;0.0;2139970.45;3795;563.89;4484.0;;;;;;;;;;;;;0
limpo;94699404000169;94699404;MT;5020745;soja;0.0;0.0;0;0.0;0.0;False;False;11;1.0;05;2240;02;False;0113000;True;1;8;0;0;0;0;0.0;False;0.0;16832610.2;2938;5729.28;2659.43;;2865.5;-0.0685;23248.53;1087.1;-0.1985;10;0.5319;;;;;0
limpo;25807969000108;25807969;BA;3889457;soja;0.0;0.0;0;0.0;0.0;False;False;400;0.0;01;2062;02;False;0220901;True;0;3;2;1;0;0;0.0;False;0.0;;;;;;3266.5;0.0304;5248.27;1073.2;0.0666;5;0.3658;4;21076.29;144;2;0
limpo;74092715000158;74092715;SP;1144522;soja;0.0;0.0;0;0.0;0.0;False;False;276;0.0;03;2240;02;False;0113000;True;0;6;1;1;0;0;0.0;False;0.0;22685314.17;3452;6571.64;4478.12;;3859.7;-0.1003;15013.11;975.4;-0.3231;19;-0.3987;3;6818.03;856;1;0
limpo;87574875000185;87574875;BA;3889457;soja;0.0;0.0;0;0.0;0.0;False;False;56;0.0;03;2135;02;False;0210101;True;0;1;1;1;0;0;0.0;False;0.0;;;;;;3266.5;0.0304;5248.27;1073.2;0.0666;5;0.3658;;;;;0
limpo;73082694000127;73082694;GO;2092240;soja;0.0;0.0;0;0.0;0.0;False;False;292;0.0;01;2054;02;False;0220901;True;0;3;2;0;1;0;0.0;False;0.0;3025600.14;2445;1237.46;6478.28;;;;;;;;;;;;;0
limpo;66329207000112;66329207;RS;2897684;soja;0.0;0.0;0;0.0;0.0;False;False;499;0.0;03;4014;02;False;0115600;True;0;6;2;0;0;0;0.0;False;0.0;25576731.08;1000;25576.73;5293.87;;3022.4;-0.1789;34484.31;791.9;0.1416;23;-0.3386;;;;;0
passivo_ambiental_embargo;98172626000180;98172626;PI;3137869;soja;0.0;0.0;0;0.0;0.0;False;False;238;122286.2;05;2135;02;False;0116401;True;0;8;0;0;0;7;17425.47;True;217.29;10177003.44;1015;10026.6;5071.94;;2744.9;-0.3095;14240.48;640.1;0.0766;0;0.6749;3;4555.66;7;2;0
passivo_ambiental_auto;97730855000100;97730855;TO;4589069;soja;0.0;0.0;0;0.0;0.0;False;False;306;0.0;05;2135;02;False;0311601;True;0;7;2;2;0;10;16826.03;False;0.0;2443446.14;2744;890.47;4703.19;;2024.4;-0.0039;12496.35;1038.3;-0.1626;18;-0.1071;;;;;0
limpo;89883430000102;89883430;BA;1993507;soja;0.0;0.0;0;0.0;0.0;False;False;533;115985.39;03;4014;02;False;0111301;True;0;2;0;0;0;0;0.0;False;0.0;;;;;;3041.8;-0.0835;4445.58;1427.8;0.2926;16;-0.2083;;;;;0
limpo;57217126000130;57217126;MT;4872493;soja;0.0;0.0;0;0.0;0.0;False;False;309;0.0;05;2240;02;False;0133403;True;0;4;1;1;0;0;0.0;False;0.0;12871579.85;766;16803.63;1283.72;;2678.2;-0.0379;315502.18;1164.2;-0.4814;30;-0.3935;;;;;0
limpo;46642579000197;46642579;MA;2547930;soja;0.0;0.0;0;0.0;0.0;False;False;263;1.0;05;4014;02;False;0116401;True;0;3;2;1;0;0;0.0;False;0.0;3056399.2;3421;893.42;2943.06;;3413.0;0.1153;12947.73;1079.8;-0.105;39;-0.2894;;;;;0
grupo_societario;49985512000143;49985512;PR;4168991;soja;0.0;0.0;0;0.0;0.0;False;False;289;0.0;03;2240;02;False;0133403;True;0;6;4;0;1;0;0.0;False;0.0;;;;;;3272.2;-0.2374;11409.04;801.1;0.1095;21;-0.0934;;;;;0
limpo;34531277000162;34531277;SP;1144522;soja;0.0;0.0;0;0.0;0.0;False;False;49;0.0;05;2240;02;False;0115600;True;0;2;0;0;0;9;74410.82;False;0.0;22685314.17;3452;6571.64;4478.12;;3859.7;-0.1003;15013.11;975.4;-0.3231;19;-0.3987;;;;;0
grupo_societario;23437484000136;23437484;PI;3137869;soja;0.0;0.0;0;376613.96;0.0;False;False;461;0.0;01;2135;02;False;0113000;True;0;7;15;11;3;0;0.0;False;0.0;10177003.44;1015;10026.6;5071.94;;2744.9;-0.3095;14240.48;640.1;0.0766;0;0.6749;2;90524.86;840;2;0
divida_ativa;10087245000151;10087245;TO;2599733;soja;161084.85;127883.05;6;0.0;-40655.11;True;True;57;0.0;01;2240;02;False;0116401;True;1;3;2;1;1;0;0.0;False;0.0;1134944.18;1648;688.68;2399.35;;3673.1;0.0845;644740.4;;;;;;;;;0
limpo;68795644000157;68795644;TO;2625906;soja;0.0;0.0;0;0.0;0.0;False;False;138;0.0;05;2062;02;False;0210101;True;0;6;1;0;0;0;0.0;False;0.0;7076252.67;3896;1816.29;5129.4;;4004.9;-0.3294;61983.79;1163.5;-0.1957;26;-0.2281;5;100502.94;772;1;1
limpo;93488889000189;93488889;PI;4630374;soja;0.0;0.0;0;0.0;0.0;False;False;9;0.0;01;2062;02;False;0116401;True;0;5;2;0;0;0;0.0;False;0.0;13048266.74;1086;12014.98;3730.29;;4454.7;0.2245;24466.93;1518.2;0.2463;22;-0.0198;4;15854.58;99;1;0
situacao_irregular;92758578000120;92758578;MT;4872493;soja;0.0;0.0;0;0.0;0.0;False;False;52;0.0;01;2062;03;True;0115600;True;0;8;0;0;0;0;0.0;False;0.0;12871579.85;766;16803.63;1283.72;;2678.2;-0.0379;315502.18;1164.2;-0.4814;30;-0.3935;;;;;0
limpo;12579877000168;12579877;RS;4372021;soja;0.0;0.0;0;0.0;0.0;False;False;494;0.0;05;2135;02;False;0133403;True;0;3;2;2;0;0;0.0;False;0.0;4702656.59;2724;1726.38;4444.47;;2871.3;-0.1436;6684.69;1363.1;-0.0476;4;-0.0304;5;214541.38;201;3;0
limpo;60327438000100;60327438;TO;5373788;soja;0.0;0.0;0;0.0;0.0;False;False;348;0.0;01;2135;02;False;0210101;True;1;2;1;1;0;8;505657.98;False;0.0;;;;;;;;;;;;;;;;;0
limpo;24195922000160;24195922;PI;4630374;soja;0.0;0.0;0;0.0;0.0;False;False;159;0.0;01;2240;02;False;0210101;True;1;2;2;0;0;0;0.0;False;0.0;13048266.74;1086;12014.98;3730.29;;4454.7;0.2245;24466.93;1518.2;0.2463;22;-0.0198;4;26624.94;43;3;0
passivo_ambiental_auto;16227011000149;16227011;BA;1993507;soja;0.0;0.0;0;0.0;0.0;False;False;528;0.0;01;2135;02;False;0111301;True;0;7;0;0;0;11;3186.61;False;0.0;;;;;;3041.8;-0.0835;4445.58;1427.8;0.2926;16;-0.2083;;;;;0
limpo;54897404000159;54897404;MA;1813278;soja;0.0;0.0;0;0.0;0.0;False;False;467;0.0;05;2135;02;False;0111301;True;0;7;1;1;0;0;0.0;False;0.0;;;;;;3988.3;0.1576;4152.02;852.3;0.0456;18;-0.0187;;;;;0
grupo_societario;42248411000140;42248411;BA;1287110;soja;0.0;0.0;0;0.0;0.0;False;False;384;0.0;01;2062;02;False;0151201;True;0;8;8;0;4;0;0.0;False;0.0;7170659.32;281;25518.36;5970.35;;3173.5;-0.0805;35165.31;;;;;;;;;0
limpo;56204754000118;56204754;RS;5323473;soja;0.0;0.0;0;0.0;0.0;False;False;178;0.0;05;2135;02;False;0111301;True;0;2;2;2;1;0;0.0;False;0.0;5770153.78;3796;1520.06;6107.33;;4184.9;0.3046;1406.53;1150.1;-0.4716;32;0.0109;5;75175.47;7;3;0
limpo;25041051000192;25041051;PI;3137869;soja;0.0;0.0;0;0.0;0.0;False;False;326;0.0;03;2054;02;False;0113000;True;0;2;1;1;0;0;0.0;False;0.0;10177003.44;1015;10026.6;5071.94;;2744.9;-0.3095;14240.48;640.1;0.0766;0;0.6749;;;;;0
situacao_irregular;74256765000123;74256765;MT;4872493;soja;0.0;0.0;0;0.0;0.0;False;False;164;0.0;05;2054;08;True;0113000;True;1;5;0;0;0;0;0.0;False;0.0;12871579.85;766;16803.63;1283.72;;2678.2;-0.0379;315502.18;1164.2;-0.4814;30;-0.3935;2;105435.31;57;1;0
limpo;73991263000183;73991263;GO;2092240;soja;0.0;0.0;0;0.0;0.0;False;False;240;0.0;01;2062;02;False;0151201;True;0;5;2;1;1;0;0.0;False;0.0;3025600.14;2445;1237.46;6478.28;;;;;;;;;;;;;0
situacao_irregular;80450969000101;80450969;GO;2092240;soja;0.0;0.0;0;0.0;0.0;False;False;135;1.0;05;2062;08;True;0113000;True;0;4;1;0;0;0;0.0;False;0.0;3025600.14;2445;1237.46;6478.28;;;;;;;;;;;;;0
limpo;27609439000172;27609439;TO;4589069;soja;0.0;0.0;0;0.0;0.0;False;False;255;0.0;01;2062;02;False;0113000;True;0;7;1;1;0;0;0.0;False;0.0;2443446.14;2744;890.47;4703.19;;2024.4;-0.0039;12496.35;1038.3;-0.1626;18;-0.1071;;;;;0
limpo;17709617000183;17709617;PI;4630374;soja;0.0;0.0;0;0.0;0.0;False;False;413;1.0;01;4014;02;False;0220901;True;0;2;0;0;0;0;0.0;False;0.0;13048266.74;1086;12014.98;3730.29;;4454.7;0.2245;24466.93;1518.2;0.2463;22;-0.0198;;;;;0
limpo;90291052000157;90291052;TO;1628136;soja;0.0;0.0;0;0.0;0.0;False;False;47;1.0;01;4014;02;False;0220901;True;0;1;2;1;0;0;0.0;False;0.0;22713744.04;630;36053.56;4855.95;;;;;;;;;;;;;0
passivo_ambiental_auto;18976593000191;18976593;MA;1849363;soja;0.0;0.0;0;0.0;0.0;False;False;127;0.0;01;4014;02;False;0115600;True;0;6;1;1;0;3;59483.6;False;0.0;1890436.06;790;2392.96;3254.5;;2951.6;0.2319;11567.52;1244.5;-0.2244;14;0.2749;;;;;0
limpo;62881948000150;62881948;GO;3355082;soja;0.0;0.0;0;0.0;0.0;False;False;299;1.0;03;2240;02;False;0115600;True;0;7;2;1;0;0;0.0;False;0.0;344902.69;1555;221.8;1341.28;;3426.5;-0.1292;14743.52;1302.6;0.1067;12;-0.0223;;;;;0
divida_ativa;40161371000170;40161371;GO;3838683;soja;602638.77;273366.19;3;0.0;4985.19;False;False;96;0.0;01;2240;02;False;0116401;True;1;3;1;1;0;0;0.0;False;0.0;8577457.59;2126;4034.55;3501.48;;;;;;;;;;;;;1
limpo;79080131000186;79080131;TO;2782512;soja;0.0;0.0;0;0.0;0.0;False;False;106;1.0;03;2135;02;False;0116401;True;0;2;0;0;0;0;0.0;False;0.0;;;;;;2863.3;-0.1129;5150.27;910.7;0.2631;25;0.1329;;;;;0
divida_ativa;45389150000177;45389150;RS;4372021;soja;51725.88;12384.31;3;0.0;24307.26;True;True;197;1.0;05;2062;02;False;0210101;True;0;4;2;0;1;0;0.0;False;0.0;4702656.59;2724;1726.38;4444.47;;2871.3;-0.1436;6684.69;1363.1;-0.0476;4;-0.0304;;;;;0
passivo_ambiental_auto;42331122000100;42331122;GO;3355082;soja;0.0;0.0;0;0.0;0.0;False;False;34;0.0;05;2240;02;False;0210101;True;1;7;2;2;1;14;2543.07;False;0.0;344902.69;1555;221.8;1341.28;;3426.5;-0.1292;14743.52;1302.6;0.1067;12;-0.0223;;;;;0
divida_ativa;95325945000190;95325945;MG;2246509;soja;45566.69;10932.78;6;0.0;22459.94;True;True;520;0.0;01;2054;02;False;0116401;True;1;3;0;0;0;0;0.0;False;0.0;18573077.57;406;45746.5;1183.29;;3809.0;-0.3511;358203.19;;;;;;;;;1
limpo;12969702000167;12969702;MT;4872493;soja;0.0;0.0;0;0.0;0.0;False;False;319;0.0;03;2135;02;False;0121101;True;0;6;2;1;1;0;0.0;False;0.0;12871579.85;766;16803.63;1283.72;;2678.2;-0.0379;315502.18;1164.2;-0.4814;30;-0.3935;;;;;0
limpo;42149055000108;42149055;RS;5323473;soja;138787.48;137024.76;5;0.0;-28030.65;False;True;277;0.0;05;2135;02;False;0116401;True;1;3;1;1;0;0;0.0;False;0.0;5770153.78;3796;1520.06;6107.33;;4184.9;0.3046;1406.53;1150.1;-0.4716;32;0.0109;;;;;0
situacao_irregular;38654272000188;38654272;MT;4881066;soja;0.0;0.0;0;0.0;0.0;False;False;24;0.0;05;2062;08;True;0133403;True;1;6;1;0;0;0;0.0;False;0.0;;;;;;;;;;;;;;;;;0
limpo;83683223000128;83683223;TO;2599733;soja;0.0;0.0;0;0.0;0.0;False;False;292;1.0;01;2054;02;False;0220901;True;1;5;2;1;1;0;0.0;False;0.0;1134944.18;1648;688.68;2399.35;;3673.1;0.0845;644740.4;;;;;;;;;0
limpo;31958106000126;31958106;GO;2856025;soja;0.0;0.0;0;0.0;0.0;False;False;157;0.0;03;2054;02;False;0133403;True;0;7;2;1;1;0;0.0;False;0.0;4215365.78;477;8837.24;5811.42;;1816.6;-0.0367;157568.54;1022.2;-0.0563;11;-0.2071;3;89043.2;195;1;0
limpo;18314171000150;18314171;PR;4374686;soja;0.0;0.0;0;0.0;0.0;False;False;555;0.0;03;2240;02;False;0220901;True;0;1;2;0;0;0;0.0;False;0.0;;;;;;;;;;;;;;;;;0
passivo_ambiental_auto;33915102000196;33915102;RS;1296511;soja;0.0;0.0;0;0.0;0.0;False;False;205;0.0;01;4014;02;False;0151201;True;0;2;0;0;0;5;106567.39;False;0.0;;;;;;;;;;;;;;;;;0
divida_ativa;76354175000169;76354175;PR;4168991;soja;12868.86;2549.52;6;0.0;-2273.42;False;True;33;0.0;01;4014;02;False;0133403;True;1;6;0;0;0;0;0.0;False;0.0;;;;;;3272.2;-0.2374;11409.04;801.1;0.1095;21;-0.0934;;;;;1
grupo_societario;57278045000140;57278045;MT;4091416;soja;0.0;0.0;0;0.0;0.0;False;False;459;0.0;05;2135;02;False;0220901;True;0;3;24;0;4;0;0.0;False;0.0;9930345.71;3827;2594.81;2854.45;;2593.6;0.1175;64737.72;;;;;;;;;0
divida_ativa;39804324000118;39804324;RS;1296511;soja;165046.74;57767.69;1;0.0;-37414.37;True;False;52;0.0;03;4014;02;False;0133403;True;1;2;0;0;0;0;0.0;False;0.0;;;;;;;;;;;;;6;93965.58;520;1;1
limpo;23243302000196;23243302;TO;1926828;soja;366515.25;359362.36;4;0.0;53738.71;False;False;97;154378.26;03;2054;02;False;0151201;True;0;5;1;1;0;0;0.0;False;0.0;1592038.63;3955;402.54;2086.07;;2103.1;-0.0625;2779.51;847.2;0.0075;25;0.3455;;;;;0
divida_ativa;27585761000109;27585761;RS;5323473;soja;7284912.49;1175681.57;9;446859.59;-1566952.18;False;True;163;0.0;05;4014;02;False;0113000;True;0;3;0;0;0;0;0.0;False;0.0;5770153.78;3796;1520.06;6107.33;;4184.9;0.3046;1406.53;1150.1;-0.4716;32;0.0109;;;;;1
limpo;60603699000106;60603699;MT;5020745;soja;0.0;0.0;0;0.0;0.0;False;False;254;1.0;05;2054;02;False;0116401;True;0;2;1;0;0;0;0.0;False;0.0;16832610.2;2938;5729.28;2659.43;;2865.5;-0.0685;23248.53;1087.1;-0.1985;10;0.5319;;;;;0
limpo;41717630000169;41717630;GO;2856025;soja;694824.64;453860.26;6;0.0;285422.09;True;False;184;0.0;01;4014;02;False;0151201;True;0;4;0;0;0;0;0.0;False;0.0;4215365.78;477;8837.24;5811.42;;1816.6;-0.0367;157568.54;1022.2;-0.0563;11;-0.2071;;;;;0
limpo;61823655000154;61823655;RS;1296511;soja;0.0;0.0;0;0.0;0.0;False;False;184;1865.45;05;2062;02;False;0210101;True;0;5;1;0;0;0;0.0;False;0.0;;;;;;;;;;;;;4;37801.46;340;2;0
situacao_irregular;22257297000108;22257297;RS;4372021;soja;0.0;0.0;0;0.0;0.0;False;False;195;0.0;01;2135;08;True;0115600;True;0;7;0;0;0;0;0.0;False;0.0;4702656.59;2724;1726.38;4444.47;;2871.3;-0.1436;6684.69;1363.1;-0.0476;4;-0.0304;;;;;0
limpo;93584003000109;93584003;GO;3763424;soja;0.0;0.0;0;0.0;0.0;False;False;212;0.0;05;2054;02;False;0311601;True;0;8;0;0;0;0;0.0;False;0.0;2844536.11;3158;900.74;4170.84;;3496.6;-0.1391;1857.33;;;;;;;;;0
grupo_societario;73695233000120;73695233;RS;4372021;soja;0.0;0.0;0;0.0;0.0;False;False;195;0.0;05;2054;02;False;0115600;True;0;6;18;18;8;0;0.0;False;0.0;4702656.59;2724;1726.38;4444.47;;2871.3;-0.1436;6684.69;1363.1;-0.0476;4;-0.0304;;;;;0
limpo;66419307000130;66419307;RS;1296511;soja;0.0;0.0;0;0.0;0.0;False;False;322;0.0;05;2062;02;False;0121101;True;0;4;0;0;0;0;0.0;False;0.0;;;;;;;;;;;;;;;;;0
limpo;87607161000126;87607161;BA;3889457;soja;0.0;0.0;0;0.0;0.0;False;False;366;1.0;03;2054;02;False;0121101;True;0;5;0;0;0;0;0.0;False;0.0;;;;;;3266.5;0.0304;5248.27;1073.2;0.0666;5;0.3658;;;;;0
divida_ativa;48130237000113;48130237;BA;3797806;soja;3091.95;433.74;9;0.0;-170.25;False;False;514;0.0;05;2054;02;False;0311601;True;0;5;2;0;1;0;0.0;False;0.0;4577751.8;3577;1279.77;1116.86;;3266.8;-0.1381;29664.1;1160.2;-0.1501;25;-0.5722;6;77594.76;439;3;0
passivo_ambiental_auto;14432708000126;14432708;PI;1498259;soja;1663863.37;367032.95;4;598185.95;252968.87;False;False;457;0.0;05;4014;02;False;0210101;True;0;7;0;0;0;6;397.96;False;0.0;5961831.05;452;13189.89;2292.48;;3510.9;-0.3402;43788.4;;;;;;;;;1
limpo;59789640000175;59789640;SP;4469177;soja;0.0;0.0;0;0.0;0.0;False;False;479;0.0;01;2054;02;False;0151201;True;0;2;0;0;0;0;0.0;False;0.0;;;;;;;;;;;;;;;;;0
limpo;80399918000194;80399918;TO;2625906;soja;0.0;0.0;0;0.0;0.0;False;False;294;0.0;03;2135;02;False;0151201;True;2;5;2;1;0;0;0.0;False;0.0;7076252.67;3896;1816.29;5129.4;;4004.9;-0.3294;61983.79;1163.5;-0.1957;26;-0.2281;;;;;0
divida_ativa;50983721000137;50983721;PI;1498259;soja;4890.83;2970.99;5;0.0;296.93;True;False;425;0.0;05;4014;02;False;0113000;True;0;1;1;1;0;0;0.0;False;0.0;5961831.05;452;13189.89;2292.48;;3510.9;-0.3402;43788.4;;;;;;;;;0
divida_ativa;39330100000111;39330100;RS;1296511;soja;16003.16;10282.75;9;0.0;7153.51;True;True;14;44732.56;01;2135;02;False;0111301;True;1;1;2;1;1;0;0.0;False;0.0;;;;;;;;;;;;;;;;;0
limpo;48529266000152;48529266;RS;3466531;soja;0.0;0.0;0;0.0;0.0;False;False;134;0.0;01;2062;02;False;0151201;True;0;7;1;1;0;0;0.0;False;0.0;3897875.17;1357;2872.42;4389.67;;;;;;;;;;;;;0
divida_ativa;39990423000131;39990423;TO;2782512;soja;6396.82;4716.35;6;0.0;2066.35;True;False;347;1.0;03;4014;02;False;0311601;True;0;6;0;0;0;0;0.0;False;0.0;;;;;;2863.3;-0.1129;5150.27;910.7;0.2631;25;0.1329;;;;;0
limpo;73263970000153;73263970;PR;4168991;soja;0.0;0.0;0;0.0;0.0;False;False;229;36000.36;03;2135;02;False;0151201;True;0;7;1;1;0;0;0.0;False;0.0;;;;;;3272.2;-0.2374;11409.04;801.1;0.1095;21;-0.0934;;;;;0
situacao_irregular;83917738000145;83917738;BA;1287110;soja;245814.89;100143.93;3;914465.67;-16173.62;True;True;116;0.0;01;2054;04;True;0311601;True;0;7;0;0;0;0;0.0;False;0.0;7170659.32;281;25518.36;5970.35;;3173.5;-0.0805;35165.31;;;;;;;;;0
passivo_ambiental_auto;14384831000119;14384831;MA;1849363;soja;0.0;0.0;0;0.0;0.0;False;False;293;0.0;05;2062;02;False;0113000;True;1;2;2;2;1;6;504101.22;False;0.0;1890436.06;790;2392.96;3254.5;;2951.6;0.2319;11567.52;1244.5;-0.2244;14;0.2749;;;;;0
limpo;45365829000126;45365829;GO;2631798;soja;0.0;0.0;0;0.0;0.0;False;False;381;183296.91;05;2240;02;False;0121101;True;0;3;0;0;0;0;0.0;False;0.0;14413700.4;13;1108746.18;6417.73;;3194.9;-0.0821;19788.09;1403.2;-0.2716;20;0.8262;;;;;0
divida_ativa;31405453000121;31405453;MT;4872493;soja;761886.92;116810.98;4;6385311.35;121058.9;True;True;16;0.0;01;2135;02;False;0151201;True;0;8;0;0;0;0;0.0;False;0.0;12871579.85;766;16803.63;1283.72;;2678.2;-0.0379;315502.18;1164.2;-0.4814;30;-0.3935;;;;;1
limpo;67415160000172;67415160;TO;4589069;soja;0.0;0.0;0;0.0;0.0;False;False;361;1.0;03;2135;02;False;0115600;True;0;6;0;0;0;0;0.0;False;0.0;2443446.14;2744;890.47;4703.19;;2024.4;-0.0039;12496.35;1038.3;-0.1626;18;-0.1071;;;;;0
grupo_societario;33225244000121;33225244;TO;2599733;soja;0.0;0.0;0;0.0;0.0;False;False;35;0.0;05;2135;02;False;0115600;True;0;5;20;14;1;0;0.0;False;0.0;1134944.18;1648;688.68;2399.35;;3673.1;0.0845;644740.4;;;;;;;;;0
passivo_ambiental_auto;12199227000197;12199227;MT;1342092;soja;0.0;0.0;0;0.0;0.0;False;False;59;1.0;01;2054;02;False;0121101;True;1;5;2;2;1;3;108009.38;False;0.0;722846.84;2362;306.03;1988.84;;3594.8;0.0837;14558.01;663.4;-0.0379;31;0.4066;;;;;0
passivo_ambiental_auto;73926166000107;73926166;PI;3137869;soja;0.0;0.0;0;0.0;0.0;False;False;193;168304.61;05;2135;02;False;0220901;True;1;8;2;0;1;8;161415.85;False;0.0;10177003.44;1015;10026.6;5071.94;;2744.9;-0.3095;14240.48;640.1;0.0766;0;0.6749;;;;;0
limpo;18601881000161;18601881;MT;4872493;soja;0.0;0.0;0;0.0;0.0;False;False;400;0.0;05;2240;02;False;0151201;True;1;3;0;0;0;0;0.0;False;0.0;12871579.85;766;16803.63;1283.72;;2678.2;-0.0379;315502.18;1164.2;-0.4814;30;-0.3935;;;;;0
limpo;35182800000155;35182800;GO;2856025;soja;0.0;0.0;0;0.0;0.0;False;False;54;0.0;03;4014;02;False;0115600;True;0;6;0;0;0;0;0.0;False;0.0;4215365.78;477;8837.24;5811.42;;1816.6;-0.0367;157568.54;1022.2;-0.0563;11;-0.2071;;;;;0
limpo;92435286000156;92435286;MT;3047606;soja;25960.12;7563.43;1;0.0;11578.89;False;True;263;0.0;01;4014;02;False;0210101;True;0;2;0;0;0;0;0.0;False;0.0;3490150.22;1814;1924.01;3376.09;;;;;;;;;;;;;0
limpo;76065990000108;76065990;MT;4952487;soja;0.0;0.0;0;0.0;0.0;False;False;375;1.0;01;2135;02;False;0111301;True;0;7;0;0;0;0;0.0;False;0.0;;;;;;4283.3;-0.0501;26781.4;1142.6;-0.1312;16;-0.1184;;;;;0
passivo_ambiental_auto;89336448000194;89336448;PA;3572518;soja;0.0;0.0;0;0.0;0.0;False;False;7;0.0;01;2135;02;False;0151201;True;0;8;1;0;0;14;107751.43;False;0.0;8421494.89;3910;2153.84;5580.08;;;;;;;;;;;;;0
limpo;90425989000178;90425989;RS;3466531;soja;0.0;0.0;0;86140.08;0.0;False;False;525;0.0;01;4014;02;False;0210101;True;0;8;1;1;0;0;0.0;False;0.0;3897875.17;1357;2872.42;4389.67;;;;;;;;;;;;;0
limpo;95182735000190;95182735;MT;4952487;soja;0.0;0.0;0;0.0;0.0;False;False;469;224259.42;03;2240;02;False;0113000;True;0;6;2;2;0;0;0.0;False;0.0;;;;;;4283.3;-0.0501;26781.4;1142.6;-0.1312;16;-0.1184;;;;;0
situacao_irregular;56880867000133;56880867;TO;2599733;soja;0.0;0.0;0;0.0;0.0;False;False;167;0.0;03;2062;08;True;0111301;True;0;7;0;0;0;0;0.0;False;0.0;1134944.18;1648;688.68;2399.35;;3673.1;0.0845;644740.4;;;;;1;208200.72;326;1;0
limpo;30692256000178;30692256;RS;2897684;soja;0.0;0.0;0;0.0;0.0;False;False;49;0.0;01;2240;02;False;0151201;True;0;1;2;2;1;0;0.0;False;0.0;25576731.08;1000;25576.73;5293.87;;3022.4;-0.1789;34484.31;791.9;0.1416;23;-0.3386;;;;;0
divida_ativa;39935290000109;39935290;SP;4469177;soja;84390.42;48431.38;4;0.0;-14715.4;False;True;161;0.0;01;2062;02;False;0210101;True;0;2;0;0;0;0;0.0;False;0.0;;;;;;;;;;;;;5;16416.24;448;3;1
passivo_ambiental_embargo;49990742000109;49990742;GO;2856025;soja;0.0;0.0;0;0.0;0.0;False;False;556;0.0;03;2240;02;False;0113000;True;1;1;0;0;0;13;206330.98;True;132.53;4215365.78;477;8837.24;5811.42;;1816.6;-0.0367;157568.54;1022.2;-0.0563;11;-0.2071;;;;;0
situacao_irregular;76817345000102;76817345;RS;4372021;soja;0.0;0.0;0;0.0;0.0;False;False;417;0.0;03;2240;04;True;0111301;True;0;3;1;0;0;0;0.0;False;0.0;4702656.59;2724;1726.38;4444.47;;2871.3;-0.1436;6684.69;1363.1;-0.0476;4;-0.0304;;;;;0
limpo;68534862000138;68534862;PR;4374686;soja;0.0;0.0;0;0.0;0.0;False;False;297;0.0;03;4014;02;False;0116401;True;1;2;0;0;0;0;0.0;False;0.0;;;;;;;;;;;;;;;;;0
situacao_irregular;86282908000150;86282908;GO;2856025;soja;0.0;0.0;0;0.0;0.0;False;False;290;0.0;05;2062;08;True;0113000;True;0;4;2;0;0;0;0.0;False;0.0;4215365.78;477;8837.24;5811.42;;1816.6;-0.0367;157568.54;1022.2;-0.0563;11;-0.2071;;;;;1
limpo;12810085000152;12810085;MT;3486350;soja;0.0;0.0;0;0.0;0.0;False;False;171;0.0;01;4014;02;False;0121101;True;0;2;2;0;1;0;0.0;False;0.0;65163087.4;3987;16343.89;5719.93;;2279.5;0.0795;14132.81;;;;;5;410716.43;279;1;0
limpo;10256489000110;10256489;RS;2897684;soja;0.0;0.0;0;0.0;0.0;False;False;69;0.0;03;4014;02;False;0121101;True;0;8;0;0;0;0;0.0;False;0.0;25576731.08;1000;25576.73;5293.87;;3022.4;-0.1789;34484.31;791.9;0.1416;23;-0.3386;;;;;0
passivo_ambiental_auto;33798199000102;33798199;RS;2897684;soja;0.0;0.0;0;0.0;0.0;False;False;214;0.0;03;2054;02;False;0111301;True;0;2;0;0;0;14;256498.88;False;0.0;25576731.08;1000;25576.73;5293.87;;3022.4;-0.1789;34484.31;791.9;0.1416;23;-0.3386;;;;;0
situacao_irregular;64021354000103;64021354;MA;1849363;soja;0.0;0.0;0;0.0;0.0;False;False;82;0.0;05;4014;03;True;0113000;True;0;4;1;0;0;0;0.0;False;0.0;1890436.06;790;2392.96;3254.5;;2951.6;0.2319;11567.52;1244.5;-0.2244;14;0.2749;;;;;0
divida_ativa;40038699000101;40038699;BA;3889457;soja;4229.75;2234.81;6;0.0;1317.16;False;True;499;0.0;01;2062;02;False;0121101;True;0;6;0;0;0;0;0.0;False;0.0;;;;;;3266.5;0.0304;5248.27;1073.2;0.0666;5;0.3658;;;;;0
limpo;82239506000112;82239506;SP;1144522;soja;0.0;0.0;0;0.0;0.0;False;False;461;67576.45;01;2054;02;False;0220901;True;0;6;1;1;0;0;0.0;False;0.0;22685314.17;3452;6571.64;4478.12;;3859.7;-0.1003;15013.11;975.4;-0.3231;19;-0.3987;;;;;0
limpo;76770443000123;76770443;TO;5373788;soja;0.0;0.0;0;0.0;0.0;False;False;383;0.0;03;4014;02;False;0121101;True;1;6;2;2;0;0;0.0;False;0.0;;;;;;;;;;;;;;;;;0
limpo;92777798000109;92777798;RS;5323473;soja;0.0;0.0;0;0.0;0.0;False;False;451;0.0;01;2054;02;False;0151201;True;1;1;0;0;0;0;0.0;False;0.0;5770153.78;3796;1520.06;6107.33;;4184.9;0.3046;1406.53;1150.1;-0.4716;32;0.0109;;;;;0
limpo;92858314000148;92858314;PR;4168991;soja;0.0;0.0;0;0.0;0.0;False;False;502;0.0;01;4014;02;False;0311601;True;0;8;1;1;0;0;0.0;False;0.0;;;;;;3272.2;-0.2374;11409.04;801.1;0.1095;21;-0.0934;5;7102.08;418;2;1
limpo;91639621000175;91639621;BA;3889457;soja;0.0;0.0;0;0.0;0.0;False;False;537;9825.82;03;2135;02;False;0121101;True;0;2;0;0;0;0;0.0;False;0.0;;;;;;3266.5;0.0304;5248.27;1073.2;0.0666;5;0.3658;;;;;0
divida_ativa;81632564000149;81632564;GO;2631798;soja;12430.08;6398.63;7;0.0;-480.63;True;False;38;0.0;01;2054;02;False;0115600;True;0;5;1;0;0;3;2309969.55;False;0.0;14413700.4;13;1108746.18;6417.73;;3194.9;-0.0821;19788.09;1403.2;-0.2716;20;0.8262;;;;;0
limpo;43911809000188;43911809;MT;4952487;soja;0.0;0.0;0;0.0;0.0;False;False;200;1.0;01;2240;02;False;0133403;True;0;4;0;0;0;0;0.0;False;0.0;;;;;;4283.3;-0.0501;26781.4;1142.6;-0.1312;16;-0.1184;4;7355.89;856;3;0
limpo;41750868000196;41750868;MT;3047606;soja;14299.47;13086.85;1;6261849.05;175.91;False;True;370;0.0;01;2240;02;False;0121101;True;0;5;1;0;0;0;0.0;False;0.0;3490150.22;1814;1924.01;3376.09;;;;;;;;;;;;;0
passivo_ambiental_auto;49485474000160;49485474;GO;3763424;soja;0.0;0.0;0;0.0;0.0;False;False;25;0.0;05;2054;02;False;0113000;True;0;1;2;0;0;1;151907.92;False;0.0;2844536.11;3158;900.74;4170.84;;3496.6;-0.1391;1857.33;;;;;;;;;0
limpo;26492036000123;26492036;SP;4469177;soja;9543.01;5681.01;1;0.0;-769.1;True;True;416;1.0;03;2135;02;False;0151201;True;1;7;1;0;0;0;0.0;False;0.0;;;;;;;;;;;;;;;;;0
limpo;68544156000177;68544156;MT;5020745;soja;0.0;0.0;0;0.0;0.0;False;False;133;0.0;03;2135;02;False;0116401;True;1;5;1;1;0;0;0.0;False;0.0;16832610.2;2938;5729.28;2659.43;;2865.5;-0.0685;23248.53;1087.1;-0.1985;10;0.5319;;;;;0
limpo;62183535000100;62183535;TO;5373788;soja;0.0;0.0;0;0.0;0.0;False;False;180;0.0;01;4014;02;False;0116401;True;0;8;1;0;0;0;0.0;False;0.0;;;;;;;;;;;;;;;;;0
limpo;32310226000185;32310226;MT;5020745;soja;0.0;0.0;0;0.0;0.0;False;False;195;2149625.88;01;2054;02;False;0116401;True;1;3;2;2;1;0;0.0;False;0.0;16832610.2;2938;5729.28;2659.43;;2865.5;-0.0685;23248.53;1087.1;-0.1985;10;0.5319;3;124486.09;551;3;0
limpo;84582785000148;84582785;RS;2897684;soja;0.0;0.0;0;0.0;0.0;False;False;180;0.0;03;2135;02;False;0210101;True;0;2;2;2;1;0;0.0;False;0.0;25576731.08;1000;25576.73;5293.87;;3022.4;-0.1789;34484.31;791.9;0.1416;23;-0.3386;;;;;0
limpo;18933547000105;18933547;TO;2625906;soja;596085.17;28113.53;5;0.0;-55637.94;False;True;241;1.0;05;2135;02;False;0210101;True;1;5;2;1;1;0;0.0;False;0.0;7076252.67;3896;1816.29;5129.4;;4004.9;-0.3294;61983.79;1163.5;-0.1957;26;-0.2281;;;;;1
limpo;87924257000118;87924257;BA;3797806;soja;0.0;0.0;0;0.0;0.0;False;False;214;0.0;01;2054;02;False;0220901;True;0;4;2;0;0;0;0.0;False;0.0;4577751.8;3577;1279.77;1116.86;;3266.8;-0.1381;29664.1;1160.2;-0.1501;25;-0.5722;;;;;0
limpo;19213734000187;19213734;BA;1993507;soja;0.0;0.0;0;0.0;0.0;False;False;44;0.0;05;4014;02;False;0113000;True;1;2;2;1;0;0;0.0;False;0.0;;;;;;3041.8;-0.0835;4445.58;1427.8;0.2926;16;-0.2083;;;;;0
limpo;48284400000100;48284400;RS;1296511;soja;0.0;0.0;0;0.0;0.0;False;False;319;0.0;05;2135;02;False;0210101;True;0;8;1;0;0;0;0.0;False;0.0;;;;;;;;;;;;;;;;;0
limpo;74205221000132;74205221;PI;3137869;soja;0.0;0.0;0;0.0;0.0;False;False;393;10408.94;01;2240;02;False;0116401;True;0;7;1;0;0;0;0.0;False;0.0;10177003.44;1015;10026.6;5071.94;;2744.9;-0.3095;14240.48;640.1;0.0766;0;0.6749;;;;;0
divida_ativa;45164121000107;45164121;PR;4168991;soja;16642.6;9778.23;1;0.0;-3499.4;False;False;497;0.0;01;4014;02;False;0116401;True;1;6;1;0;0;0;0.0;False;0.0;;;;;;3272.2;-0.2374;11409.04;801.1;0.1095;21;-0.0934;5;170021.54;682;3;1
limpo;49568600000140;49568600;GO;2631798;soja;0.0;0.0;0;0.0;0.0;False;False;474;0.0;03;2135;02;False;0220901;True;1;6;2;1;1;0;0.0;False;0.0;14413700.4;13;1108746.18;6417.73;;3194.9;-0.0821;19788.09;1403.2;-0.2716;20;0.8262;;;;;0
limpo;79779701000120;79779701;RS;4372021;soja;0.0;0.0;0;0.0;0.0;False;False;457;1.0;03;4014;02;False;0311601;True;0;2;0;0;0;0;0.0;False;0.0;4702656.59;2724;1726.38;4444.47;;2871.3;-0.1436;6684.69;1363.1;-0.0476;4;-0.0304;;;;;0
limpo;35170042000155;35170042;TO;5373788;soja;0.0;0.0;0;0.0;0.0;False;False;547;0.0;03;2240;02;False;0111301;True;1;4;1;1;0;0;0.0;False;0.0;;;;;;;;;;;;;;;;;0
limpo;62508472000107;62508472;SP;1144522;soja;0.0;0.0;0;0.0;0.0;False;False;520;0.0;03;4014;02;False;0111301;True;1;4;0;0;0;0;0.0;False;0.0;22685314.17;3452;6571.64;4478.12;;3859.7;-0.1003;15013.11;975.4;-0.3231;19;-0.3987;;;;;0
passivo_ambiental_auto;20708745000117;20708745;GO;2856025;soja;0.0;0.0;0;0.0;0.0;False;False;176;1.0;03;2054;02;False;0311601;True;0;6;1;0;0;10;353325.65;False;0.0;4215365.78;477;8837.24;5811.42;;1816.6;-0.0367;157568.54;1022.2;-0.0563;11;-0.2071;3;12053.63;811;2;1
limpo;77725267000170;77725267;GO;3763424;soja;0.0;0.0;0;0.0;0.0;False;False;332;0.0;05;2054;02;False;0115600;True;0;2;2;0;0;8;43760.31;False;0.0;2844536.11;3158;900.74;4170.84;;3496.6;-0.1391;1857.33;;;;;;;;;0
limpo;81489497000155;81489497;TO;2599733;soja;0.0;0.0;0;0.0;0.0;False;False;130;0.0;03;2062;02;False;0311601;True;0;6;1;0;0;0;0.0;False;0.0;1134944.18;1648;688.68;2399.35;;3673.1;0.0845;644740.4;;;;;;;;;0
limpo;28203817000186;28203817;MT;4881066;soja;0.0;0.0;0;0.0;0.0;False;False;549;0.0;03;2054;02;False;0113000;True;1;2;0;0;0;0;0.0;False;0.0;;;;;;;;;;;;;;;;;0
limpo;90474782000193;90474782;MT;5020745;soja;0.0;0.0;0;0.0;0.0;False;False;347;0.0;03;2062;02;False;0210101;True;0;5;1;1;0;0;0.0;False;0.0;16832610.2;2938;5729.28;2659.43;;2865.5;-0.0685;23248.53;1087.1;-0.1985;10;0.5319;;;;;0
passivo_ambiental_auto;60408631000176;60408631;MT;4872493;soja;0.0;0.0;0;0.0;0.0;False;False;109;0.0;01;2054;02;False;0311601;True;0;3;1;0;0;10;9955.59;False;0.0;12871579.85;766;16803.63;1283.72;;2678.2;-0.0379;315502.18;1164.2;-0.4814;30;-0.3935;;;;;0
limpo;97262584000105;97262584;MA;1849363;soja;0.0;0.0;0;0.0;0.0;False;False;268;0.0;05;2054;02;False;0111301;True;0;2;0;0;0;5;109045.27;False;0.0;1890436.06;790;2392.96;3254.5;;2951.6;0.2319;11567.52;1244.5;-0.2244;14;0.2749;;;;;0
limpo;53396592000179;53396592;TO;4589069;soja;0.0;0.0;0;0.0;0.0;False;False;277;0.0;03;2062;02;False;0115600;True;0;1;2;0;1;0;0.0;False;0.0;2443446.14;2744;890.47;4703.19;;2024.4;-0.0039;12496.35;1038.3;-0.1626;18;-0.1071;;;;;0
limpo;75311205000197;75311205;MA;1813278;soja;0.0;0.0;0;0.0;0.0;False;False;283;0.0;05;4014;02;False;0116401;True;0;4;2;0;1;0;0.0;False;0.0;;;;;;3988.3;0.1576;4152.02;852.3;0.0456;18;-0.0187;;;;;0
limpo;63973235000180;63973235;GO;3355082;soja;0.0;0.0;0;0.0;0.0;False;False;9;0.0;01;4014;02;False;0220901;True;1;5;2;2;1;0;0.0;False;0.0;344902.69;1555;221.8;1341.28;;3426.5;-0.1292;14743.52;1302.6;0.1067;12;-0.0223;;;;;0
divida_ativa;57057406000128;57057406;MT;4881066;soja;59207.11;44323.43;8;0.0;5492.52;False;False;27;0.0;03;4014;02;False;0220901;True;2;2;2;1;1;0;0.0;False;0.0;;;;;;;;;;;;;;;;;0
limpo;37952799000126;37952799;GO;3355082;soja;0.0;0.0;0;0.0;0.0;False;False;373;810979.35;01;2135;02;False;0116401;True;0;8;0;0;0;0;0.0;False;0.0;344902.69;1555;221.8;1341.28;;3426.5;-0.1292;14743.52;1302.6;0.1067;12;-0.0223;;;;;0
limpo;11131286000160;11131286;PI;1498259;soja;0.0;0.0;0;0.0;0.0;False;False;435;55413.92;01;2240;02;False;0151201;True;1;1;0;0;0;0;0.0;False;0.0;5961831.05;452;13189.89;2292.48;;3510.9;-0.3402;43788.4;;;;;;;;;0
limpo;32868779000158;32868779;PR;4542087;soja;0.0;0.0;0;0.0;0.0;False;False;478;0.0;03;2240;02;False;0111301;True;0;8;0;0;0;0;0.0;False;0.0;2139970.45;3795;563.89;4484.0;;;;;;;;;;;;;0
limpo;38869089000108;38869089;MG;2246509;soja;0.0;0.0;0;0.0;0.0;False;False;500;0.0;03;2062;02;False;0113000;True;0;5;0;0;0;0;0.0;False;0.0;18573077.57;406;45746.5;1183.29;;3809.0;-0.3511;358203.19;;;;;;;;;0
limpo;84896302000180;84896302;BA;3797806;soja;0.0;0.0;0;0.0;0.0;False;False;187;0.0;03;2240;02;False;0113000;True;0;1;1;1;0;0;0.0;False;0.0;4577751.8;3577;1279.77;1116.86;;3266.8;-0.1381;29664.1;1160.2;-0.1501;25;-0.5722;;;;;0
limpo;93464229000168;93464229;PI;3137869;soja;107044.54;10620.61;7;0.0;8554.24;True;True;179;0.0;01;2062;02;False;0115600;True;0;4;1;1;0;0;0.0;False;0.0;10177003.44;1015;10026.6;5071.94;;2744.9;-0.3095;14240.48;640.1;0.0766;0;0.6749;;;;;0
limpo;36386383000125;36386383;PR;4542087;soja;0.0;0.0;0;0.0;0.0;False;False;36;0.0;03;2135;02;False;0113000;True;0;1;0;0;0;0;0.0;False;0.0;2139970.45;3795;563.89;4484.0;;;;;;;;;0;0.0;;0;0
limpo;22009163000178;22009163;SP;4469177;soja;0.0;0.0;0;0.0;0.0;False;False;559;1.0;05;2062;02;False;0220901;True;0;2;2;2;1;0;0.0;False;0.0;;;;;;;;;;;;;;;;;0
limpo;44075978000198;44075978;MT;4952487;soja;0.0;0.0;0;0.0;0.0;False;False;119;0.0;05;2062;02;False;0133403;True;1;8;1;1;0;0;0.0;False;0.0;;;;;;4283.3;-0.0501;26781.4;1142.6;-0.1312;16;-0.1184;;;;;0
passivo_ambiental_embargo;29421271000100;29421271;MA;2547930;soja;0.0;0.0;0;0.0;0.0;False;False;375;0.0;05;2054;02;False;0115600;True;0;3;1;0;0;5;93396.3;True;2199.04;3056399.2;3421;893.42;2943.06;;3413.0;0.1153;12947.73;1079.8;-0.105;39;-0.2894;;;;;0
limpo;50948608000110;50948608;TO;2395181;soja;0.0;0.0;0;266636.11;0.0;False;False;193;0.0;05;2240;02;False;0210101;True;0;3;1;1;0;0;0.0;False;0.0;5222030.27;3113;1677.49;5412.59;;4009.6;0.3374;16612.29;725.4;0.2591;36;-0.1239;;;;;0
limpo;50279806000139;50279806;BA;3797806;soja;0.0;0.0;0;0.0;0.0;False;False;559;0.0;03;2062;02;False;0113000;True;0;2;2;1;0;3;247813.98;False;0.0;4577751.8;3577;1279.77;1116.86;;3266.8;-0.1381;29664.1;1160.2;-0.1501;25;-0.5722;;;;;0
limpo;91423225000106;91423225;TO;4589069;soja;0.0;0.0;0;0.0;0.0;False;False;532;0.0;01;2135;02;False;0133403;True;0;1;1;0;0;0;0.0;False;0.0;2443446.14;2744;890.47;4703.19;;2024.4;-0.0039;12496.35;1038.3;-0.1626;18;-0.1071;;;;;0
limpo;40966885000100;40966885;PI;1498259;soja;0.0;0.0;0;6982947.24;0.0;False;False;304;0.0;05;2135;02;False;0111301;True;0;1;0;0;0;0;0.0;False;0.0;5961831.05;452;13189.89;2292.48;;3510.9;-0.3402;43788.4;;;;;;;;;0
divida_ativa;81012790000127;81012790;RS;4372021;soja;1227.68;1023.4;6;0.0;-94.68;True;True;465;510777.29;01;4014;02;False;0113000;True;0;7;0;0;0;0;0.0;False;0.0;4702656.59;2724;1726.38;4444.47;;2871.3;-0.1436;6684.69;1363.1;-0.0476;4;-0.0304;;;;;0
limpo;11305716000113;11305716;MT;3486350;soja;0.0;0.0;0;0.0;0.0;False;False;157;1.0;03;2240;02;False;0115600;True;1;4;0;0;0;0;0.0;False;0.0;65163087.4;3987;16343.89;5719.93;;2279.5;0.0795;14132.81;;;;;;;;;1
limpo;79658618000101;79658618;TO;2395181;soja;0.0;0.0;0;0.0;0.0;False;False;119;0.0;01;4014;02;False;0220901;True;0;2;2;0;1;0;0.0;False;0.0;5222030.27;3113;1677.49;5412.59;;4009.6;0.3374;16612.29;725.4;0.2591;36;-0.1239;;;;;0
limpo;22394373000127;22394373;MA;1813278;soja;0.0;0.0;0;0.0;0.0;False;False;212;36049.19;05;4014;02;False;0133403;True;0;1;2;1;0;0;0.0;False;0.0;;;;;;3988.3;0.1576;4152.02;852.3;0.0456;18;-0.0187;;;;;0
limpo;21032763000194;21032763;MT;4872493;soja;0.0;0.0;0;0.0;0.0;False;False;47;0.0;05;4014;02;False;0220901;True;0;4;2;0;1;0;0.0;False;0.0;12871579.85;766;16803.63;1283.72;;2678.2;-0.0379;315502.18;1164.2;-0.4814;30;-0.3935;;;;;0
divida_ativa;42791876000143;42791876;PI;3137869;soja;4187.77;2191.84;2;0.0;962.02;False;True;271;0.0;01;4014;02;False;0151201;True;0;1;0;0;0;0;0.0;False;0.0;10177003.44;1015;10026.6;5071.94;;2744.9;-0.3095;14240.48;640.1;0.0766;0;0.6749;;;;;0
passivo_ambiental_auto;99218645000162;99218645;PI;1498259;soja;108505.98;3252.07;6;0.0;17339.62;False;True;285;1.0;03;2054;02;False;0113000;True;0;2;1;0;0;5;2316323.82;False;0.0;5961831.05;452;13189.89;2292.48;;3510.9;-0.3402;43788.4;;;;;;;;;1
divida_ativa;28693730000134;28693730;TO;1628136;soja;459840.24;63353.47;4;0.0;81470.27;False;False;158;10829.99;03;2135;02;False;0115600;True;0;2;2;1;1;0;0.0;False;0.0;22713744.04;630;36053.56;4855.95;;;;;;;;;;;;;0
limpo;58118532000108;58118532;GO;2092240;soja;0.0;0.0;0;0.0;0.0;False;False;471;0.0;03;2062;02;False;0113000;True;0;3;1;1;0;0;0.0;False;0.0;3025600.14;2445;1237.46;6478.28;;;;;;;;;;;;;0
limpo;19320521000154;19320521;PA;3572518;soja;0.0;0.0;0;0.0;0.0;False;False;413;0.0;01;2062;02;False;0133403;True;0;4;1;0;0;0;0.0;False;0.0;8421494.89;3910;2153.84;5580.08;;;;;;;;;;;;;0
limpo;27151257000109;27151257;TO;2395181;soja;0.0;0.0;0;0.0;0.0;False;False;185;0.0;01;4014;02;False;0121101;True;0;2;1;0;0;0;0.0;False;0.0;5222030.27;3113;1677.49;5412.59;;4009.6;0.3374;16612.29;725.4;0.2591;36;-0.1239;5;599680.02;735;2;1
limpo;53634492000133;53634492;MT;3486350;soja;0.0;0.0;0;0.0;0.0;False;False;53;4488.18;03;2135;02;False;0113000;True;2;7;2;0;1;0;0.0;False;0.0;65163087.4;3987;16343.89;5719.93;;2279.5;0.0795;14132.81;;;;;;;;;0
limpo;21826271000170;21826271;TO;2395181;soja;0.0;0.0;0;0.0;0.0;False;False;322;0.0;01;2240;02;False;0116401;True;0;7;1;0;0;12;1068444.67;False;0.0;5222030.27;3113;1677.49;5412.59;;4009.6;0.3374;16612.29;725.4;0.2591;36;-0.1239;;;;;0
divida_ativa;26940639000140;26940639;MT;4881066;soja;44482.39;17536.79;1;0.0;16807.37;False;True;365;90625.54;01;2240;02;False;0111301;True;2;8;2;1;1;0;0.0;False;0.0;;;;;;;;;;;;;;;;;0
divida_ativa;49386435000105;49386435;MG;2246509;soja;580.57;335.67;4;0.0;-157.22;False;True;528;0.0;05;2054;02;False;0151201;True;2;3;0;0;0;0;0.0;False;0.0;18573077.57;406;45746.5;1183.29;;3809.0;-0.3511;358203.19;;;;;;;;;0
passivo_ambiental_auto;51285310000130;51285310;MG;2246509;soja;3414.71;3235.35;3;0.0;1135.4;False;True;370;0.0;03;4014;02;False;0113000;True;0;7;2;2;1;7;442265.58;False;0.0;18573077.57;406;45746.5;1183.29;;3809.0;-0.3511;358203.19;;;;;;;;;0
passivo_ambiental_auto;26606060000146;26606060;TO;1628136;soja;0.0;0.0;0;0.0;0.0;False;False;549;0.0;01;2062;02;False;0121101;True;0;4;2;1;1;10;1656.53;False;0.0;22713744.04;630;36053.56;4855.95;;;;;;;;;;;;;0
limpo;47208837000194;47208837;PR;4542087;soja;0.0;0.0;0;0.0;0.0;False;False;24;0.0;01;2062;02;False;0115600;True;0;3;0;0;0;0;0.0;False;0.0;2139970.45;3795;563.89;4484.0;;;;;;;;;;;;;0
limpo;98115484000119;98115484;MT;4091416;soja;0.0;0.0;0;0.0;0.0;False;False;417;0.0;05;4014;02;False;0121101;True;0;4;2;1;0;0;0.0;False;0.0;9930345.71;3827;2594.81;2854.45;;2593.6;0.1175;64737.72;;;;;;;;;0
passivo_ambiental_auto;61680611000112;61680611;TO;1628136;soja;44552.09;44529.93;4;0.0;2556.29;False;False;56;0.0;03;2062;02;False;0115600;True;0;8;0;0;0;4;159908.93;False;0.0;22713744.04;630;36053.56;4855.95;;;;;;;;;;;;;0
divida_ativa;89147389000106;89147389;GO;2856025;soja;13132.76;598.69;2;0.0;4020.41;False;True;369;0.0;05;2062;02;False;0220901;True;0;5;2;2;1;0;0.0;False;0.0;4215365.78;477;8837.24;5811.42;;1816.6;-0.0367;157568.54;1022.2;-0.0563;11;-0.2071;;;;;0
passivo_ambiental_auto;11265080000123;11265080;MT;4872493;soja;0.0;0.0;0;0.0;0.0;False;False;175;0.0;01;2054;02;False;0113000;True;0;8;0;0;0;4;76316.72;False;0.0;12871579.85;766;16803.63;1283.72;;2678.2;-0.0379;315502.18;1164.2;-0.4814;30;-0.3935;;;;;0
limpo;17548149000102;17548149;BA;3797806;soja;0.0;0.0;0;0.0;0.0;False;False;119;1.0;03;2135;02;False;0113000;True;1;7;1;1;0;0;0.0;False;0.0;4577751.8;3577;1279.77;1116.86;;3266.8;-0.1381;29664.1;1160.2;-0.1501;25;-0.5722;3;29474.5;796;1;0
limpo;40425150000161;40425150;GO;2856025;soja;560078.3;447093.09;9;25286.35;155833.87;False;False;482;1.0;05;2062;02;False;0115600;True;0;5;2;2;1;0;0.0;False;0.0;4215365.78;477;8837.24;5811.42;;1816.6;-0.0367;157568.54;1022.2;-0.0563;11;-0.2071;1;38208.84;900;1;0
grupo_societario;26313047000107;26313047;SP;1144522;soja;0.0;0.0;0;0.0;0.0;False;False;472;0.0;05;2054;02;False;0115600;True;0;8;15;11;1;0;0.0;False;0.0;22685314.17;3452;6571.64;4478.12;;3859.7;-0.1003;15013.11;975.4;-0.3231;19;-0.3987;;;;;0
limpo;87586461000176;87586461;TO;4589069;soja;0.0;0.0;0;0.0;0.0;False;False;97;0.0;05;2062;02;False;0121101;True;1;3;1;1;0;0;0.0;False;0.0;2443446.14;2744;890.47;4703.19;;2024.4;-0.0039;12496.35;1038.3;-0.1626;18;-0.1071;;;;;1
limpo;58852391000152;58852391;MA;1813278;soja;17848.24;4605.34;3;0.0;-2329.11;False;True;557;1.0;05;2135;02;False;0151201;True;0;5;2;2;0;0;0.0;False;0.0;;;;;;3988.3;0.1576;4152.02;852.3;0.0456;18;-0.0187;;;;;0
limpo;24379674000107;24379674;MA;1813278;soja;0.0;0.0;0;0.0;0.0;False;False;156;0.0;01;2054;02;False;0133403;True;0;7;0;0;0;0;0.0;False;0.0;;;;;;3988.3;0.1576;4152.02;852.3;0.0456;18;-0.0187;;;;;0
divida_ativa;42892474000135;42892474;PI;4630374;soja;105369.03;9849.1;6;266369.83;-21622.44;False;False;436;0.0;01;2054;02;False;0220901;True;1;7;2;0;1;0;0.0;False;0.0;13048266.74;1086;12014.98;3730.29;;4454.7;0.2245;24466.93;1518.2;0.2463;22;-0.0198;;;;;0
limpo;24920594000117;24920594;MT;3047606;soja;0.0;0.0;0;0.0;0.0;False;False;245;0.0;05;2054;02;False;0220901;True;0;6;1;1;0;0;0.0;False;0.0;3490150.22;1814;1924.01;3376.09;;;;;;;;;;;;;0
limpo;90337084000146;90337084;PR;4168991;soja;0.0;0.0;0;0.0;0.0;False;False;384;1.0;03;2054;02;False;0133403;True;0;6;1;0;0;0;0.0;False;0.0;;;;;;3272.2;-0.2374;11409.04;801.1;0.1095;21;-0.0934;0;0.0;;0;0
limpo;77114266000190;77114266;SP;4469177;soja;0.0;0.0;0;0.0;0.0;False;False;241;0.0;05;2062;02;False;0116401;True;0;6;1;1;0;0;0.0;False;0.0;;;;;;;;;;;;;;;;;0
situacao_irregular;49796475000125;49796475;MT;4952487;soja;0.0;0.0;0;0.0;0.0;False;False;171;0.0;03;2240;03;True;0121101;True;0;7;1;0;0;0;0.0;False;0.0;;;;;;4283.3;-0.0501;26781.4;1142.6;-0.1312;16;-0.1184;;;;;0
passivo_ambiental_auto;16132843000181;16132843;RS;3466531;soja;0.0;0.0;0;0.0;0.0;False;False;217;0.0;01;2135;02;False;0210101;True;0;7;1;1;0;5;45807.87;False;0.0;3897875.17;1357;2872.42;4389.67;;;;;;;;;;;;;0
limpo;77638983000110;77638983;RS;3466531;soja;0.0;0.0;0;0.0;0.0;False;False;535;9800.18;05;2054;02;False;0311601;True;0;3;1;0;0;0;0.0;False;0.0;3897875.17;1357;2872.42;4389.67;;;;;;;;;;;;;0
limpo;56553839000101;56553839;RS;2897684;soja;0.0;0.0;0;0.0;0.0;False;False;91;9235.43;03;2240;02;False;0115600;True;0;6;2;1;1;0;0.0;False;0.0;25576731.08;1000;25576.73;5293.87;;3022.4;-0.1789;34484.31;791.9;0.1416;23;-0.3386;;;;;0
limpo;72192924000148;72192924;RS;1296511;soja;0.0;0.0;0;0.0;0.0;False;False;34;0.0;05;2240;02;False;0113000;True;1;8;1;0;0;0;0.0;False;0.0;;;;;;;;;;;;;;;;;0
limpo;37681339000100;37681339;GO;2092240;soja;0.0;0.0;0;0.0;0.0;False;False;82;1.0;03;2054;02;False;0121101;True;0;8;0;0;0;0;0.0;False;0.0;3025600.14;2445;1237.46;6478.28;;;;;;;;;;;;;0
limpo;49530879000172;49530879;SP;1144522;soja;0.0;0.0;0;0.0;0.0;False;False;244;0.0;01;2062;02;False;0121101;True;2;1;1;0;0;0;0.0;False;0.0;22685314.17;3452;6571.64;4478.12;;3859.7;-0.1003;15013.11;975.4;-0.3231;19;-0.3987;1;404116.54;33;1;0
divida_ativa;11867528000189;11867528;RS;4372021;soja;93011.89;7202.11;7;0.0;36710.05;False;False;25;174969.43;01;2054;02;False;0116401;True;0;1;1;1;0;0;0.0;False;0.0;4702656.59;2724;1726.38;4444.47;;2871.3;-0.1436;6684.69;1363.1;-0.0476;4;-0.0304;;;;;0
limpo;38008364000190;38008364;GO;2631798;soja;0.0;0.0;0;0.0;0.0;False;False;121;1.0;03;2135;02;False;0311601;True;0;8;0;0;0;0;0.0;False;0.0;14413700.4;13;1108746.18;6417.73;;3194.9;-0.0821;19788.09;1403.2;-0.2716;20;0.8262;;;;;0
situacao_irregular;10715296000180;10715296;RS;2897684;soja;0.0;0.0;0;0.0;0.0;False;False;166;1.0;05;4014;08;True;0220901;True;0;4;2;2;0;0;0.0;False;0.0;25576731.08;1000;25576.73;5293.87;;3022.4;-0.1789;34484.31;791.9;0.1416;23;-0.3386;;;;;0
limpo;76203738000118;76203738;TO;4589069;soja;0.0;0.0;0;0.0;0.0;False;False;362;0.0;03;4014;02;False;0121101;True;0;7;0;0;0;0;0.0;False;0.0;2443446.14;2744;890.47;4703.19;;2024.4;-0.0039;12496.35;1038.3;-0.1626;18;-0.1071;;;;;0
limpo;54443205000170;54443205;RS;5323473;soja;0.0;0.0;0;0.0;0.0;False;False;506;0.0;05;4014;02;False;0210101;True;0;1;0;0;0;0;0.0;False;0.0;5770153.78;3796;1520.06;6107.33;;4184.9;0.3046;1406.53;1150.1;-0.4716;32;0.0109;;;;;0
limpo;10374362000104;10374362;MA;1849363;soja;0.0;0.0;0;1218746.48;0.0;False;False;111;0.0;01;4014;02;False;0115600;True;0;2;1;1;0;0;0.0;False;0.0;1890436.06;790;2392.96;3254.5;;2951.6;0.2319;11567.52;1244.5;-0.2244;14;0.2749;;;;;0
limpo;47512892000173;47512892;RS;2897684;soja;0.0;0.0;0;0.0;0.0;False;False;203;0.0;01;2062;02;False;0113000;True;0;2;0;0;0;0;0.0;False;0.0;25576731.08;1000;25576.73;5293.87;;3022.4;-0.1789;34484.31;791.9;0.1416;23;-0.3386;;;;;0
situacao_irregular;54477708000167;54477708;MT;4091416;soja;0.0;0.0;0;0.0;0.0;False;False;342;1.0;05;2062;04;True;0116401;True;1;5;2;2;0;0;0.0;False;0.0;9930345.71;3827;2594.81;2854.45;;2593.6;0.1175;64737.72;;;;;;;;;0
limpo;31770277000127;31770277;RS;2897684;soja;0.0;0.0;0;0.0;0.0;False;False;33;0.0;05;4014;02;False;0116401;True;0;5;0;0;0;0;0.0;False;0.0;25576731.08;1000;25576.73;5293.87;;3022.4;-0.1789;34484.31;791.9;0.1416;23;-0.3386;;;;;0
limpo;87817765000105;87817765;TO;2599733;soja;48329.69;43867.58;3;0.0;-9940.28;True;True;208;0.0;03;2240;02;False;0311601;True;0;3;2;0;0;0;0.0;False;0.0;1134944.18;1648;688.68;2399.35;;3673.1;0.0845;644740.4;;;;;;;;;0
divida_ativa;45997422000111;45997422;GO;3838683;soja;79527.77;63370.1;3;0.0;4538.72;False;True;387;0.0;03;2135;02;False;0121101;True;1;5;2;1;1;0;0.0;False;0.0;8577457.59;2126;4034.55;3501.48;;;;;;;;;;;;;1
limpo;63504799000173;63504799;BA;3889457;soja;0.0;0.0;0;0.0;0.0;False;False;465;1.0;01;2062;02;False;0115600;True;0;3;0;0;0;0;0.0;False;0.0;;;;;;3266.5;0.0304;5248.27;1073.2;0.0666;5;0.3658;;;;;0
situacao_irregular;52332948000148;52332948;MA;1849363;soja;0.0;0.0;0;0.0;0.0;False;False;345;0.0;03;2062;03;True;0151201;True;0;3;2;0;0;0;0.0;False;0.0;1890436.06;790;2392.96;3254.5;;2951.6;0.2319;11567.52;1244.5;-0.2244;14;0.2749;2;143509.47;246;1;0
limpo;89360217000116;89360217;RS;5323473;soja;0.0;0.0;0;0.0;0.0;False;False;263;1.0;01;2062;02;False;0220901;True;0;5;1;1;0;0;0.0;False;0.0;5770153.78;3796;1520.06;6107.33;;4184.9;0.3046;1406.53;1150.1;-0.4716;32;0.0109;;;;;0
limpo;82844194000176;82844194;MA;1813278;soja;0.0;0.0;0;0.0;0.0;False;False;219;1.0;01;4014;02;False;0311601;True;2;7;1;1;0;0;0.0;False;0.0;;;;;;3988.3;0.1576;4152.02;852.3;0.0456;18;-0.0187;;;;;0
grupo_societario;32270634000150;32270634;TO;2625906;soja;0.0;0.0;0;0.0;0.0;False;False;538;0.0;05;2240;02;False;0220901;True;0;3;24;24;5;0;0.0;False;0.0;7076252.67;3896;1816.29;5129.4;;4004.9;-0.3294;61983.79;1163.5;-0.1957;26;-0.2281;;;;;0
limpo;33072173000174;33072173;RS;1296511;soja;3269.35;1184.85;4;0.0;686.95;True;True;407;0.0;01;2135;02;False;0113000;True;1;1;1;0;0;0;0.0;False;0.0;;;;;;;;;;;;;;;;;0
situacao_irregular;64456830000100;64456830;GO;3763424;soja;0.0;0.0;0;0.0;0.0;False;False;263;1.0;05;2062;03;True;0111301;True;1;3;1;0;0;0;0.0;False;0.0;2844536.11;3158;900.74;4170.84;;3496.6;-0.1391;1857.33;;;;;;;;;0
limpo;86960133000125;86960133;TO;2599733;soja;0.0;0.0;0;0.0;0.0;False;False;460;0.0;03;2054;02;False;0115600;True;0;6;0;0;0;10;124710.3;False;0.0;1134944.18;1648;688.68;2399.35;;3673.1;0.0845;644740.4;;;;;;;;;0
grupo_societario;58493738000118;58493738;MA;2547930;soja;0.0;0.0;0;994776.54;0.0;False;False;92;0.0;01;2240;02;False;0116401;True;0;3;18;4;2;0;0.0;False;0.0;3056399.2;3421;893.42;2943.06;;3413.0;0.1153;12947.73;1079.8;-0.105;39;-0.2894;;;;;0
limpo;89441626000147;89441626;BA;3797806;soja;0.0;0.0;0;0.0;0.0;False;False;153;0.0;05;2062;02;False;0210101;True;0;7;2;0;1;0;0.0;False;0.0;4577751.8;3577;1279.77;1116.86;;3266.8;-0.1381;29664.1;1160.2;-0.1501;25;-0.5722;6;54002.15;863;1;0
passivo_ambiental_auto;62468705000195;62468705;MT;3486350;soja;0.0;0.0;0;293193.58;0.0;False;False;210;0.0;01;2054;02;False;0121101;True;0;4;2;2;0;9;654235.8;False;0.0;65163087.4;3987;16343.89;5719.93;;2279.5;0.0795;14132.81;;;;;;;;;0
divida_ativa;25390236000102;25390236;TO;1926828;soja;38338.77;35988.27;2;0.0;-3035.76;False;True;207;0.0;03;2054;02;False;0121101;True;0;8;2;1;0;7;2106754.29;False;0.0;1592038.63;3955;402.54;2086.07;;2103.1;-0.0625;2779.51;847.2;0.0075;25;0.3455;;;;;0
limpo;43689704000126;43689704;TO;4589069;soja;0.0;0.0;0;0.0;0.0;False;False;490;0.0;03;2062;02;False;0220901;True;0;1;0;0;0;0;0.0;False;0.0;2443446.14;2744;890.47;4703.19;;2024.4;-0.0039;12496.35;1038.3;-0.1626;18;-0.1071;;;;;0
limpo;85783615000194;85783615;GO;2856025;soja;0.0;0.0;0;0.0;0.0;False;False;461;0.0;03;2062;02;False;0133403;True;0;5;0;0;0;0;0.0;False;0.0;4215365.78;477;8837.24;5811.42;;1816.6;-0.0367;157568.54;1022.2;-0.0563;11;-0.2071;2;8850.99;204;2;0
limpo;11446903000117;11446903;RS;5323473;soja;0.0;0.0;0;0.0;0.0;False;False;146;0.0;05;2062;02;False;0151201;True;0;3;2;0;1;0;0.0;False;0.0;5770153.78;3796;1520.06;6107.33;;4184.9;0.3046;1406.53;1150.1;-0.4716;32;0.0109;;;;;0
limpo;11622415000113;11622415;MG;2246509;soja;0.0;0.0;0;0.0;0.0;False;False;499;1.0;03;2135;02;False;0111301;True;0;5;1;0;0;4;197502.72;False;0.0;18573077.57;406;45746.5;1183.29;;3809.0;-0.3511;358203.19;;;;;;;;;0
limpo;14362261000166;14362261;GO;3838683;soja;0.0;0.0;0;0.0;0.0;False;False;506;1.0;05;2054;02;False;0111301;True;0;8;2;2;1;0;0.0;False;0.0;8577457.59;2126;4034.55;3501.48;;;;;;;;;2;33629.97;748;2;0
passivo_ambiental_auto;57164472000105;57164472;RS;5323473;soja;0.0;0.0;0;0.0;0.0;False;False;245;0.0;01;2240;02;False;0151201;True;1;2;1;1;0;7;169067.02;False;0.0;5770153.78;3796;1520.06;6107.33;;4184.9;0.3046;1406.53;1150.1;-0.4716;32;0.0109;;;;;0
limpo;32405926000153;32405926;TO;2782512;soja;0.0;0.0;0;0.0;0.0;False;False;400;0.0;01;2240;02;False;0121101;True;0;7;2;0;1;0;0.0;False;0.0;;;;;;2863.3;-0.1129;5150.27;910.7;0.2631;25;0.1329;;;;;0
divida_ativa;69620458000140;69620458;BA;1287110;soja;14517.5;7012.63;8;0.0;-4096.8;False;False;129;0.0;01;2135;02;False;0113000;True;0;8;1;1;0;0;0.0;False;0.0;7170659.32;281;25518.36;5970.35;;3173.5;-0.0805;35165.31;;;;;4;16199.31;19;3;1
limpo;54170628000164;54170628;TO;1628136;soja;0.0;0.0;0;0.0;0.0;False;False;216;0.0;01;2240;02;False;0113000;True;0;8;2;1;0;0;0.0;False;0.0;22713744.04;630;36053.56;4855.95;;;;;;;;;;;;;0
divida_ativa;95588023000175;95588023;MT;4881066;soja;187012.6;25994.55;2;0.0;-47324.26;False;False;85;0.0;03;2054;02;False;0115600;True;0;4;0;0;0;0;0.0;False;0.0;;;;;;;;;;;;;;;;;1
divida_ativa;63984939000158;63984939;MA;2547930;soja;5351.66;3618.61;1;0.0;2433.96;False;True;527;1.0;01;4014;02;False;0220901;True;1;8;2;0;0;0;0.0;False;0.0;3056399.2;3421;893.42;2943.06;;3413.0;0.1153;12947.73;1079.8;-0.105;39;-0.2894;;;;;0
grupo_societario;37390284000180;37390284;MT;4881066;soja;0.0;0.0;0;22981.98;0.0;False;False;274;0.0;05;2240;02;False;0113000;True;0;4;5;0;2;0;0.0;False;0.0;;;;;;;;;;;;;;;;;0
limpo;95863598000159;95863598;MT;4881066;soja;0.0;0.0;0;0.0;0.0;False;False;33;162856.55;05;2135;02;False;0111301;True;0;8;1;0;0;6;991.21;False;0.0;;;;;;;;;;;;;;;;;0
limpo;78803991000138;78803991;MG;2246509;soja;0.0;0.0;0;0.0;0.0;False;False;83;0.0;05;2062;02;False;0121101;True;0;1;0;0;0;0;0.0;False;0.0;18573077.57;406;45746.5;1183.29;;3809.0;-0.3511;358203.19;;;;;;;;;0
grupo_societario;46383648000195;46383648;MS;2167433;soja;0.0;0.0;0;0.0;0.0;False;False;59;0.0;05;2240;02;False;0311601;True;1;3;13;13;5;0;0.0;False;0.0;45698908.98;37;1235105.65;4640.03;;3388.1;-0.041;1178.06;747.3;0.3091;29;-0.1134;;;;;0
limpo;70232661000128;70232661;MT;4872493;soja;0.0;0.0;0;0.0;0.0;False;False;311;0.0;01;2135;02;False;0115600;True;0;1;0;0;0;0;0.0;False;0.0;12871579.85;766;16803.63;1283.72;;2678.2;-0.0379;315502.18;1164.2;-0.4814;30;-0.3935;;;;;0
limpo;63970447000103;63970447;PR;4542087;soja;0.0;0.0;0;0.0;0.0;False;False;312;1.0;03;2062;02;False;0115600;True;0;6;1;0;0;0;0.0;False;0.0;2139970.45;3795;563.89;4484.0;;;;;;;;;;;;;0
limpo;82455682000191;82455682;TO;2599733;soja;3810943.93;2285959.64;7;0.0;-620450.62;False;True;21;0.0;05;2135;02;False;0115600;True;0;2;2;1;0;0;0.0;False;0.0;1134944.18;1648;688.68;2399.35;;3673.1;0.0845;644740.4;;;;;5;31328.61;434;1;1
limpo;39305371000117;39305371;PI;1498259;soja;0.0;0.0;0;0.0;0.0;False;False;540;0.0;03;2062;02;False;0111301;True;0;5;2;2;0;0;0.0;False;0.0;5961831.05;452;13189.89;2292.48;;3510.9;-0.3402;43788.4;;;;;;;;;0
passivo_ambiental_auto;38850050000130;38850050;GO;3763424;soja;0.0;0.0;0;0.0;0.0;False;False;475;0.0;01;2135;02;False;0220901;True;1;8;0;0;0;10;26041.75;False;0.0;2844536.11;3158;900.74;4170.84;;3496.6;-0.1391;1857.33;;;;;3;136796.26;63;1;0
divida_ativa;10103235000162;10103235;TO;1628136;soja;1121.45;356.9;5;0.0;-18.07;False;True;519;1.0;05;4014;02;False;0133403;True;1;5;1;0;0;0;0.0;False;0.0;22713744.04;630;36053.56;4855.95;;;;;;;;;;;;;0
limpo;78453832000150;78453832;TO;4589069;soja;0.0;0.0;0;0.0;0.0;False;False;384;0.0;05;2054;02;False;0121101;True;0;4;2;0;0;0;0.0;False;0.0;2443446.14;2744;890.47;4703.19;;2024.4;-0.0039;12496.35;1038.3;-0.1626;18;-0.1071;;;;;0
limpo;72222360000149;72222360;MS;2167433;soja;0.0;0.0;0;0.0;0.0;False;False;323;0.0;03;2135;02;False;0113000;True;0;5;2;0;1;0;0.0;False;0.0;45698908.98;37;1235105.65;4640.03;;3388.1;-0.041;1178.06;747.3;0.3091;29;-0.1134;;;;;0
limpo;27288702000179;27288702;BA;1993507;soja;3280791.64;1339158.2;4;0.0;5132.06;False;False;164;0.0;05;4014;02;False;0220901;True;0;6;0;0;0;0;0.0;False;0.0;;;;;;3041.8;-0.0835;4445.58;1427.8;0.2926;16;-0.2083;;;;;0
passivo_ambiental_auto;63662562000110;63662562;RS;1296511;soja;0.0;0.0;0;0.0;0.0;False;False;450;0.0;01;2135;02;False;0151201;True;0;1;1;1;0;12;32510.07;False;0.0;;;;;;;;;;;;;;;;;0
limpo;35447599000190;35447599;TO;1926828;soja;0.0;0.0;0;3837034.03;0.0;False;False;56;0.0;05;2054;02;False;0121101;True;0;2;0;0;0;0;0.0;False;0.0;1592038.63;3955;402.54;2086.07;;2103.1;-0.0625;2779.51;847.2;0.0075;25;0.3455;;;;;0
divida_ativa;98762878000169;98762878;TO;5373788;soja;18315.51;13390.27;2;0.0;-3762.61;True;False;513;0.0;05;4014;02;False;0133403;True;0;7;0;0;0;0;0.0;False;0.0;;;;;;;;;;;;;;;;;0
limpo;31443818000102;31443818;GO;3763424;soja;0.0;0.0;0;0.0;0.0;False;False;160;0.0;01;2135;02;False;0210101;True;1;1;2;2;1;0;0.0;False;0.0;2844536.11;3158;900.74;4170.84;;3496.6;-0.1391;1857.33;;;;;;;;;0
limpo;23731131000144;23731131;MT;3486350;soja;0.0;0.0;0;0.0;0.0;False;False;40;0.0;03;2054;02;False;0220901;True;0;1;2;0;1;0;0.0;False;0.0;65163087.4;3987;16343.89;5719.93;;2279.5;0.0795;14132.81;;;;;;;;;0
limpo;10372877000167;10372877;RS;2897684;soja;0.0;0.0;0;0.0;0.0;False;False;497;0.0;05;2240;02;False;0115600;True;0;5;0;0;0;0;0.0;False;0.0;25576731.08;1000;25576.73;5293.87;;3022.4;-0.1789;34484.31;791.9;0.1416;23;-0.3386;;;;;0
divida_ativa;52679582000188;52679582;PR;4374686;soja;14349.04;12202.71;2;109980.26;1391.29;False;False;81;0.0;03;2062;02;False;0116401;True;0;3;0;0;0;0;0.0;False;0.0;;;;;;;;;;;;;;;;;0
divida_ativa;93485270000110;93485270;TO;2782512;soja;25580.79;12388.25;4;0.0;-3788.47;False;False;323;0.0;03;2240;02;False;0220901;True;0;5;2;1;1;0;0.0;False;0.0;;;;;;2863.3;-0.1129;5150.27;910.7;0.2631;25;0.1329;;;;;1
limpo;27269901000130;27269901;MA;1849363;soja;0.0;0.0;0;0.0;0.0;False;False;487;0.0;01;4014;02;False;0111301;True;1;1;0;0;0;0;0.0;False;0.0;1890436.06;790;2392.96;3254.5;;2951.6;0.2319;11567.52;1244.5;-0.2244;14;0.2749;;;;;0
limpo;57953300000102;57953300;TO;4589069;soja;0.0;0.0;0;0.0;0.0;False;False;280;0.0;01;2240;02;False;0115600;True;0;2;2;2;1;0;0.0;False;0.0;2443446.14;2744;890.47;4703.19;;2024.4;-0.0039;12496.35;1038.3;-0.1626;18;-0.1071;;;;;0
limpo;20610410000161;20610410;MT;5020745;soja;0.0;0.0;0;0.0;0.0;False;False;407;0.0;01;4014;02;False;0111301;True;1;1;1;1;0;0;0.0;False;0.0;16832610.2;2938;5729.28;2659.43;;2865.5;-0.0685;23248.53;1087.1;-0.1985;10;0.5319;;;;;1
limpo;42994737000117;42994737;GO;2631798;soja;0.0;0.0;0;0.0;0.0;False;False;288;28091.21;01;4014;02;False;0220901;True;0;2;2;2;0;0;0.0;False;0.0;14413700.4;13;1108746.18;6417.73;;3194.9;-0.0821;19788.09;1403.2;-0.2716;20;0.8262;;;;;0
limpo;31517603000199;31517603;MT;1342092;soja;0.0;0.0;0;0.0;0.0;False;False;414;0.0;03;2062;02;False;0133403;True;0;1;0;0;0;0;0.0;False;0.0;722846.84;2362;306.03;1988.84;;3594.8;0.0837;14558.01;663.4;-0.0379;31;0.4066;;;;;0
limpo;55358363000195;55358363;MT;4881066;soja;0.0;0.0;0;0.0;0.0;False;False;214;0.0;03;2054;02;False;0113000;True;0;4;1;1;0;0;0.0;False;0.0;;;;;;;;;;;;;;;;;0
limpo;78079093000189;78079093;TO;2395181;soja;0.0;0.0;0;0.0;0.0;False;False;500;102040.23;05;2062;02;False;0311601;True;0;2;1;1;0;0;0.0;False;0.0;5222030.27;3113;1677.49;5412.59;;4009.6;0.3374;16612.29;725.4;0.2591;36;-0.1239;;;;;0
divida_ativa;29496391000169;29496391;TO;1926828;soja;60057.87;20136.55;5;0.0;8930.71;True;False;252;0.0;01;2062;02;False;0311601;True;0;1;1;1;0;0;0.0;False;0.0;1592038.63;3955;402.54;2086.07;;2103.1;-0.0625;2779.51;847.2;0.0075;25;0.3455;6;4956.67;153;1;1
situacao_irregular;10940923000187;10940923;GO;3838683;soja;0.0;0.0;0;0.0;0.0;False;False;64;1.0;05;2135;04;True;0116401;True;0;2;2;1;1;0;0.0;False;0.0;8577457.59;2126;4034.55;3501.48;;;;;;;;;;;;;0
limpo;42733135000106;42733135;TO;2625906;soja;0.0;0.0;0;0.0;0.0;False;False;423;0.0;03;4014;02;False;0121101;True;1;6;1;0;0;0;0.0;False;0.0;7076252.67;3896;1816.29;5129.4;;4004.9;-0.3294;61983.79;1163.5;-0.1957;26;-0.2281;;;;;0
limpo;81755558000189;81755558;MS;2167433;soja;0.0;0.0;0;2293.06;0.0;False;False;403;0.0;01;2240;02;False;0115600;True;0;1;1;1;0;0;0.0;False;0.0;45698908.98;37;1235105.65;4640.03;;3388.1;-0.041;1178.06;747.3;0.3091;29;-0.1134;;;;;0
limpo;27349748000150;27349748;MA;1813278;soja;0.0;0.0;0;0.0;0.0;False;False;129;0.0;01;4014;02;False;0115600;True;0;3;0;0;0;0;0.0;False;0.0;;;;;;3988.3;0.1576;4152.02;852.3;0.0456;18;-0.0187;;;;;0
limpo;29214931000174;29214931;RS;2897684;soja;0.0;0.0;0;0.0;0.0;False;False;385;0.0;05;4014;02;False;0210101;True;0;2;1;0;0;6;1338440.57;False;0.0;25576731.08;1000;25576.73;5293.87;;3022.4;-0.1789;34484.31;791.9;0.1416;23;-0.3386;;;;;0
limpo;72205693000160;72205693;GO;3355082;soja;0.0;0.0;0;0.0;0.0;False;False;285;71338.45;05;2135;02;False;0115600;True;0;5;1;1;0;0;0.0;False;0.0;344902.69;1555;221.8;1341.28;;3426.5;-0.1292;14743.52;1302.6;0.1067;12;-0.0223;;;;;0
limpo;12186404000109;12186404;TO;2599733;soja;0.0;0.0;0;0.0;0.0;False;False;222;0.0;03;2240;02;False;0121101;True;2;3;2;0;1;0;0.0;False;0.0;1134944.18;1648;688.68;2399.35;;3673.1;0.0845;644740.4;;;;;;;;;0
limpo;17024006000100;17024006;GO;2856025;soja;0.0;0.0;0;0.0;0.0;False;False;436;1.0;03;4014;02;False;0121101;True;0;1;0;0;0;0;0.0;False;0.0;4215365.78;477;8837.24;5811.42;;1816.6;-0.0367;157568.54;1022.2;-0.0563;11;-0.2071;;;;;0
limpo;66586109000160;66586109;PR;4168991;soja;0.0;0.0;0;0.0;0.0;False;False;522;0.0;01;2240;02;False;0116401;True;0;2;0;0;0;0;0.0;False;0.0;;;;;;3272.2;-0.2374;11409.04;801.1;0.1095;21;-0.0934;;;;;0
divida_ativa;22101893000102;22101893;PA;3572518;soja;35338.36;20216.43;6;0.0;-3373.82;True;True;340;0.0;05;2240;02;False;0115600;True;0;5;0;0;0;0;0.0;False;0.0;8421494.89;3910;2153.84;5580.08;;;;;;;;;;;;;0
limpo;52932757000117;52932757;MT;4091416;soja;0.0;0.0;0;0.0;0.0;False;False;87;1.0;05;4014;02;False;0220901;True;0;5;1;1;0;0;0.0;False;0.0;9930345.71;3827;2594.81;2854.45;;2593.6;0.1175;64737.72;;;;;;;;;0
situacao_irregular;84320245000196;84320245;MS;2167433;soja;0.0;0.0;0;0.0;0.0;False;False;411;0.0;01;2240;03;True;0133403;True;0;3;2;0;1;0;0.0;False;0.0;45698908.98;37;1235105.65;4640.03;;3388.1;-0.041;1178.06;747.3;0.3091;29;-0.1134;;;;;0
limpo;42797531000105;42797531;TO;2599733;soja;0.0;0.0;0;0.0;0.0;False;False;448;0.0;01;2135;02;False;0113000;True;0;8;0;0;0;0;0.0;False;0.0;1134944.18;1648;688.68;2399.35;;3673.1;0.0845;644740.4;;;;;;;;;0
limpo;85903132000186;85903132;PA;3572518;soja;0.0;0.0;0;0.0;0.0;False;False;335;0.0;01;2054;02;False;0133403;True;0;3;1;1;0;0;0.0;False;0.0;8421494.89;3910;2153.84;5580.08;;;;;;;;;3;47392.42;487;1;0
limpo;81795409000143;81795409;SP;1144522;soja;0.0;0.0;0;14693198.22;0.0;False;False;6;0.0;05;2135;02;False;0116401;True;1;3;0;0;0;0;0.0;False;0.0;22685314.17;3452;6571.64;4478.12;;3859.7;-0.1003;15013.11;975.4;-0.3231;19;-0.3987;;;;;0
limpo;49852254000127;49852254;GO;2631798;soja;0.0;0.0;0;5841740.13;0.0;False;False;500;0.0;03;2062;02;False;0210101;True;1;6;2;0;1;0;0.0;False;0.0;14413700.4;13;1108746.18;6417.73;;3194.9;-0.0821;19788.09;1403.2;-0.2716;20;0.8262;;;;;0
limpo;86288552000162;86288552;RS;5323473;soja;0.0;0.0;0;569331.88;0.0;False;False;297;8366.64;01;2135;02;False;0113000;True;1;7;0;0;0;0;0.0;False;0.0;5770153.78;3796;1520.06;6107.33;;4184.9;0.3046;1406.53;1150.1;-0.4716;32;0.0109;;;;;0
situacao_irregular;76137548000140;76137548;TO;2782512;soja;0.0;0.0;0;0.0;0.0;False;False;40;13322.24;03;2062;04;True;0133403;True;0;6;0;0;0;0;0.0;False;0.0;;;;;;2863.3;-0.1129;5150.27;910.7;0.2631;25;0.1329;;;;;0
divida_ativa;54970734000122;54970734;MS;2167433;soja;108201.92;86144.84;3;0.0;-25118.92;False;False;310;0.0;01;2054;02;False;0151201;True;0;7;0;0;0;0;0.0;False;0.0;45698908.98;37;1235105.65;4640.03;;3388.1;-0.041;1178.06;747.3;0.3091;29;-0.1134;;;;;0
limpo;67448896000147;67448896;MT;4091416;soja;0.0;0.0;0;0.0;0.0;False;False;169;0.0;01;2135;02;False;0121101;True;0;6;2;2;1;0;0.0;False;0.0;9930345.71;3827;2594.81;2854.45;;2593.6;0.1175;64737.72;;;;;;;;;0
grupo_societario;19525938000153;19525938;PI;1498259;soja;0.0;0.0;0;0.0;0.0;False;False;541;468922.97;05;2054;02;False;0311601;True;1;5;13;13;4;0;0.0;False;0.0;5961831.05;452;13189.89;2292.48;;3510.9;-0.3402;43788.4;;;;;;;;;0
limpo;77925726000160;77925726;PI;1498259;soja;0.0;0.0;0;598911.15;0.0;False;False;294;0.0;05;2135;02;False;0113000;True;1;7;2;1;0;0;0.0;False;0.0;5961831.05;452;13189.89;2292.48;;3510.9;-0.3402;43788.4;;;;;;;;;0
grupo_societario;44528840000105;44528840;BA;1287110;soja;0.0;0.0;0;0.0;0.0;False;False;552;1.0;01;2062;02;False;0210101;True;0;6;6;1;2;0;0.0;False;0.0;7170659.32;281;25518.36;5970.35;;3173.5;-0.0805;35165.31;;;;;;;;;1
limpo;70455694000137;70455694;TO;4589069;soja;0.0;0.0;0;0.0;0.0;False;False;549;0.0;03;2054;02;False;0151201;True;0;3;0;0;0;0;0.0;False;0.0;2443446.14;2744;890.47;4703.19;;2024.4;-0.0039;12496.35;1038.3;-0.1626;18;-0.1071;;;;;0
divida_ativa;75994209000117;75994209;BA;3797806;soja;62931.35;8103.54;8;0.0;8610.83;False;True;303;0.0;05;2062;02;False;0121101;True;0;4;2;2;1;0;0.0;False;0.0;4577751.8;3577;1279.77;1116.86;;3266.8;-0.1381;29664.1;1160.2;-0.1501;25;-0.5722;;;;;0
limpo;72751972000129;72751972;MT;4091416;soja;0.0;0.0;0;0.0;0.0;False;False;338;0.0;05;2054;02;False;0311601;True;0;7;2;0;0;0;0.0;False;0.0;9930345.71;3827;2594.81;2854.45;;2593.6;0.1175;64737.72;;;;;;;;;0
passivo_ambiental_auto;69696559000102;69696559;TO;2625906;soja;0.0;0.0;0;0.0;0.0;False;False;150;0.0;03;2054;02;False;0113000;True;0;7;1;1;0;13;8030.92;False;0.0;7076252.67;3896;1816.29;5129.4;;4004.9;-0.3294;61983.79;1163.5;-0.1957;26;-0.2281;2;23349.49;419;2;0
situacao_irregular;63498812000129;63498812;GO;3763424;soja;0.0;0.0;0;0.0;0.0;False;False;487;0.0;01;2062;04;True;0115600;True;0;8;1;1;0;0;0.0;False;0.0;2844536.11;3158;900.74;4170.84;;3496.6;-0.1391;1857.33;;;;;;;;;0
limpo;17716155000121;17716155;GO;2092240;soja;0.0;0.0;0;0.0;0.0;False;False;268;1.0;03;2062;02;False;0220901;True;0;8;1;1;0;0;0.0;False;0.0;3025600.14;2445;1237.46;6478.28;;;;;;;;;;;;;0
limpo;64564323000190;64564323;TO;1926828;soja;0.0;0.0;0;0.0;0.0;False;False;487;1.0;05;2062;02;False;0133403;True;0;4;0;0;0;0;0.0;False;0.0;1592038.63;3955;402.54;2086.07;;2103.1;-0.0625;2779.51;847.2;0.0075;25;0.3455;;;;;0
situacao_irregular;50037019000180;50037019;GO;3355082;soja;0.0;0.0;0;0.0;0.0;False;False;346;1.0;05;4014;04;True;0220901;True;0;5;2;2;0;0;0.0;False;0.0;344902.69;1555;221.8;1341.28;;3426.5;-0.1292;14743.52;1302.6;0.1067;12;-0.0223;;;;;0
limpo;88367287000133;88367287;GO;3763424;soja;0.0;0.0;0;0.0;0.0;False;False;504;0.0;03;2240;02;False;0113000;True;0;2;2;0;1;0;0.0;False;0.0;2844536.11;3158;900.74;4170.84;;3496.6;-0.1391;1857.33;;;;;;;;;0
limpo;50107493000131;50107493;MG;2246509;soja;0.0;0.0;0;0.0;0.0;False;False;509;0.0;05;2062;02;False;0311601;True;0;4;0;0;0;0;0.0;False;0.0;18573077.57;406;45746.5;1183.29;;3809.0;-0.3511;358203.19;;;;;;;;;0
limpo;55202165000138;55202165;PA;3572518;soja;0.0;0.0;0;0.0;0.0;False;False;178;0.0;03;2240;02;False;0113000;True;0;1;2;0;0;0;0.0;False;0.0;8421494.89;3910;2153.84;5580.08;;;;;;;;;2;3117.31;546;1;0
limpo;12357163000105;12357163;MG;2246509;soja;0.0;0.0;0;0.0;0.0;False;False;476;0.0;05;2054;02;False;0133403;True;0;6;0;0;0;0;0.0;False;0.0;18573077.57;406;45746.5;1183.29;;3809.0;-0.3511;358203.19;;;;;0;0.0;;0;0
limpo;67090949000109;67090949;PR;4542087;soja;0.0;0.0;0;27285.72;0.0;False;False;333;1.0;05;2054;02;False;0220901;True;1;5;2;0;1;0;0.0;False;0.0;2139970.45;3795;563.89;4484.0;;;;;;;;;;;;;0
divida_ativa;32590892000114;32590892;TO;1628136;soja;30236.76;19436.95;9;0.0;5991.97;True;True;498;0.0;05;2135;02;False;0111301;True;1;8;1;0;0;0;0.0;False;0.0;22713744.04;630;36053.56;4855.95;;;;;;;;;3;2812.84;221;3;0
limpo;22384634000128;22384634;PA;3572518;soja;0.0;0.0;0;0.0;0.0;False;False;156;1.0;03;2240;02;False;0311601;True;0;1;0;0;0;0;0.0;False;0.0;8421494.89;3910;2153.84;5580.08;;;;;;;;;;;;;0
limpo;71762730000178;71762730;TO;2782512;soja;0.0;0.0;0;0.0;0.0;False;False;33;233910.18;01;2135;02;False;0133403;True;0;1;1;0;0;0;0.0;False;0.0;;;;;;2863.3;-0.1129;5150.27;910.7;0.2631;25;0.1329;2;117450.57;734;2;0
limpo;72547534000143;72547534;MT;3047606;soja;0.0;0.0;0;0.0;0.0;False;False;514;0.0;01;4014;02;False;0220901;True;0;1;2;1;0;0;0.0;False;0.0;3490150.22;1814;1924.01;3376.09;;;;;;;;;;;;;0
limpo;18697572000137;18697572;PR;4542087;soja;0.0;0.0;0;0.0;0.0;False;False;405;0.0;05;2135;02;False;0220901;True;0;8;2;1;0;0;0.0;False;0.0;2139970.45;3795;563.89;4484.0;;;;;;;;;;;;;0
grupo_societario;74288500000107;74288500;TO;2782512;soja;0.0;0.0;0;0.0;0.0;False;False;34;0.0;03;2062;02;False;0220901;True;1;2;21;4;9;0;0.0;False;0.0;;;;;;2863.3;-0.1129;5150.27;910.7;0.2631;25;0.1329;;;;;0
limpo;61937771000102;61937771;MA;1849363;soja;0.0;0.0;0;0.0;0.0;False;False;506;0.0;03;2054;02;False;0311601;True;0;2;0;0;0;0;0.0;False;0.0;1890436.06;790;2392.96;3254.5;;2951.6;0.2319;11567.52;1244.5;-0.2244;14;0.2749;;;;;0
limpo;74565120000172;74565120;MT;1342092;soja;0.0;0.0;0;0.0;0.0;False;False;287;1.0;05;2054;02;False;0151201;True;0;8;0;0;0;0;0.0;False;0.0;722846.84;2362;306.03;1988.84;;3594.8;0.0837;14558.01;663.4;-0.0379;31;0.4066;;;;;0
divida_ativa;15937620000129;15937620;RS;2897684;soja;1712.21;1051.61;9;0.0;671.23;False;True;368;0.0;01;2054;02;False;0133403;True;0;2;1;0;0;0;0.0;False;0.0;25576731.08;1000;25576.73;5293.87;;3022.4;-0.1789;34484.31;791.9;0.1416;23;-0.3386;;;;;1
limpo;15732182000162;15732182;MT;4872493;soja;0.0;0.0;0;0.0;0.0;False;False;101;0.0;05;4014;02;False;0116401;True;0;5;1;1;0;0;0.0;False;0.0;12871579.85;766;16803.63;1283.72;;2678.2;-0.0379;315502.18;1164.2;-0.4814;30;-0.3935;;;;;0
limpo;24048653000109;24048653;BA;3889457;soja;0.0;0.0;0;0.0;0.0;False;False;110;1.0;01;2240;02;False;0115600;True;0;8;1;0;0;0;0.0;False;0.0;;;;;;3266.5;0.0304;5248.27;1073.2;0.0666;5;0.3658;;;;;0
passivo_ambiental_auto;81647438000168;81647438;PI;4630374;soja;0.0;0.0;0;0.0;0.0;False;False;463;0.0;01;2135;02;False;0151201;True;1;5;2;1;1;1;18928.21;False;0.0;13048266.74;1086;12014.98;3730.29;;4454.7;0.2245;24466.93;1518.2;0.2463;22;-0.0198;;;;;0
passivo_ambiental_auto;13320509000163;13320509;RS;4372021;soja;0.0;0.0;0;0.0;0.0;False;False;311;1.0;01;2054;02;False;0116401;True;1;6;0;0;0;14;79702.64;False;0.0;4702656.59;2724;1726.38;4444.47;;2871.3;-0.1436;6684.69;1363.1;-0.0476;4;-0.0304;;;;;0
limpo;37959246000103;37959246;GO;2856025;soja;0.0;0.0;0;0.0;0.0;False;False;156;0.0;01;2062;02;False;0220901;True;0;4;1;0;0;0;0.0;False;0.0;4215365.78;477;8837.24;5811.42;;1816.6;-0.0367;157568.54;1022.2;-0.0563;11;-0.2071;;;;;0
limpo;59430880000189;59430880;TO;2599733;soja;0.0;0.0;0;0.0;0.0;False;False;313;0.0;05;2240;02;False;0111301;True;0;5;2;2;0;0;0.0;False;0.0;1134944.18;1648;688.68;2399.35;;3673.1;0.0845;644740.4;;;;;;;;;0
limpo;72621128000183;72621128;MS;2167433;soja;0.0;0.0;0;0.0;0.0;False;False;131;0.0;05;4014;02;False;0210101;True;0;2;1;1;0;0;0.0;False;0.0;45698908.98;37;1235105.65;4640.03;;3388.1;-0.041;1178.06;747.3;0.3091;29;-0.1134;;;;;0
limpo;18541887000190;18541887;TO;2625906;soja;0.0;0.0;0;0.0;0.0;False;False;420;0.0;01;2240;02;False;0111301;True;0;5;0;0;0;0;0.0;False;0.0;7076252.67;3896;1816.29;5129.4;;4004.9;-0.3294;61983.79;1163.5;-0.1957;26;-0.2281;;;;;0
limpo;17861618000149;17861618;GO;3763424;soja;0.0;0.0;0;0.0;0.0;False;False;32;1.0;01;4014;02;False;0113000;True;0;5;2;2;0;0;0.0;False;0.0;2844536.11;3158;900.74;4170.84;;3496.6;-0.1391;1857.33;;;;;;;;;0
passivo_ambiental_auto;67009298000171;67009298;TO;2395181;soja;0.0;0.0;0;0.0;0.0;False;False;399;0.0;01;2062;02;False;0220901;True;1;7;2;1;1;6;6550.54;False;0.0;5222030.27;3113;1677.49;5412.59;;4009.6;0.3374;16612.29;725.4;0.2591;36;-0.1239;;;;;0
limpo;20463550000154;20463550;BA;1993507;soja;82865.28;19929.95;3;0.0;36243.24;True;False;137;0.0;05;2135;02;False;0151201;True;0;1;2;0;0;0;0.0;False;0.0;;;;;;3041.8;-0.0835;4445.58;1427.8;0.2926;16;-0.2083;;;;;0
limpo;66502445000188;66502445;MT;3486350;soja;0.0;0.0;0;0.0;0.0;False;False;341;0.0;03;2240;02;False;0121101;True;0;5;0;0;0;0;0.0;False;0.0;65163087.4;3987;16343.89;5719.93;;2279.5;0.0795;14132.81;;;;;0;0.0;;0;0
limpo;57038194000131;57038194;SP;4469177;soja;0.0;0.0;0;0.0;0.0;False;False;391;1.0;01;4014;02;False;0121101;True;0;3;1;1;0;0;0.0;False;0.0;;;;;;;;;;;;;;;;;0
divida_ativa;57876025000170;57876025;MT;1342092;soja;7282.6;4243.19;3;0.0;646.51;False;False;275;1.0;03;4014;02;False;0115600;True;0;6;2;0;0;0;0.0;False;0.0;722846.84;2362;306.03;1988.84;;3594.8;0.0837;14558.01;663.4;-0.0379;31;0.4066;;;;;0
limpo;37955709000150;37955709;MT;4872493;soja;0.0;0.0;0;0.0;0.0;False;False;414;0.0;01;4014;02;False;0220901;True;0;1;1;1;0;0;0.0;False;0.0;12871579.85;766;16803.63;1283.72;;2678.2;-0.0379;315502.18;1164.2;-0.4814;30;-0.3935;;;;;0
limpo;58479068000185;58479068;BA;1287110;soja;0.0;0.0;0;0.0;0.0;False;False;208;0.0;01;2062;02;False;0151201;True;0;8;2;2;1;0;0.0;False;0.0;7170659.32;281;25518.36;5970.35;;3173.5;-0.0805;35165.31;;;;;4;121702.83;846;2;0
passivo_ambiental_auto;11084107000181;11084107;GO;2092240;soja;0.0;0.0;0;0.0;0.0;False;False;441;0.0;01;2062;02;False;0220901;True;1;1;2;0;0;6;59307.55;False;0.0;3025600.14;2445;1237.46;6478.28;;;;;;;;;;;;;0
limpo;88154594000136;88154594;TO;2599733;soja;0.0;0.0;0;0.0;0.0;False;False;180;0.0;01;2054;02;False;0220901;True;0;8;0;0;0;0;0.0;False;0.0;1134944.18;1648;688.68;2399.35;;3673.1;0.0845;644740.4;;;;;;;;;0
limpo;94672838000175;94672838;TO;2625906;soja;0.0;0.0;0;0.0;0.0;False;False;8;0.0;03;4014;02;False;0116401;True;0;2;0;0;0;0;0.0;False;0.0;7076252.67;3896;1816.29;5129.4;;4004.9;-0.3294;61983.79;1163.5;-0.1957;26;-0.2281;;;;;0
limpo;36330288000100;36330288;PI;1498259;soja;4993.29;923.86;9;0.0;-158.82;False;False;25;0.0;01;2135;02;False;0151201;True;0;2;0;0;0;0;0.0;False;0.0;5961831.05;452;13189.89;2292.48;;3510.9;-0.3402;43788.4;;;;;;;;;1
limpo;64875946000184;64875946;TO;2782512;soja;0.0;0.0;0;0.0;0.0;False;False;25;0.0;03;2054;02;False;0116401;True;0;3;0;0;0;0;0.0;False;0.0;;;;;;2863.3;-0.1129;5150.27;910.7;0.2631;25;0.1329;;;;;0
limpo;14228818000170;14228818;GO;2092240;soja;0.0;0.0;0;0.0;0.0;False;False;392;0.0;01;2062;02;False;0311601;True;0;2;2;0;0;0;0.0;False;0.0;3025600.14;2445;1237.46;6478.28;;;;;;;;;;;;;0
limpo;87292779000144;87292779;TO;5373788;soja;0.0;0.0;0;0.0;0.0;False;False;125;1.0;01;2135;02;False;0311601;True;0;7;0;0;0;0;0.0;False;0.0;;;;;;;;;;;;;;;;;0
limpo;50839673000108;50839673;MT;4872493;soja;0.0;0.0;0;717435.35;0.0;False;False;445;0.0;01;2062;02;False;0311601;True;2;4;1;1;0;0;0.0;False;0.0;12871579.85;766;16803.63;1283.72;;2678.2;-0.0379;315502.18;1164.2;-0.4814;30;-0.3935;;;;;0
limpo;42548197000148;42548197;RS;1296511;soja;0.0;0.0;0;0.0;0.0;False;False;243;0.0;01;2240;02;False;0113000;True;4;7;2;1;1;0;0.0;False;0.0;;;;;;;;;;;;;;;;;0
limpo;62356553000139;62356553;PR;4542087;soja;0.0;0.0;0;0.0;0.0;False;False;432;0.0;01;2240;02;False;0133403;True;1;6;0;0;0;0;0.0;False;0.0;2139970.45;3795;563.89;4484.0;;;;;;;;;;;;;0
passivo_ambiental_auto;59777340000176;59777340;PI;4630374;soja;0.0;0.0;0;0.0;0.0;False;False;450;0.0;05;2135;02;False;0210101;True;0;7;1;0;0;13;979118.97;False;0.0;13048266.74;1086;12014.98;3730.29;;4454.7;0.2245;24466.93;1518.2;0.2463;22;-0.0198;;;;;0
limpo;62111008000182;62111008;TO;2782512;soja;0.0;0.0;0;0.0;0.0;False;False;474;1.0;05;2054;02;False;0116401;True;0;4;1;1;0;0;0.0;False;0.0;;;;;;2863.3;-0.1129;5150.27;910.7;0.2631;25;0.1329;1;94440.37;564;1;0
limpo;87544447000100;87544447;MT;3486350;soja;26145.5;3846.39;8;0.0;-2899.76;False;False;85;0.0;03;2135;02;False;0220901;True;0;7;1;0;0;0;0.0;False;0.0;65163087.4;3987;16343.89;5719.93;;2279.5;0.0795;14132.81;;;;;;;;;1
limpo;37946715000141;37946715;RS;2897684;soja;0.0;0.0;0;0.0;0.0;False;False;103;0.0;05;2054;02;False;0133403;True;2;1;1;0;0;0;0.0;False;0.0;25576731.08;1000;25576.73;5293.87;;3022.4;-0.1789;34484.31;791.9;0.1416;23;-0.3386;;;;;0
limpo;27691897000101;27691897;RS;4372021;soja;0.0;0.0;0;0.0;0.0;False;False;458;0.0;03;2240;02;False;0113000;True;0;3;1;1;0;0;0.0;False;0.0;4702656.59;2724;1726.38;4444.47;;2871.3;-0.1436;6684.69;1363.1;-0.0476;4;-0.0304;;;;;0
limpo;35669800000184;35669800;PI;4630374;soja;0.0;0.0;0;0.0;0.0;False;False;313;0.0;03;4014;02;False;0151201;True;0;2;2;2;0;0;0.0;False;0.0;13048266.74;1086;12014.98;3730.29;;4454.7;0.2245;24466.93;1518.2;0.2463;22;-0.0198;;;;;0
divida_ativa;61441320000171;61441320;BA;1993507;soja;3972.16;2670.22;7;0.0;558.34;True;True;119;0.0;03;2062;02;False;0113000;True;0;1;2;0;1;0;0.0;False;0.0;;;;;;3041.8;-0.0835;4445.58;1427.8;0.2926;16;-0.2083;;;;;0
limpo;46521805000181;46521805;RS;2897684;soja;0.0;0.0;0;0.0;0.0;False;False;226;0.0;05;2054;02;False;0133403;True;0;4;0;0;0;0;0.0;False;0.0;25576731.08;1000;25576.73;5293.87;;3022.4;-0.1789;34484.31;791.9;0.1416;23;-0.3386;;;;;0
limpo;23474234000176;23474234;MG;2246509;soja;0.0;0.0;0;0.0;0.0;False;False;78;1.0;03;4014;02;False;0116401;True;0;5;2;2;0;0;0.0;False;0.0;18573077.57;406;45746.5;1183.29;;3809.0;-0.3511;358203.19;;;;;;;;;0
grupo_societario;87623736000102;87623736;MA;1813278;soja;0.0;0.0;0;0.0;0.0;False;False;171;1.0;01;2135;02;False;0220901;True;0;7;24;13;1;0;0.0;False;0.0;;;;;;3988.3;0.1576;4152.02;852.3;0.0456;18;-0.0187;3;50316.53;560;1;0
passivo_ambiental_auto;90828833000138;90828833;PR;4542087;soja;710325.48;356543.71;6;0.0;-64706.03;True;True;332;0.0;03;2062;02;False;0133403;True;0;2;1;1;0;13;4538390.44;False;0.0;2139970.45;3795;563.89;4484.0;;;;;;;;;;;;;1
limpo;20715605000176;20715605;MA;1849363;soja;0.0;0.0;0;0.0;0.0;False;False;144;1.0;01;4014;02;False;0151201;True;1;1;2;0;1;0;0.0;False;0.0;1890436.06;790;2392.96;3254.5;;2951.6;0.2319;11567.52;1244.5;-0.2244;14;0.2749;;;;;0
passivo_ambiental_auto;31685822000187;31685822;GO;3763424;soja;0.0;0.0;0;0.0;0.0;False;False;141;1.0;03;2240;02;False;0210101;True;0;8;2;2;0;9;132565.02;False;0.0;2844536.11;3158;900.74;4170.84;;3496.6;-0.1391;1857.33;;;;;;;;;0
passivo_ambiental_auto;59459554000102;59459554;RS;1296511;soja;0.0;0.0;0;0.0;0.0;False;False;87;0.0;05;2054;02;False;0151201;True;0;2;1;1;0;14;6000.32;False;0.0;;;;;;;;;;;;;;;;;0
limpo;96089330000174;96089330;GO;2631798;soja;0.0;0.0;0;0.0;0.0;False;False;229;0.0;03;4014;02;False;0121101;True;2;3;0;0;0;0;0.0;False;0.0;14413700.4;13;1108746.18;6417.73;;3194.9;-0.0821;19788.09;1403.2;-0.2716;20;0.8262;3;168834.87;836;2;0
limpo;98045225000169;98045225;MT;4881066;soja;0.0;0.0;0;0.0;0.0;False;False;72;90568.15;03;4014;02;False;0220901;True;0;5;0;0;0;0;0.0;False;0.0;;;;;;;;;;;;;4;1166.05;439;2;0
limpo;90246671000120;90246671;BA;3889457;soja;0.0;0.0;0;0.0;0.0;False;False;354;0.0;03;2054;02;False;0116401;True;0;5;1;0;0;0;0.0;False;0.0;;;;;;3266.5;0.0304;5248.27;1073.2;0.0666;5;0.3658;3;17671.13;656;3;0
limpo;27887066000100;27887066;TO;2782512;soja;0.0;0.0;0;1714444.32;0.0;False;False;307;1.0;05;2240;02;False;0111301;True;1;1;1;1;0;0;0.0;False;0.0;;;;;;2863.3;-0.1129;5150.27;910.7;0.2631;25;0.1329;6;31940.95;187;2;1
limpo;23771734000170;23771734;TO;4589069;soja;0.0;0.0;0;0.0;0.0;False;False;284;51141.77;01;4014;02;False;0113000;True;0;7;2;0;0;14;37831.23;False;0.0;2443446.14;2744;890.47;4703.19;;2024.4;-0.0039;12496.35;1038.3;-0.1626;18;-0.1071;;;;;0
limpo;98530136000108;98530136;PR;4374686;soja;0.0;0.0;0;0.0;0.0;False;False;19;0.0;03;2240;02;False;0113000;True;0;6;2;2;1;0;0.0;False;0.0;;;;;;;;;;;;;;;;;1
limpo;84389476000156;84389476;MG;2246509;soja;0.0;0.0;0;0.0;0.0;False;False;124;31941.58;03;2135;02;False;0210101;True;2;8;0;0;0;0;0.0;False;0.0;18573077.57;406;45746.5;1183.29;;3809.0;-0.3511;358203.19;;;;;;;;;0
divida_ativa;81217618000100;81217618;SP;1144522;soja;64653.99;28233.15;2;0.0;29017.14;True;True;47;0.0;03;4014;02;False;0116401;True;0;1;0;0;0;0;0.0;False;0.0;22685314.17;3452;6571.64;4478.12;;3859.7;-0.1003;15013.11;975.4;-0.3231;19;-0.3987;;;;;0
situacao_irregular;23734052000197;23734052;TO;2395181;soja;0.0;0.0;0;0.0;0.0;False;False;135;1.0;05;2062;08;True;0151201;True;0;7;1;1;0;0;0.0;False;0.0;5222030.27;3113;1677.49;5412.59;;4009.6;0.3374;16612.29;725.4;0.2591;36;-0.1239;;;;;0
limpo;14887223000127;14887223;PR;4168991;soja;0.0;0.0;0;1281813.97;0.0;False;False;31;0.0;01;2054;02;False;0220901;True;0;2;2;2;0;0;0.0;False;0.0;;;;;;3272.2;-0.2374;11409.04;801.1;0.1095;21;-0.0934;;;;;0
limpo;69677601000130;69677601;GO;3763424;soja;0.0;0.0;0;0.0;0.0;False;False;332;1.0;05;2240;02;False;0210101;True;1;6;0;0;0;0;0.0;False;0.0;2844536.11;3158;900.74;4170.84;;3496.6;-0.1391;1857.33;;;;;;;;;0
divida_ativa;12799227000128;12799227;TO;5373788;soja;229308.25;205183.36;1;0.0;41778.65;False;False;311;0.0;01;4014;02;False;0311601;True;1;7;1;0;0;0;0.0;False;0.0;;;;;;;;;;;;;;;;;1
limpo;66422263000105;66422263;MA;2547930;soja;0.0;0.0;0;0.0;0.0;False;False;331;0.0;03;2062;02;False;0116401;True;0;2;1;1;0;0;0.0;False;0.0;3056399.2;3421;893.42;2943.06;;3413.0;0.1153;12947.73;1079.8;-0.105;39;-0.2894;;;;;0
limpo;78723270000118;78723270;BA;1287110;soja;0.0;0.0;0;0.0;0.0;False;False;413;0.0;03;2054;02;False;0133403;True;1;3;1;1;0;0;0.0;False;0.0;7170659.32;281;25518.36;5970.35;;3173.5;-0.0805;35165.31;;;;;;;;;0
limpo;28903037000149;28903037;PA;3572518;soja;0.0;0.0;0;0.0;0.0;False;False;471;0.0;03;2062;02;False;0210101;True;0;7;1;0;0;0;0.0;False;0.0;8421494.89;3910;2153.84;5580.08;;;;;;;;;;;;;0
limpo;88511877000198;88511877;MT;4881066;soja;0.0;0.0;0;0.0;0.0;False;False;174;0.0;01;2135;02;False;0116401;True;0;3;1;1;0;0;0.0;False;0.0;;;;;;;;;;;;;;;;;0
passivo_ambiental_auto;53239383000111;53239383;BA;1287110;soja;0.0;0.0;0;3700954.48;0.0;False;False;407;0.0;05;4014;02;False;0311601;True;0;3;0;0;0;9;8129.48;False;0.0;7170659.32;281;25518.36;5970.35;;3173.5;-0.0805;35165.31;;;;;;;;;0
grupo_societario;90562685000152;90562685;GO;2631798;soja;0.0;0.0;0;0.0;0.0;False;False;187;1.0;03;2135;02;False;0311601;True;0;7;12;6;4;0;0.0;False;0.0;14413700.4;13;1108746.18;6417.73;;3194.9;-0.0821;19788.09;1403.2;-0.2716;20;0.8262;1;326.22;8;1;0
passivo_ambiental_auto;14431462000178;14431462;GO;2092240;soja;0.0;0.0;0;0.0;0.0;False;False;550;1.0;03;2062;02;False;0113000;True;0;7;0;0;0;14;235305.09;False;0.0;3025600.14;2445;1237.46;6478.28;;;;;;;;;;;;;0
limpo;87370376000176;87370376;MT;1342092;soja;0.0;0.0;0;0.0;0.0;False;False;69;0.0;05;2062;02;False;0113000;True;0;6;1;1;0;0;0.0;False;0.0;722846.84;2362;306.03;1988.84;;3594.8;0.0837;14558.01;663.4;-0.0379;31;0.4066;;;;;0
passivo_ambiental_auto;60542762000141;60542762;MT;4952487;soja;0.0;0.0;0;0.0;0.0;False;False;368;15692.06;05;4014;02;False;0113000;True;0;5;2;1;0;5;1814011.79;False;0.0;;;;;;4283.3;-0.0501;26781.4;1142.6;-0.1312;16;-0.1184;;;;;0
limpo;61683321000122;61683321;BA;1287110;soja;0.0;0.0;0;0.0;0.0;False;False;457;1.0;01;2054;02;False;0115600;True;1;2;2;2;1;0;0.0;False;0.0;7170659.32;281;25518.36;5970.35;;3173.5;-0.0805;35165.31;;;;;;;;;0
limpo;92447104000167;92447104;MT;5020745;soja;0.0;0.0;0;0.0;0.0;False;False;436;0.0;03;2062;02;False;0210101;True;0;8;0;0;0;0;0.0;False;0.0;16832610.2;2938;5729.28;2659.43;;2865.5;-0.0685;23248.53;1087.1;-0.1985;10;0.5319;;;;;0
limpo;13557133000105;13557133;BA;1993507;soja;0.0;0.0;0;0.0;0.0;False;False;62;0.0;01;4014;02;False;0115600;True;0;4;0;0;0;0;0.0;False;0.0;;;;;;3041.8;-0.0835;4445.58;1427.8;0.2926;16;-0.2083;;;;;0
limpo;94028831000115;94028831;PR;4374686;soja;0.0;0.0;0;0.0;0.0;False;False;215;0.0;01;2135;02;False;0116401;True;0;2;0;0;0;0;0.0;False;0.0;;;;;;;;;;;;;;;;;0
limpo;28530031000173;28530031;MT;1342092;soja;0.0;0.0;0;0.0;0.0;False;False;515;0.0;03;2135;02;False;0311601;True;0;1;2;0;0;0;0.0;False;0.0;722846.84;2362;306.03;1988.84;;3594.8;0.0837;14558.01;663.4;-0.0379;31;0.4066;;;;;0
limpo;55184673000130;55184673;RS;2897684;soja;0.0;0.0;0;0.0;0.0;False;False;80;0.0;03;2054;02;False;0210101;True;0;7;2;1;0;0;0.0;False;0.0;25576731.08;1000;25576.73;5293.87;;3022.4;-0.1789;34484.31;791.9;0.1416;23;-0.3386;;;;;0
divida_ativa;81856498000190;81856498;RS;1296511;soja;4589.74;2280.79;6;0.0;1863.01;True;True;542;0.0;01;2062;02;False;0151201;True;0;1;0;0;0;0;0.0;False;0.0;;;;;;;;;;;;;;;;;0
limpo;67441199000164;67441199;MT;5020745;soja;0.0;0.0;0;0.0;0.0;False;False;383;0.0;01;2054;02;False;0113000;True;3;6;1;1;0;0;0.0;False;0.0;16832610.2;2938;5729.28;2659.43;;2865.5;-0.0685;23248.53;1087.1;-0.1985;10;0.5319;;;;;0
limpo;59047374000105;59047374;RS;2897684;soja;0.0;0.0;0;0.0;0.0;False;False;457;0.0;05;2054;02;False;0113000;True;0;5;1;1;0;0;0.0;False;0.0;25576731.08;1000;25576.73;5293.87;;3022.4;-0.1789;34484.31;791.9;0.1416;23;-0.3386;;;;;1
limpo;52265353000117;52265353;BA;1993507;soja;51289.83;21480.52;7;0.0;-1690.4;True;False;61;1.0;01;2054;02;False;0121101;True;0;3;0;0;0;0;0.0;False;0.0;;;;;;3041.8;-0.0835;4445.58;1427.8;0.2926;16;-0.2083;;;;;0
divida_ativa;12923920000160;12923920;BA;1287110;soja;57197.02;49559.66;2;0.0;-12114.46;False;False;386;1.0;01;2135;02;False;0116401;True;0;8;2;1;0;0;0.0;False;0.0;7170659.32;281;25518.36;5970.35;;3173.5;-0.0805;35165.31;;;;;;;;;0
grupo_societario;86133355000174;86133355;MT;5020745;soja;0.0;0.0;0;0.0;0.0;False;False;59;0.0;01;2135;02;False;0311601;True;0;2;14;4;7;0;0.0;False;0.0;16832610.2;2938;5729.28;2659.43;;2865.5;-0.0685;23248.53;1087.1;-0.1985;10;0.5319;4;9596.06;699;1;0
limpo;30946019000196;30946019;TO;1926828;soja;0.0;0.0;0;0.0;0.0;False;False;410;0.0;05;2054;02;False;0115600;True;0;7;2;2;0;0;0.0;False;0.0;1592038.63;3955;402.54;2086.07;;2103.1;-0.0625;2779.51;847.2;0.0075;25;0.3455;;;;;0
limpo;10583081000153;10583081;RS;3466531;soja;0.0;0.0;0;0.0;0.0;False;False;536;0.0;03;2135;02;False;0121101;True;1;4;0;0;0;0;0.0;False;0.0;3897875.17;1357;2872.42;4389.67;;;;;;;;;1;84523.12;872;1;0
limpo;78385115000139;78385115;MS;2167433;soja;0.0;0.0;0;0.0;0.0;False;False;93;0.0;03;2062;02;False;0210101;True;0;5;2;2;1;0;0.0;False;0.0;45698908.98;37;1235105.65;4640.03;;3388.1;-0.041;1178.06;747.3;0.3091;29;-0.1134;;;;;0
limpo;85469454000169;85469454;GO;3838683;soja;0.0;0.0;0;0.0;0.0;False;False;198;0.0;05;2240;02;False;0111301;True;1;4;1;1;0;0;0.0;False;0.0;8577457.59;2126;4034.55;3501.48;;;;;;;;;;;;;0
limpo;54533750000158;54533750;MA;1813278;soja;0.0;0.0;0;0.0;0.0;False;False;67;0.0;01;2135;02;False;0220901;True;0;1;1;1;0;0;0.0;False;0.0;;;;;;3988.3;0.1576;4152.02;852.3;0.0456;18;-0.0187;;;;;0
limpo;46499069000102;46499069;MA;2547930;soja;0.0;0.0;0;0.0;0.0;False;False;344;0.0;05;2062;02;False;0151201;True;0;4;1;1;0;0;0.0;False;0.0;3056399.2;3421;893.42;2943.06;;3413.0;0.1153;12947.73;1079.8;-0.105;39;-0.2894;;;;;0
limpo;36452300000159;36452300;MT;5020745;soja;42554.84;21971.9;6;0.0;2464.05;False;False;274;0.0;05;2062;02;False;0113000;True;1;2;0;0;0;0;0.0;False;0.0;16832610.2;2938;5729.28;2659.43;;2865.5;-0.0685;23248.53;1087.1;-0.1985;10;0.5319;;;;;0
limpo;84994765000184;84994765;GO;3838683;soja;0.0;0.0;0;0.0;0.0;False;False;404;0.0;05;2054;02;False;0111301;True;0;8;2;1;1;0;0.0;False;0.0;8577457.59;2126;4034.55;3501.48;;;;;;;;;2;3738.67;209;1;0
limpo;15594788000189;15594788;PR;4542087;soja;0.0;0.0;0;0.0;0.0;False;False;267;0.0;05;2062;02;False;0311601;True;0;6;1;1;0;0;0.0;False;0.0;2139970.45;3795;563.89;4484.0;;;;;;;;;;;;;0
limpo;42133795000156;42133795;RS;2897684;soja;0.0;0.0;0;0.0;0.0;False;False;403;0.0;01;2062;02;False;0133403;True;1;8;2;1;0;0;0.0;False;0.0;25576731.08;1000;25576.73;5293.87;;3022.4;-0.1789;34484.31;791.9;0.1416;23;-0.3386;;;;;0
limpo;45928024000143;45928024;MT;4872493;soja;0.0;0.0;0;0.0;0.0;False;False;213;0.0;05;2240;02;False;0116401;True;0;8;1;0;0;0;0.0;False;0.0;12871579.85;766;16803.63;1283.72;;2678.2;-0.0379;315502.18;1164.2;-0.4814;30;-0.3935;;;;;0
limpo;96885711000160;96885711;MT;3486350;soja;0.0;0.0;0;0.0;0.0;False;False;333;0.0;05;2240;02;False;0151201;True;0;4;2;0;1;0;0.0;False;0.0;65163087.4;3987;16343.89;5719.93;;2279.5;0.0795;14132.81;;;;;;;;;0
limpo;85739453000197;85739453;MA;1813278;soja;0.0;0.0;0;0.0;0.0;False;False;235;0.0;05;2135;02;False;0133403;True;1;8;2;1;0;0;0.0;False;0.0;;;;;;3988.3;0.1576;4152.02;852.3;0.0456;18;-0.0187;;;;;0
limpo;52820746000145;52820746;BA;3889457;soja;0.0;0.0;0;171512.08;0.0;False;False;68;0.0;01;2135;02;False;0111301;True;0;3;2;2;1;0;0.0;False;0.0;;;;;;3266.5;0.0304;5248.27;1073.2;0.0666;5;0.3658;;;;;0
limpo;75613654000190;75613654;GO;2631798;soja;0.0;0.0;0;0.0;0.0;False;False;463;253582.19;05;2054;02;False;0111301;True;0;8;0;0;0;0;0.0;False;0.0;14413700.4;13;1108746.18;6417.73;;3194.9;-0.0821;19788.09;1403.2;-0.2716;20;0.8262;;;;;0
divida_ativa;68317937000129;68317937;MT;4091416;soja;180985.85;82395.43;5;0.0;33938.47;False;False;246;0.0;03;2062;02;False;0115600;True;0;6;1;0;0;0;0.0;False;0.0;9930345.71;3827;2594.81;2854.45;;2593.6;0.1175;64737.72;;;;;;;;;0
grupo_societario;60984196000128;60984196;GO;2631798;soja;0.0;0.0;0;0.0;0.0;False;False;96;0.0;03;2135;02;False;0311601;True;0;8;17;0;5;0;0.0;False;0.0;14413700.4;13;1108746.18;6417.73;;3194.9;-0.0821;19788.09;1403.2;-0.2716;20;0.8262;;;;;0
limpo;66550416000191;66550416;RS;1296511;soja;79935.86;75514.14;1;0.0;-17830.0;True;False;161;0.0;01;4014;02;False;0115600;True;0;6;1;0;0;0;0.0;False;0.0;;;;;;;;;;;;;6;4329.24;482;2;1
situacao_irregular;37287550000143;37287550;MT;3047606;soja;0.0;0.0;0;0.0;0.0;False;False;197;0.0;05;2054;03;True;0133403;True;0;5;2;1;0;0;0.0;False;0.0;3490150.22;1814;1924.01;3376.09;;;;;;;;;;;;;0
situacao_irregular;95036366000127;95036366;BA;3889457;soja;0.0;0.0;0;0.0;0.0;False;False;512;0.0;05;2054;04;True;0121101;True;0;3;0;0;0;0;0.0;False;0.0;;;;;;3266.5;0.0304;5248.27;1073.2;0.0666;5;0.3658;;;;;0
limpo;89489729000187;89489729;MA;1849363;soja;0.0;0.0;0;75546128.94;0.0;False;False;150;0.0;03;2062;02;False;0111301;True;0;7;1;0;0;0;0.0;False;0.0;1890436.06;790;2392.96;3254.5;;2951.6;0.2319;11567.52;1244.5;-0.2244;14;0.2749;;;;;0
limpo;55354912000153;55354912;TO;2395181;soja;0.0;0.0;0;0.0;0.0;False;False;64;1.0;05;2135;02;False;0116401;True;0;7;1;0;0;0;0.0;False;0.0;5222030.27;3113;1677.49;5412.59;;4009.6;0.3374;16612.29;725.4;0.2591;36;-0.1239;;;;;0
passivo_ambiental_auto;22000294000194;22000294;TO;1926828;soja;0.0;0.0;0;0.0;0.0;False;False;246;0.0;03;4014;02;False;0111301;True;0;5;0;0;0;12;217814.62;False;0.0;1592038.63;3955;402.54;2086.07;;2103.1;-0.0625;2779.51;847.2;0.0075;25;0.3455;6;173856.32;180;3;0
limpo;47403668000143;47403668;BA;1287110;soja;0.0;0.0;0;0.0;0.0;False;False;241;0.0;03;2135;02;False;0133403;True;0;2;2;0;1;0;0.0;False;0.0;7170659.32;281;25518.36;5970.35;;3173.5;-0.0805;35165.31;;;;;;;;;0
situacao_irregular;13319545000107;13319545;MA;1849363;soja;0.0;0.0;0;0.0;0.0;False;False;316;1.0;05;2240;08;True;0133403;True;1;6;0;0;0;0;0.0;False;0.0;1890436.06;790;2392.96;3254.5;;2951.6;0.2319;11567.52;1244.5;-0.2244;14;0.2749;;;;;0
limpo;21848331000156;21848331;BA;1287110;soja;670.47;452.13;4;127053.8;-92.36;False;False;148;0.0;05;2062;02;False;0151201;True;0;7;2;2;0;0;0.0;False;0.0;7170659.32;281;25518.36;5970.35;;3173.5;-0.0805;35165.31;;;;;;;;;0
divida_ativa;57778592000194;57778592;BA;1993507;soja;11382.44;9245.89;7;0.0;4478.07;False;True;134;0.0;05;2135;02;False;0121101;True;1;7;2;2;1;0;0.0;False;0.0;;;;;;3041.8;-0.0835;4445.58;1427.8;0.2926;16;-0.2083;0;0.0;;0;1
limpo;95883279000105;95883279;TO;1628136;soja;0.0;0.0;0;0.0;0.0;False;False;460;0.0;05;4014;02;False;0115600;True;0;4;0;0;0;0;0.0;False;0.0;22713744.04;630;36053.56;4855.95;;;;;;;;;;;;;0
limpo;63039291000141;63039291;PI;4630374;soja;0.0;0.0;0;0.0;0.0;False;False;556;150955.78;05;2135;02;False;0210101;True;0;2;0;0;0;0;0.0;False;0.0;13048266.74;1086;12014.98;3730.29;;4454.7;0.2245;24466.93;1518.2;0.2463;22;-0.0198;;;;;0
limpo;74461050000102;74461050;MT;4872493;soja;0.0;0.0;0;907005.45;0.0;False;False;198;6643.21;01;2240;02;False;0115600;True;1;5;2;0;1;0;0.0;False;0.0;12871579.85;766;16803.63;1283.72;;2678.2;-0.0379;315502.18;1164.2;-0.4814;30;-0.3935;;;;;0
limpo;84012494000114;84012494;MS;2167433;soja;0.0;0.0;0;0.0;0.0;False;False;411;0.0;01;4014;02;False;0220901;True;0;2;0;0;0;0;0.0;False;0.0;45698908.98;37;1235105.65;4640.03;;3388.1;-0.041;1178.06;747.3;0.3091;29;-0.1134;;;;;0
limpo;15285199000119;15285199;TO;5373788;soja;393425.72;237420.25;5;0.0;103551.54;True;False;509;0.0;03;2062;02;False;0116401;True;0;3;0;0;0;0;0.0;False;0.0;;;;;;;;;;;;;4;38733.79;751;1;1
limpo;78071981000155;78071981;MA;1813278;soja;0.0;0.0;0;0.0;0.0;False;False;417;0.0;05;2240;02;False;0113000;True;3;3;1;0;0;0;0.0;False;0.0;;;;;;3988.3;0.1576;4152.02;852.3;0.0456;18;-0.0187;;;;;0
passivo_ambiental_auto;95092418000182;95092418;SP;4469177;soja;0.0;0.0;0;0.0;0.0;False;False;206;0.0;01;2240;02;False;0113000;True;1;7;1;0;0;3;237109.15;False;0.0;;;;;;;;;;;;;;;;;0
limpo;42107299000128;42107299;RS;4372021;soja;0.0;0.0;0;0.0;0.0;False;False;512;1.0;05;2062;02;False;0151201;True;0;6;2;1;1;0;0.0;False;0.0;4702656.59;2724;1726.38;4444.47;;2871.3;-0.1436;6684.69;1363.1;-0.0476;4;-0.0304;;;;;0
limpo;76162202000100;76162202;MS;2167433;soja;0.0;0.0;0;0.0;0.0;False;False;73;0.0;05;2054;02;False;0220901;True;2;7;1;1;0;0;0.0;False;0.0;45698908.98;37;1235105.65;4640.03;;3388.1;-0.041;1178.06;747.3;0.3091;29;-0.1134;;;;;0
limpo;49818848000111;49818848;MG;2246509;soja;0.0;0.0;0;0.0;0.0;False;False;445;0.0;03;2054;02;False;0116401;True;0;7;2;1;1;0;0.0;False;0.0;18573077.57;406;45746.5;1183.29;;3809.0;-0.3511;358203.19;;;;;;;;;0
passivo_ambiental_auto;71837216000154;71837216;TO;2395181;soja;0.0;0.0;0;0.0;0.0;False;False;255;0.0;05;2054;02;False;0311601;True;0;5;2;1;0;8;837357.58;False;0.0;5222030.27;3113;1677.49;5412.59;;4009.6;0.3374;16612.29;725.4;0.2591;36;-0.1239;4;5196.6;710;2;0
limpo;51017149000114;51017149;GO;3355082;soja;0.0;0.0;0;0.0;0.0;False;False;480;0.0;01;2062;02;False;0133403;True;0;3;2;2;0;0;0.0;False;0.0;344902.69;1555;221.8;1341.28;;3426.5;-0.1292;14743.52;1302.6;0.1067;12;-0.0223;4;150829.3;235;3;0
passivo_ambiental_auto;89227448000156;89227448;TO;2782512;soja;0.0;0.0;0;0.0;0.0;False;False;10;0.0;01;2062;02;False;0121101;True;0;6;2;0;1;13;169925.06;False;0.0;;;;;;2863.3;-0.1129;5150.27;910.7;0.2631;25;0.1329;;;;;1
divida_ativa;95365934000133;95365934;GO;2092240;soja;140584.65;29483.09;4;0.0;-26512.11;False;True;244;1.0;03;4014;02;False;0210101;True;0;2;1;0;0;9;108343.16;False;0.0;3025600.14;2445;1237.46;6478.28;;;;;;;;;1;10127.21;284;1;1
situacao_irregular;45459306000149;45459306;MT;4952487;soja;0.0;0.0;0;0.0;0.0;False;False;58;0.0;03;2135;03;True;0220901;True;0;6;1;1;0;0;0.0;False;0.0;;;;;;4283.3;-0.0501;26781.4;1142.6;-0.1312;16;-0.1184;;;;;0
limpo;67900035000158;67900035;TO;2599733;soja;0.0;0.0;0;0.0;0.0;False;False;494;0.0;03;2240;02;False;0210101;True;0;4;2;2;1;0;0.0;False;0.0;1134944.18;1648;688.68;2399.35;;3673.1;0.0845;644740.4;;;;;5;5831.36;35;2;0
limpo;24449015000108;24449015;MT;4952487;soja;0.0;0.0;0;0.0;0.0;False;False;94;0.0;03;2240;02;False;0121101;True;0;3;1;1;0;0;0.0;False;0.0;;;;;;4283.3;-0.0501;26781.4;1142.6;-0.1312;16;-0.1184;;;;;0
divida_ativa;13858404000162;13858404;MT;4952487;soja;1661464.04;651717.54;1;0.0;741557.02;False;True;447;0.0;01;4014;02;False;0311601;True;0;2;2;1;1;0;0.0;False;0.0;;;;;;4283.3;-0.0501;26781.4;1142.6;-0.1312;16;-0.1184;;;;;0
limpo;54282473000158;54282473;TO;5373788;soja;0.0;0.0;0;0.0;0.0;False;False;434;0.0;05;2062;02;False;0113000;True;2;4;2;1;0;0;0.0;False;0.0;;;;;;;;;;;;;;;;;0
situacao_irregular;81214939000150;81214939;RS;3466531;soja;0.0;0.0;0;0.0;0.0;False;False;384;0.0;01;2054;03;True;0151201;True;0;3;0;0;0;0;0.0;False;0.0;3897875.17;1357;2872.42;4389.67;;;;;;;;;;;;;0
limpo;44272725000104;44272725;RS;2897684;soja;0.0;0.0;0;0.0;0.0;False;False;71;0.0;03;2240;02;False;0311601;True;0;5;1;1;0;0;0.0;False;0.0;25576731.08;1000;25576.73;5293.87;;3022.4;-0.1789;34484.31;791.9;0.1416;23;-0.3386;;;;;0
passivo_ambiental_auto;37262744000194;37262744;RS;3466531;soja;0.0;0.0;0;0.0;0.0;False;False;92;1.0;05;2135;02;False;0311601;True;0;2;0;0;0;7;3626619.57;False;0.0;3897875.17;1357;2872.42;4389.67;;;;;;;;;;;;;0
limpo;64760864000194;64760864;PI;3137869;soja;0.0;0.0;0;0.0;0.0;False;False;353;1.0;03;2135;02;False;0113000;True;0;7;2;0;0;0;0.0;False;0.0;10177003.44;1015;10026.6;5071.94;;2744.9;-0.3095;14240.48;640.1;0.0766;0;0.6749;;;;;0
limpo;93020794000136;93020794;BA;3889457;soja;0.0;0.0;0;0.0;0.0;False;False;335;0.0;05;2054;02;False;0121101;True;1;2;2;0;1;0;0.0;False;0.0;;;;;;3266.5;0.0304;5248.27;1073.2;0.0666;5;0.3658;;;;;0
divida_ativa;75407506000119;75407506;BA;3889457;soja;18011.65;13130.41;6;0.0;-4589.66;True;True;187;0.0;05;2054;02;False;0220901;True;0;8;2;2;0;12;3879738.16;False;0.0;;;;;;3266.5;0.0304;5248.27;1073.2;0.0666;5;0.3658;;;;;0
limpo;17420927000183;17420927;TO;5373788;soja;0.0;0.0;0;0.0;0.0;False;False;54;0.0;05;2135;02;False;0151201;True;0;8;1;1;0;0;0.0;False;0.0;;;;;;;;;;;;;;;;;0
divida_ativa;29622048000113;29622048;MA;1849363;soja;20582.87;5013.72;9;0.0;1175.81;True;False;327;0.0;01;2240;02;False;0121101;True;0;5;1;0;0;0;0.0;False;0.0;1890436.06;790;2392.96;3254.5;;2951.6;0.2319;11567.52;1244.5;-0.2244;14;0.2749;0;0.0;;0;0
limpo;32690711000121;32690711;MA;1849363;soja;0.0;0.0;0;0.0;0.0;False;False;84;1.0;05;2054;02;False;0220901;True;0;7;0;0;0;0;0.0;False;0.0;1890436.06;790;2392.96;3254.5;;2951.6;0.2319;11567.52;1244.5;-0.2244;14;0.2749;;;;;0
limpo;85878688000160;85878688;MA;1813278;soja;0.0;0.0;0;0.0;0.0;False;False;395;0.0;03;4014;02;False;0311601;True;0;8;2;1;1;0;0.0;False;0.0;;;;;;3988.3;0.1576;4152.02;852.3;0.0456;18;-0.0187;;;;;0
limpo;27367982000100;27367982;GO;3355082;soja;0.0;0.0;0;0.0;0.0;False;False;473;0.0;01;2240;02;False;0220901;True;0;1;0;0;0;0;0.0;False;0.0;344902.69;1555;221.8;1341.28;;3426.5;-0.1292;14743.52;1302.6;0.1067;12;-0.0223;;;;;0
limpo;91424009000185;91424009;GO;3763424;soja;0.0;0.0;0;0.0;0.0;False;False;88;0.0;05;2240;02;False;0210101;True;0;6;1;1;0;0;0.0;False;0.0;2844536.11;3158;900.74;4170.84;;3496.6;-0.1391;1857.33;;;;;1;25188.22;634;1;0
passivo_ambiental_auto;90535981000164;90535981;MS;2167433;soja;0.0;0.0;0;0.0;0.0;False;False;125;0.0;05;4014;02;False;0220901;True;0;3;1;1;0;8;15725.87;False;0.0;45698908.98;37;1235105.65;4640.03;;3388.1;-0.041;1178.06;747.3;0.3091;29;-0.1134;1;13891.21;762;1;0
situacao_irregular;69138923000100;69138923;MS;2167433;soja;0.0;0.0;0;0.0;0.0;False;False;543;0.0;03;2062;08;True;0113000;True;0;4;1;1;0;8;466814.45;False;0.0;45698908.98;37;1235105.65;4640.03;;3388.1;-0.041;1178.06;747.3;0.3091;29;-0.1134;;;;;0
limpo;66943605000124;66943605;MS;2167433;soja;0.0;0.0;0;0.0;0.0;False;False;432;1.0;05;2240;02;False;0113000;True;0;2;1;1;0;0;0.0;False;0.0;45698908.98;37;1235105.65;4640.03;;3388.1;-0.041;1178.06;747.3;0.3091;29;-0.1134;;;;;0
limpo;63255195000130;63255195;BA;1287110;soja;0.0;0.0;0;0.0;0.0;False;False;262;0.0;03;4014;02;False;0311601;True;0;8;0;0;0;0;0.0;False;0.0;7170659.32;281;25518.36;5970.35;;3173.5;-0.0805;35165.31;;;;;;;;;0
limpo;84991830000118;84991830;SP;4469177;soja;0.0;0.0;0;0.0;0.0;False;False;239;0.0;01;2062;02;False;0210101;True;0;3;0;0;0;0;0.0;False;0.0;;;;;;;;;;;;;;;;;0
divida_ativa;89706422000190;89706422;TO;2782512;soja;31195.74;29169.33;7;0.0;-3792.05;True;False;57;0.0;05;2135;02;False;0311601;True;0;8;2;0;0;0;0.0;False;0.0;;;;;;2863.3;-0.1129;5150.27;910.7;0.2631;25;0.1329;;;;;0
limpo;79604493000129;79604493;MG;2246509;soja;0.0;0.0;0;0.0;0.0;False;False;416;0.0;03;2240;02;False;0133403;True;0;5;0;0;0;0;0.0;False;0.0;18573077.57;406;45746.5;1183.29;;3809.0;-0.3511;358203.19;;;;;;;;;0
situacao_irregular;88065767000140;88065767;RS;1296511;soja;0.0;0.0;0;0.0;0.0;False;False;133;0.0;05;2054;08;True;0210101;True;3;6;1;0;0;0;0.0;False;0.0;;;;;;;;;;;;;;;;;0
limpo;76104380000176;76104380;MA;1813278;soja;0.0;0.0;0;0.0;0.0;False;False;423;0.0;01;2135;02;False;0311601;True;0;6;2;1;1;0;0.0;False;0.0;;;;;;3988.3;0.1576;4152.02;852.3;0.0456;18;-0.0187;;;;;0
limpo;90085502000155;90085502;BA;1993507;soja;0.0;0.0;0;0.0;0.0;False;False;222;0.0;05;4014;02;False;0311601;True;1;1;1;1;0;0;0.0;False;0.0;;;;;;3041.8;-0.0835;4445.58;1427.8;0.2926;16;-0.2083;;;;;0
divida_ativa;96302259000166;96302259;PR;4374686;soja;6038992.51;4803080.15;3;0.0;-740122.52;False;True;129;1.0;01;2062;02;False;0133403;True;0;6;1;1;0;0;0.0;False;0.0;;;;;;;;;;;;;;;;;0
limpo;90805956000153;90805956;GO;3355082;soja;0.0;0.0;0;0.0;0.0;False;False;534;1.0;05;2135;02;False;0210101;True;0;4;2;2;0;0;0.0;False;0.0;344902.69;1555;221.8;1341.28;;3426.5;-0.1292;14743.52;1302.6;0.1067;12;-0.0223;;;;;0
passivo_ambiental_embargo;39236279000142;39236279;MG;2246509;soja;0.0;0.0;0;0.0;0.0;False;False;114;0.0;03;2062;02;False;0311601;True;0;3;0;0;0;3;1562623.18;True;971.4;18573077.57;406;45746.5;1183.29;;3809.0;-0.3511;358203.19;;;;;;;;;0
limpo;44099461000139;44099461;PR;4542087;soja;0.0;0.0;0;0.0;0.0;False;False;192;0.0;03;2062;02;False;0111301;True;0;7;0;0;0;0;0.0;False;0.0;2139970.45;3795;563.89;4484.0;;;;;;;;;;;;;0
limpo;44656091000193;44656091;GO;3838683;soja;0.0;0.0;0;0.0;0.0;False;False;228;1.0;05;2135;02;False;0115600;True;1;8;2;2;1;0;0.0;False;0.0;8577457.59;2126;4034.55;3501.48;;;;;;;;;;;;;0
divida_ativa;93451534000115;93451534;MT;4872493;soja;4131.91;3257.02;9;0.0;841.71;False;True;186;0.0;03;2054;02;False;0116401;True;0;2;2;1;1;0;0.0;False;0.0;12871579.85;766;16803.63;1283.72;;2678.2;-0.0379;315502.18;1164.2;-0.4814;30;-0.3935;;;;;0
passivo_ambiental_auto;38963196000192;38963196;PR;4542087;soja;0.0;0.0;0;0.0;0.0;False;False;145;0.0;05;2135;02;False;0151201;True;2;3;1;1;0;4;322451.53;False;0.0;2139970.45;3795;563.89;4484.0;;;;;;;;;;;;;0
limpo;46288827000143;46288827;TO;1628136;soja;0.0;0.0;0;0.0;0.0;False;False;257;0.0;01;2054;02;False;0210101;True;0;1;2;0;0;0;0.0;False;0.0;22713744.04;630;36053.56;4855.95;;;;;;;;;;;;;0
limpo;32574870000160;32574870;TO;5373788;soja;0.0;0.0;0;505699.11;0.0;False;False;382;0.0;05;2240;02;False;0133403;True;0;2;1;0;0;0;0.0;False;0.0;;;;;;;;;;;;;;;;;0
limpo;46770884000164;46770884;MT;4872493;soja;12723.63;6298.11;4;0.0;2494.25;True;True;45;0.0;05;2135;02;False;0151201;True;1;2;1;0;0;0;0.0;False;0.0;12871579.85;766;16803.63;1283.72;;2678.2;-0.0379;315502.18;1164.2;-0.4814;30;-0.3935;3;124056.28;844;1;1
limpo;52885916000170;52885916;TO;1926828;soja;0.0;0.0;0;0.0;0.0;False;False;184;0.0;03;2054;02;False;0121101;True;0;7;2;2;0;0;0.0;False;0.0;1592038.63;3955;402.54;2086.07;;2103.1;-0.0625;2779.51;847.2;0.0075;25;0.3455;;;;;0
limpo;41099966000105;41099966;RS;4372021;soja;0.0;0.0;0;0.0;0.0;False;False;202;0.0;01;4014;02;False;0116401;True;1;5;1;0;0;0;0.0;False;0.0;4702656.59;2724;1726.38;4444.47;;2871.3;-0.1436;6684.69;1363.1;-0.0476;4;-0.0304;5;5403.14;649;1;0
limpo;33847090000100;33847090;MS;2167433;soja;0.0;0.0;0;0.0;0.0;False;False;557;0.0;01;2240;02;False;0116401;True;0;2;1;1;0;0;0.0;False;0.0;45698908.98;37;1235105.65;4640.03;;3388.1;-0.041;1178.06;747.3;0.3091;29;-0.1134;;;;;0
divida_ativa;78146413000176;78146413;PI;1498259;soja;68802.27;38668.25;7;0.0;31358.12;False;True;466;0.0;03;2062;02;False;0311601;True;1;3;1;1;0;0;0.0;False;0.0;5961831.05;452;13189.89;2292.48;;3510.9;-0.3402;43788.4;;;;;;;;;0
passivo_ambiental_auto;11108200000189;11108200;RS;1296511;soja;0.0;0.0;0;0.0;0.0;False;False;340;0.0;05;2062;02;False;0133403;True;0;1;1;1;0;13;28485.06;False;0.0;;;;;;;;;;;;;;;;;0
limpo;10608036000106;10608036;MT;3047606;soja;26661.79;12139.89;5;0.0;7776.11;False;True;392;0.0;03;2054;02;False;0133403;True;0;5;2;1;0;0;0.0;False;0.0;3490150.22;1814;1924.01;3376.09;;;;;;;;;;;;;0
limpo;96231907000130;96231907;PI;3137869;soja;102402.33;8704.56;5;0.0;43679.51;True;False;226;1.0;03;2054;02;False;0111301;True;0;8;1;1;0;0;0.0;False;0.0;10177003.44;1015;10026.6;5071.94;;2744.9;-0.3095;14240.48;640.1;0.0766;0;0.6749;;;;;0
limpo;55460417000129;55460417;MT;4881066;soja;0.0;0.0;0;0.0;0.0;False;False;305;0.0;05;2135;02;False;0116401;True;0;4;1;1;0;0;0.0;False;0.0;;;;;;;;;;;;;;;;;0
limpo;47344585000120;47344585;MT;4881066;soja;0.0;0.0;0;0.0;0.0;False;False;240;0.0;03;2062;02;False;0113000;True;1;5;2;0;1;0;0.0;False;0.0;;;;;;;;;;;;;;;;;0
limpo;32524235000179;32524235;TO;4589069;soja;0.0;0.0;0;0.0;0.0;False;False;63;24536.6;03;2054;02;False;0121101;True;0;7;0;0;0;0;0.0;False;0.0;2443446.14;2744;890.47;4703.19;;2024.4;-0.0039;12496.35;1038.3;-0.1626;18;-0.1071;;;;;0
limpo;19575742000173;19575742;TO;5373788;soja;0.0;0.0;0;0.0;0.0;False;False;422;1.0;01;2054;02;False;0116401;True;0;6;0;0;0;0;0.0;False;0.0;;;;;;;;;;;;;;;;;0
limpo;20665796000109;20665796;TO;2599733;soja;0.0;0.0;0;0.0;0.0;False;False;219;0.0;03;4014;02;False;0210101;True;0;8;2;1;1;0;0.0;False;0.0;1134944.18;1648;688.68;2399.35;;3673.1;0.0845;644740.4;;;;;;;;;0
limpo;39022555000170;39022555;RS;1296511;soja;0.0;0.0;0;0.0;0.0;False;False;317;0.0;01;4014;02;False;0151201;True;0;7;0;0;0;0;0.0;False;0.0;;;;;;;;;;;;;;;;;0
limpo;82104040000148;82104040;RS;2897684;soja;0.0;0.0;0;0.0;0.0;False;False;494;0.0;05;2062;02;False;0133403;True;1;2;0;0;0;0;0.0;False;0.0;25576731.08;1000;25576.73;5293.87;;3022.4;-0.1789;34484.31;791.9;0.1416;23;-0.3386;;;;;0
limpo;57959758000179;57959758;TO;5373788;soja;0.0;0.0;0;0.0;0.0;False;False;407;0.0;03;2062;02;False;0220901;True;0;8;0;0;0;0;0.0;False;0.0;;;;;;;;;;;;;;;;;0
divida_ativa;60242229000164;60242229;PI;1498259;soja;13319.26;3188.99;5;0.0;3600.06;True;True;200;0.0;03;2240;02;False;0115600;True;2;4;2;1;1;0;0.0;False;0.0;5961831.05;452;13189.89;2292.48;;3510.9;-0.3402;43788.4;;;;;;;;;0
limpo;13358421000130;13358421;MT;3047606;soja;0.0;0.0;0;0.0;0.0;False;False;461;0.0;03;2062;02;False;0111301;True;0;8;1;0;0;0;0.0;False;0.0;3490150.22;1814;1924.01;3376.09;;;;;;;;;;;;;0
limpo;14337677000124;14337677;MT;1342092;soja;0.0;0.0;0;0.0;0.0;False;False;371;0.0;01;2135;02;False;0151201;True;0;6;1;0;0;0;0.0;False;0.0;722846.84;2362;306.03;1988.84;;3594.8;0.0837;14558.01;663.4;-0.0379;31;0.4066;;;;;0
limpo;55896619000118;55896619;MT;3486350;soja;0.0;0.0;0;0.0;0.0;False;False;19;1.0;01;2240;02;False;0133403;True;0;2;2;0;0;0;0.0;False;0.0;65163087.4;3987;16343.89;5719.93;;2279.5;0.0795;14132.81;;;;;;;;;0
limpo;99345366000160;99345366;TO;5373788;soja;0.0;0.0;0;0.0;0.0;False;False;414;1.0;01;2062;02;False;0220901;True;0;6;0;0;0;0;0.0;False;0.0;;;;;;;;;;;;;;;;;0
divida_ativa;47135605000153;47135605;RS;5323473;soja;25084.69;23161.12;9;0.0;5476.69;False;False;293;0.0;05;4014;02;False;0121101;True;0;7;0;0;0;0;0.0;False;0.0;5770153.78;3796;1520.06;6107.33;;4184.9;0.3046;1406.53;1150.1;-0.4716;32;0.0109;;;;;0
divida_ativa;12123688000186;12123688;TO;2782512;soja;187020.62;75578.04;6;536222.69;51367.69;False;False;9;1.0;05;2135;02;False;0133403;True;0;5;2;0;1;0;0.0;False;0.0;;;;;;2863.3;-0.1129;5150.27;910.7;0.2631;25;0.1329;;;;;1
divida_ativa;93636667000166;93636667;RS;1296511;soja;26624.97;1786.15;1;0.0;-3380.7;True;True;39;0.0;03;2054;02;False;0116401;True;0;2;0;0;0;0;0.0;False;0.0;;;;;;;;;;;;;;;;;1
limpo;45050980000175;45050980;BA;3889457;soja;0.0;0.0;0;0.0;0.0;False;False;111;0.0;05;2135;02;False;0116401;True;1;8;0;0;0;0;0.0;False;0.0;;;;;;3266.5;0.0304;5248.27;1073.2;0.0666;5;0.3658;5;37191.34;87;3;0
divida_ativa;64530952000108;64530952;PA;3572518;soja;239746.74;22898.7;2;0.0;104275.11;True;False;14;0.0;05;2240;02;False;0116401;True;0;7;1;1;0;0;0.0;False;0.0;8421494.89;3910;2153.84;5580.08;;;;;;;;;;;;;1
situacao_irregular;82204352000123;82204352;TO;2625906;soja;0.0;0.0;0;0.0;0.0;False;False;65;1.0;05;2240;04;True;0111301;True;1;7;1;1;0;0;0.0;False;0.0;7076252.67;3896;1816.29;5129.4;;4004.9;-0.3294;61983.79;1163.5;-0.1957;26;-0.2281;;;;;0
limpo;56326837000180;56326837;PR;4374686;soja;0.0;0.0;0;0.0;0.0;False;False;324;0.0;05;2062;02;False;0220901;True;1;1;2;2;0;0;0.0;False;0.0;;;;;;;;;;;;;;;;;0
limpo;44655142000162;44655142;MA;1849363;soja;0.0;0.0;0;0.0;0.0;False;False;166;0.0;05;2240;02;False;0311601;True;0;4;0;0;0;0;0.0;False;0.0;1890436.06;790;2392.96;3254.5;;2951.6;0.2319;11567.52;1244.5;-0.2244;14;0.2749;;;;;0
passivo_ambiental_auto;23637172000176;23637172;MA;2547930;soja;0.0;0.0;0;0.0;0.0;False;False;95;0.0;03;2062;02;False;0116401;True;0;6;2;2;1;6;7208.9;False;0.0;3056399.2;3421;893.42;2943.06;;3413.0;0.1153;12947.73;1079.8;-0.105;39;-0.2894;;;;;0
limpo;35475774000153;35475774;MT;4881066;soja;644714.57;343519.35;2;0.0;124630.5;False;True;316;0.0;03;2240;02;False;0133403;True;0;7;0;0;0;0;0.0;False;0.0;;;;;;;;;;;;;;;;;0
limpo;50745258000195;50745258;TO;5373788;soja;0.0;0.0;0;0.0;0.0;False;False;279;0.0;01;2054;02;False;0151201;True;0;2;0;0;0;0;0.0;False;0.0;;;;;;;;;;;;;;;;;0
situacao_irregular;61330934000186;61330934;PI;3137869;soja;0.0;0.0;0;0.0;0.0;False;False;545;0.0;01;2240;08;True;0113000;True;1;2;0;0;0;0;0.0;False;0.0;10177003.44;1015;10026.6;5071.94;;2744.9;-0.3095;14240.48;640.1;0.0766;0;0.6749;3;6558.13;518;1;0
limpo;77004355000183;77004355;TO;2599733;soja;0.0;0.0;0;0.0;0.0;False;False;396;27673.96;01;4014;02;False;0116401;True;0;8;0;0;0;0;0.0;False;0.0;1134944.18;1648;688.68;2399.35;;3673.1;0.0845;644740.4;;;;;;;;;0
divida_ativa;11492827000186;11492827;TO;2599733;soja;356837.52;334350.53;6;0.0;109924.05;False;True;212;0.0;01;2062;02;False;0133403;True;1;5;0;0;0;0;0.0;False;0.0;1134944.18;1648;688.68;2399.35;;3673.1;0.0845;644740.4;;;;;;;;;0
limpo;27289643000153;27289643;TO;2625906;soja;0.0;0.0;0;0.0;0.0;False;False;308;0.0;05;2062;02;False;0210101;True;0;1;1;0;0;0;0.0;False;0.0;7076252.67;3896;1816.29;5129.4;;4004.9;-0.3294;61983.79;1163.5;-0.1957;26;-0.2281;;;;;1
limpo;84144299000148;84144299;MS;2167433;soja;535199.7;223985.91;6;0.0;218964.7;True;False;414;0.0;05;2240;02;False;0115600;True;0;1;0;0;0;0;0.0;False;0.0;45698908.98;37;1235105.65;4640.03;;3388.1;-0.041;1178.06;747.3;0.3091;29;-0.1134;;;;;0
limpo;88440014000177;88440014;TO;2599733;soja;0.0;0.0;0;0.0;0.0;False;False;343;0.0;03;2054;02;False;0113000;True;0;8;2;2;1;0;0.0;False;0.0;1134944.18;1648;688.68;2399.35;;3673.1;0.0845;644740.4;;;;;;;;;0
limpo;92321426000165;92321426;MS;2167433;soja;0.0;0.0;0;0.0;0.0;False;False;137;1.0;01;4014;02;False;0115600;True;1;2;0;0;0;0;0.0;False;0.0;45698908.98;37;1235105.65;4640.03;;3388.1;-0.041;1178.06;747.3;0.3091;29;-0.1134;;;;;0
limpo;11224268000123;11224268;TO;1926828;soja;0.0;0.0;0;0.0;0.0;False;False;87;1.0;05;2062;02;False;0116401;True;0;4;2;1;0;0;0.0;False;0.0;1592038.63;3955;402.54;2086.07;;2103.1;-0.0625;2779.51;847.2;0.0075;25;0.3455;;;;;0
passivo_ambiental_auto;79934871000132;79934871;PI;1498259;soja;0.0;0.0;0;0.0;0.0;False;False;302;0.0;05;2062;02;False;0151201;True;0;1;1;1;0;12;62103.65;False;0.0;5961831.05;452;13189.89;2292.48;;3510.9;-0.3402;43788.4;;;;;;;;;0
situacao_irregular;64873493000157;64873493;MT;5020745;soja;0.0;0.0;0;0.0;0.0;False;False;409;0.0;05;2240;04;True;0220901;True;0;7;2;2;1;0;0.0;False;0.0;16832610.2;2938;5729.28;2659.43;;2865.5;-0.0685;23248.53;1087.1;-0.1985;10;0.5319;;;;;0
limpo;98695038000120;98695038;MT;4872493;soja;0.0;0.0;0;0.0;0.0;False;False;196;1.0;01;4014;02;False;0113000;True;0;1;1;0;0;0;0.0;False;0.0;12871579.85;766;16803.63;1283.72;;2678.2;-0.0379;315502.18;1164.2;-0.4814;30;-0.3935;;;;;0
limpo;68624906000110;68624906;MT;4091416;soja;0.0;0.0;0;0.0;0.0;False;False;438;0.0;03;2054;02;False;0220901;True;0;7;1;1;0;0;0.0;False;0.0;9930345.71;3827;2594.81;2854.45;;2593.6;0.1175;64737.72;;;;;;;;;0
limpo;46077835000140;46077835;BA;1287110;soja;0.0;0.0;0;0.0;0.0;False;False;211;0.0;03;2240;02;False;0210101;True;0;6;2;2;0;0;0.0;False;0.0;7170659.32;281;25518.36;5970.35;;3173.5;-0.0805;35165.31;;;;;;;;;0
limpo;46847864000144;46847864;TO;4589069;soja;0.0;0.0;0;0.0;0.0;False;False;304;87573.58;03;2135;02;False;0121101;True;0;2;1;0;0;0;0.0;False;0.0;2443446.14;2744;890.47;4703.19;;2024.4;-0.0039;12496.35;1038.3;-0.1626;18;-0.1071;3;28590.44;630;2;0
limpo;58075507000194;58075507;MT;4881066;soja;0.0;0.0;0;0.0;0.0;False;False;249;124870.05;01;2062;02;False;0311601;True;2;6;0;0;0;0;0.0;False;0.0;;;;;;;;;;;;;;;;;0
limpo;24798481000190;24798481;MT;4952487;soja;0.0;0.0;0;0.0;0.0;False;False;164;0.0;03;2135;02;False;0113000;True;0;4;0;0;0;0;0.0;False;0.0;;;;;;4283.3;-0.0501;26781.4;1142.6;-0.1312;16;-0.1184;2;39836.3;494;2;0
limpo;79779798000171;79779798;MA;2547930;soja;0.0;0.0;0;0.0;0.0;False;False;524;4681.11;03;2062;02;False;0116401;True;0;5;2;2;0;0;0.0;False;0.0;3056399.2;3421;893.42;2943.06;;3413.0;0.1153;12947.73;1079.8;-0.105;39;-0.2894;0;0.0;;0;0
passivo_ambiental_auto;68872401000175;68872401;MT;4872493;soja;0.0;0.0;0;0.0;0.0;False;False;503;0.0;03;2240;02;False;0151201;True;0;1;1;1;0;13;2397.73;False;0.0;12871579.85;766;16803.63;1283.72;;2678.2;-0.0379;315502.18;1164.2;-0.4814;30;-0.3935;;;;;1
limpo;45879550000160;45879550;MT;3486350;soja;0.0;0.0;0;0.0;0.0;False;False;346;1.0;03;2240;02;False;0311601;True;0;2;1;0;0;0;0.0;False;0.0;65163087.4;3987;16343.89;5719.93;;2279.5;0.0795;14132.81;;;;;;;;;0
situacao_irregular;30610994000129;30610994;PR;4168991;soja;0.0;0.0;0;0.0;0.0;False;False;228;0.0;01;2054;08;True;0133403;True;0;6;0;0;0;0;0.0;False;0.0;;;;;;3272.2;-0.2374;11409.04;801.1;0.1095;21;-0.0934;;;;;0
situacao_irregular;61845268000119;61845268;TO;2599733;soja;0.0;0.0;0;0.0;0.0;False;False;301;1.0;01;2054;03;True;0220901;True;0;1;2;1;1;0;0.0;False;0.0;1134944.18;1648;688.68;2399.35;;3673.1;0.0845;644740.4;;;;;;;;;0
divida_ativa;23429142000174;23429142;RS;4372021;soja;6396.11;2396.27;2;0.0;1548.3;True;True;320;0.0;01;2240;02;False;0116401;True;0;7;0;0;0;0;0.0;False;0.0;4702656.59;2724;1726.38;4444.47;;2871.3;-0.1436;6684.69;1363.1;-0.0476;4;-0.0304;;;;;0
limpo;79795026000123;79795026;TO;2625906;soja;0.0;0.0;0;0.0;0.0;False;False;284;0.0;03;2240;02;False;0121101;True;1;1;2;1;0;0;0.0;False;0.0;7076252.67;3896;1816.29;5129.4;;4004.9;-0.3294;61983.79;1163.5;-0.1957;26;-0.2281;;;;;0
divida_ativa;45342746000111;45342746;TO;5373788;soja;104771.88;80237.98;9;0.0;9859.39;True;True;184;760246.6;05;2062;02;False;0311601;True;0;1;2;1;1;0;0.0;False;0.0;;;;;;;;;;;;;;;;;0
limpo;25106648000178;25106648;TO;4589069;soja;0.0;0.0;0;0.0;0.0;False;False;118;0.0;03;2240;02;False;0133403;True;0;4;1;1;0;0;0.0;False;0.0;2443446.14;2744;890.47;4703.19;;2024.4;-0.0039;12496.35;1038.3;-0.1626;18;-0.1071;;;;;0
passivo_ambiental_auto;98484809000130;98484809;PR;4542087;soja;0.0;0.0;0;0.0;0.0;False;False;518;0.0;03;2062;02;False;0116401;True;0;8;2;1;0;8;22175.4;False;0.0;2139970.45;3795;563.89;4484.0;;;;;;;;;;;;;0
limpo;99280469000199;99280469;BA;3797806;soja;0.0;0.0;0;0.0;0.0;False;False;24;1.0;05;4014;02;False;0210101;True;0;5;0;0;0;0;0.0;False;0.0;4577751.8;3577;1279.77;1116.86;;3266.8;-0.1381;29664.1;1160.2;-0.1501;25;-0.5722;;;;;0
situacao_irregular;23115897000102;23115897;MT;4091416;soja;0.0;0.0;0;0.0;0.0;False;False;204;0.0;01;2135;08;True;0151201;True;0;5;2;0;1;0;0.0;False;0.0;9930345.71;3827;2594.81;2854.45;;2593.6;0.1175;64737.72;;;;;;;;;0
passivo_ambiental_auto;69671635000117;69671635;PI;4630374;soja;0.0;0.0;0;0.0;0.0;False;False;257;97038.19;01;4014;02;False;0210101;True;0;6;0;0;0;5;1007729.9;False;0.0;13048266.74;1086;12014.98;3730.29;;4454.7;0.2245;24466.93;1518.2;0.2463;22;-0.0198;;;;;0
limpo;64012161000188;64012161;GO;2631798;soja;41852.64;16251.55;1;0.0;-906.21;False;False;46;1.0;03;2062;02;False;0121101;True;0;5;0;0;0;0;0.0;False;0.0;14413700.4;13;1108746.18;6417.73;;3194.9;-0.0821;19788.09;1403.2;-0.2716;20;0.8262;;;;;0
limpo;90179314000196;90179314;GO;2856025;soja;0.0;0.0;0;0.0;0.0;False;False;118;1.0;03;4014;02;False;0116401;True;0;7;1;1;0;0;0.0;False;0.0;4215365.78;477;8837.24;5811.42;;1816.6;-0.0367;157568.54;1022.2;-0.0563;11;-0.2071;;;;;0
passivo_ambiental_embargo;67503744000108;67503744;MT;5020745;soja;0.0;0.0;0;0.0;0.0;False;False;423;0.0;01;2054;02;False;0113000;True;0;4;0;0;0;6;80917.74;True;644.83;16832610.2;2938;5729.28;2659.43;;2865.5;-0.0685;23248.53;1087.1;-0.1985;10;0.5319;;;;;0
divida_ativa;92153565000127;92153565;PI;3137869;soja;95684.8;44789.63;5;0.0;19921.8;False;True;420;1.0;01;2240;02;False;0133403;True;0;7;1;1;0;4;405253.05;False;0.0;10177003.44;1015;10026.6;5071.94;;2744.9;-0.3095;14240.48;640.1;0.0766;0;0.6749;0;0.0;;0;0
limpo;16918868000105;16918868;GO;3763424;soja;0.0;0.0;0;0.0;0.0;False;False;379;0.0;01;2054;02;False;0115600;True;0;6;0;0;0;0;0.0;False;0.0;2844536.11;3158;900.74;4170.84;;3496.6;-0.1391;1857.33;;;;;;;;;0
limpo;73199846000176;73199846;GO;3763424;soja;0.0;0.0;0;0.0;0.0;False;False;541;0.0;05;2062;02;False;0111301;True;1;3;2;0;0;0;0.0;False;0.0;2844536.11;3158;900.74;4170.84;;3496.6;-0.1391;1857.33;;;;;;;;;0
limpo;53254525000110;53254525;PR;4168991;soja;0.0;0.0;0;0.0;0.0;False;False;156;1.0;05;2240;02;False;0121101;True;2;6;0;0;0;0;0.0;False;0.0;;;;;;3272.2;-0.2374;11409.04;801.1;0.1095;21;-0.0934;;;;;0
limpo;46621090000139;46621090;PI;1498259;soja;0.0;0.0;0;0.0;0.0;False;False;299;27209.03;01;4014;02;False;0111301;True;1;6;0;0;0;0;0.0;False;0.0;5961831.05;452;13189.89;2292.48;;3510.9;-0.3402;43788.4;;;;;;;;;0
situacao_irregular;35176593000126;35176593;MS;2167433;soja;0.0;0.0;0;0.0;0.0;False;False;558;0.0;05;2135;08;True;0133403;True;1;7;0;0;0;0;0.0;False;0.0;45698908.98;37;1235105.65;4640.03;;3388.1;-0.041;1178.06;747.3;0.3091;29;-0.1134;4;24167.5;800;2;0
limpo;28062900000182;28062900;TO;2599733;soja;0.0;0.0;0;0.0;0.0;False;False;279;80242.57;01;2062;02;False;0113000;True;0;4;1;1;0;0;0.0;False;0.0;1134944.18;1648;688.68;2399.35;;3673.1;0.0845;644740.4;;;;;;;;;0
limpo;63001598000153;63001598;BA;3889457;soja;0.0;0.0;0;0.0;0.0;False;False;500;0.0;05;2135;02;False;0133403;True;0;6;1;0;0;0;0.0;False;0.0;;;;;;3266.5;0.0304;5248.27;1073.2;0.0666;5;0.3658;3;8191.23;70;3;0
limpo;15609850000169;15609850;PI;3137869;soja;0.0;0.0;0;0.0;0.0;False;False;519;0.0;05;2135;02;False;0115600;True;0;3;2;1;1;0;0.0;False;0.0;10177003.44;1015;10026.6;5071.94;;2744.9;-0.3095;14240.48;640.1;0.0766;0;0.6749;;;;;0
limpo;67633055000100;67633055;PI;4630374;soja;0.0;0.0;0;0.0;0.0;False;False;242;0.0;01;2054;02;False;0151201;True;1;1;2;2;1;0;0.0;False;0.0;13048266.74;1086;12014.98;3730.29;;4454.7;0.2245;24466.93;1518.2;0.2463;22;-0.0198;5;4533.11;18;1;0
passivo_ambiental_auto;25366945000152;25366945;MT;4872493;soja;0.0;0.0;0;0.0;0.0;False;False;388;0.0;01;2135;02;False;0121101;True;3;3;2;2;1;8;67538.28;False;0.0;12871579.85;766;16803.63;1283.72;;2678.2;-0.0379;315502.18;1164.2;-0.4814;30;-0.3935;;;;;0
grupo_societario;43098475000175;43098475;PR;4374686;soja;0.0;0.0;0;0.0;0.0;False;False;181;0.0;01;2135;02;False;0113000;True;0;1;15;14;5;0;0.0;False;0.0;;;;;;;;;;;;;;;;;0
limpo;90998272000115;90998272;BA;3889457;soja;0.0;0.0;0;0.0;0.0;False;False;202;0.0;05;2062;02;False;0115600;True;0;8;1;0;0;0;0.0;False;0.0;;;;;;3266.5;0.0304;5248.27;1073.2;0.0666;5;0.3658;;;;;0
limpo;44053876000171;44053876;RS;1296511;soja;0.0;0.0;0;0.0;0.0;False;False;89;0.0;01;2135;02;False;0220901;True;0;2;2;2;1;0;0.0;False;0.0;;;;;;;;;;;;;;;;;0
limpo;74718584000171;74718584;PR;4168991;soja;0.0;0.0;0;0.0;0.0;False;False;510;42136.27;01;2054;02;False;0115600;True;0;6;0;0;0;6;14042.0;False;0.0;;;;;;3272.2;-0.2374;11409.04;801.1;0.1095;21;-0.0934;;;;;0
limpo;27390520000104;27390520;RS;4372021;soja;0.0;0.0;0;0.0;0.0;False;False;559;1.0;05;4014;02;False;0311601;True;0;4;1;1;0;0;0.0;False;0.0;4702656.59;2724;1726.38;4444.47;;2871.3;-0.1436;6684.69;1363.1;-0.0476;4;-0.0304;4;71920.63;268;1;0
divida_ativa;64185284000110;64185284;BA;3797806;soja;25063.57;5625.28;6;0.0;5635.39;False;False;471;0.0;05;2135;02;False;0111301;True;0;8;2;0;0;0;0.0;False;0.0;4577751.8;3577;1279.77;1116.86;;3266.8;-0.1381;29664.1;1160.2;-0.1501;25;-0.5722;;;;;0
limpo;66398137000154;66398137;MT;4952487;soja;0.0;0.0;0;0.0;0.0;False;False;276;49985.8;03;2062;02;False;0115600;True;0;5;1;0;0;0;0.0;False;0.0;;;;;;4283.3;-0.0501;26781.4;1142.6;-0.1312;16;-0.1184;;;;;0
divida_ativa;39154312000195;39154312;RS;5323473;soja;179094.69;61054.31;5;0.0;-46354.81;False;False;374;1.0;05;2240;02;False;0133403;True;0;2;2;0;0;0;0.0;False;0.0;5770153.78;3796;1520.06;6107.33;;4184.9;0.3046;1406.53;1150.1;-0.4716;32;0.0109;0;0.0;;0;0
limpo;51161009000115;51161009;RS;4372021;soja;0.0;0.0;0;0.0;0.0;False;False;530;0.0;03;2135;02;False;0113000;True;0;4;2;1;1;0;0.0;False;0.0;4702656.59;2724;1726.38;4444.47;;2871.3;-0.1436;6684.69;1363.1;-0.0476;4;-0.0304;;;;;0
limpo;37275395000145;37275395;PA;3572518;soja;0.0;0.0;0;0.0;0.0;False;False;432;0.0;03;2054;02;False;0311601;True;0;3;1;1;0;0;0.0;False;0.0;8421494.89;3910;2153.84;5580.08;;;;;;;;;;;;;0
situacao_irregular;83532711000134;83532711;GO;2092240;soja;111813.38;99555.35;8;0.0;8353.57;False;True;422;0.0;01;2054;04;True;0133403;True;0;8;1;0;0;0;0.0;False;0.0;3025600.14;2445;1237.46;6478.28;;;;;;;;;;;;;1
divida_ativa;57994970000177;57994970;RS;5323473;soja;18156.43;589.76;9;0.0;4040.29;True;True;243;0.0;01;2062;02;False;0113000;True;0;4;2;1;1;0;0.0;False;0.0;5770153.78;3796;1520.06;6107.33;;4184.9;0.3046;1406.53;1150.1;-0.4716;32;0.0109;;;;;0
passivo_ambiental_auto;13695007000117;13695007;PI;4630374;soja;0.0;0.0;0;0.0;0.0;False;False;8;0.0;03;2135;02;False;0116401;True;0;7;1;1;0;10;44480.87;False;0.0;13048266.74;1086;12014.98;3730.29;;4454.7;0.2245;24466.93;1518.2;0.2463;22;-0.0198;;;;;0
limpo;56121847000189;56121847;TO;2599733;soja;0.0;0.0;0;0.0;0.0;False;False;265;0.0;05;2240;02;False;0151201;True;0;6;0;0;0;0;0.0;False;0.0;1134944.18;1648;688.68;2399.35;;3673.1;0.0845;644740.4;;;;;1;605571.47;649;1;0
limpo;51744156000118;51744156;MT;4091416;soja;0.0;0.0;0;0.0;0.0;False;False;315;506891.65;03;2240;02;False;0115600;True;0;7;0;0;0;0;0.0;False;0.0;9930345.71;3827;2594.81;2854.45;;2593.6;0.1175;64737.72;;;;;;;;;0
grupo_societario;83062286000167;83062286;PR;4168991;soja;0.0;0.0;0;0.0;0.0;False;False;131;0.0;01;2054;02;False;0115600;True;1;2;4;4;2;0;0.0;False;0.0;;;;;;3272.2;-0.2374;11409.04;801.1;0.1095;21;-0.0934;;;;;0
limpo;65660855000194;65660855;MT;3047606;soja;0.0;0.0;0;0.0;0.0;False;False;543;1.0;01;4014;02;False;0133403;True;0;2;2;1;0;0;0.0;False;0.0;3490150.22;1814;1924.01;3376.09;;;;;;;;;;;;;0
limpo;64853689000180;64853689;RS;4372021;soja;0.0;0.0;0;0.0;0.0;False;False;123;0.0;01;2135;02;False;0113000;True;0;1;1;1;0;0;0.0;False;0.0;4702656.59;2724;1726.38;4444.47;;2871.3;-0.1436;6684.69;1363.1;-0.0476;4;-0.0304;;;;;1
divida_ativa;33997786000112;33997786;TO;2599733;soja;30586.68;4500.51;3;0.0;6877.93;True;False;506;0.0;03;2240;02;False;0111301;True;0;8;1;0;0;0;0.0;False;0.0;1134944.18;1648;688.68;2399.35;;3673.1;0.0845;644740.4;;;;;;;;;1
limpo;27664131000120;27664131;MG;2246509;soja;0.0;0.0;0;0.0;0.0;False;False;464;0.0;01;2062;02;False;0116401;True;1;7;2;0;1;0;0.0;False;0.0;18573077.57;406;45746.5;1183.29;;3809.0;-0.3511;358203.19;;;;;4;50354.67;788;2;0
situacao_irregular;35318739000120;35318739;MA;1849363;soja;116474.24;64688.71;7;0.0;25089.87;False;False;271;0.0;05;2135;03;True;0116401;True;0;8;2;0;1;0;0.0;False;0.0;1890436.06;790;2392.96;3254.5;;2951.6;0.2319;11567.52;1244.5;-0.2244;14;0.2749;;;;;0
limpo;23384596000176;23384596;MA;1849363;soja;0.0;0.0;0;0.0;0.0;False;False;514;0.0;03;2135;02;False;0115600;True;0;6;0;0;0;0;0.0;False;0.0;1890436.06;790;2392.96;3254.5;;2951.6;0.2319;11567.52;1244.5;-0.2244;14;0.2749;;;;;0
limpo;85477483000172;85477483;GO;2092240;soja;0.0;0.0;0;0.0;0.0;False;False;466;1.0;03;4014;02;False;0116401;True;0;6;1;0;0;0;0.0;False;0.0;3025600.14;2445;1237.46;6478.28;;;;;;;;;;;;;0
situacao_irregular;53313930000161;53313930;PR;4168991;soja;0.0;0.0;0;0.0;0.0;False;False;25;1.0;03;2240;03;True;0133403;True;0;2;2;1;0;0;0.0;False;0.0;;;;;;3272.2;-0.2374;11409.04;801.1;0.1095;21;-0.0934;;;;;0
passivo_ambiental_auto;88225298000189;88225298;BA;3797806;soja;0.0;0.0;0;0.0;0.0;False;False;249;0.0;01;2240;02;False;0311601;True;2;8;1;1;0;3;64950.35;False;0.0;4577751.8;3577;1279.77;1116.86;;3266.8;-0.1381;29664.1;1160.2;-0.1501;25;-0.5722;;;;;0
limpo;71886181000143;71886181;TO;1628136;soja;0.0;0.0;0;0.0;0.0;False;False;356;1.0;05;2054;02;False;0220901;True;0;7;1;1;0;0;0.0;False;0.0;22713744.04;630;36053.56;4855.95;;;;;;;;;;;;;0
divida_ativa;51256541000116;51256541;PI;4630374;soja;255894.04;156961.14;1;0.0;-30421.83;False;False;309;0.0;03;4014;02;False;0121101;True;2;1;2;2;0;0;0.0;False;0.0;13048266.74;1086;12014.98;3730.29;;4454.7;0.2245;24466.93;1518.2;0.2463;22;-0.0198;;;;;0
limpo;66230544000158;66230544;MA;1813278;soja;0.0;0.0;0;0.0;0.0;False;False;397;0.0;05;2135;02;False;0113000;True;0;3;1;0;0;0;0.0;False;0.0;;;;;;3988.3;0.1576;4152.02;852.3;0.0456;18;-0.0187;;;;;0
limpo;89917633000172;89917633;GO;3838683;soja;0.0;0.0;0;0.0;0.0;False;False;108;0.0;01;2054;02;False;0116401;True;0;2;1;1;0;0;0.0;False;0.0;8577457.59;2126;4034.55;3501.48;;;;;;;;;;;;;0
limpo;18836033000131;18836033;PI;4630374;soja;0.0;0.0;0;84737.56;0.0;False;False;17;0.0;05;2240;02;False;0113000;True;1;4;1;0;0;0;0.0;False;0.0;13048266.74;1086;12014.98;3730.29;;4454.7;0.2245;24466.93;1518.2;0.2463;22;-0.0198;;;;;0
limpo;51094090000168;51094090;MG;2246509;soja;0.0;0.0;0;0.0;0.0;False;False;336;0.0;05;2054;02;False;0133403;True;1;2;2;1;0;0;0.0;False;0.0;18573077.57;406;45746.5;1183.29;;3809.0;-0.3511;358203.19;;;;;;;;;0
divida_ativa;32302166000159;32302166;TO;2395181;soja;40544.61;16326.67;1;0.0;-5585.67;False;True;44;0.0;05;2062;02;False;0121101;True;0;8;0;0;0;0;0.0;False;0.0;5222030.27;3113;1677.49;5412.59;;4009.6;0.3374;16612.29;725.4;0.2591;36;-0.1239;;;;;0
limpo;29548675000151;29548675;TO;1628136;soja;0.0;0.0;0;0.0;0.0;False;False;59;0.0;03;2135;02;False;0116401;True;0;8;2;2;0;0;0.0;False;0.0;22713744.04;630;36053.56;4855.95;;;;;;;;;;;;;0
divida_ativa;69441626000130;69441626;MA;2547930;soja;6026.68;1353.8;4;0.0;-693.32;False;False;289;0.0;01;4014;02;False;0113000;True;1;6;1;0;0;0;0.0;False;0.0;3056399.2;3421;893.42;2943.06;;3413.0;0.1153;12947.73;1079.8;-0.105;39;-0.2894;;;;;0
limpo;36592292000146;36592292;BA;1287110;soja;0.0;0.0;0;154731.11;0.0;False;False;260;0.0;05;2135;02;False;0115600;True;0;4;2;1;1;0;0.0;False;0.0;7170659.32;281;25518.36;5970.35;;3173.5;-0.0805;35165.31;;;;;0;0.0;;0;0
limpo;73841079000157;73841079;TO;2782512;soja;0.0;0.0;0;0.0;0.0;False;False;62;0.0;03;2062;02;False;0210101;True;1;7;2;0;0;9;108604.11;False;0.0;;;;;;2863.3;-0.1129;5150.27;910.7;0.2631;25;0.1329;;;;;0
limpo;13803370000109;13803370;GO;2092240;soja;0.0;0.0;0;0.0;0.0;False;False;279;0.0;05;2062;02;False;0151201;True;0;5;1;1;0;0;0.0;False;0.0;3025600.14;2445;1237.46;6478.28;;;;;;;;;;;;;0
limpo;30974128000117;30974128;TO;2599733;soja;0.0;0.0;0;0.0;0.0;False;False;42;43423.83;01;2135;02;False;0210101;True;1;6;0;0;0;0;0.0;False;0.0;1134944.18;1648;688.68;2399.35;;3673.1;0.0845;644740.4;;;;;;;;;0
divida_ativa;51615599000109;51615599;BA;1287110;soja;22200.17;21625.33;8;0.0;5630.08;False;True;514;140530.88;01;2135;02;False;0220901;True;0;3;1;1;0;0;0.0;False;0.0;7170659.32;281;25518.36;5970.35;;3173.5;-0.0805;35165.31;;;;;;;;;0
limpo;65098703000140;65098703;MT;3486350;soja;0.0;0.0;0;0.0;0.0;False;False;448;0.0;01;2062;02;False;0115600;True;0;2;2;1;0;0;0.0;False;0.0;65163087.4;3987;16343.89;5719.93;;2279.5;0.0795;14132.81;;;;;;;;;0
limpo;85480965000181;85480965;MA;2547930;soja;0.0;0.0;0;0.0;0.0;False;False;85;0.0;05;2135;02;False;0121101;True;0;1;1;0;0;0;0.0;False;0.0;3056399.2;3421;893.42;2943.06;;3413.0;0.1153;12947.73;1079.8;-0.105;39;-0.2894;;;;;0
divida_ativa;66049029000176;66049029;GO;2631798;soja;14847.22;8906.78;8;0.0;1775.07;False;False;218;0.0;03;2062;02;False;0121101;True;1;2;0;0;0;0;0.0;False;0.0;14413700.4;13;1108746.18;6417.73;;3194.9;-0.0821;19788.09;1403.2;-0.2716;20;0.8262;;;;;0
limpo;81894634000137;81894634;BA;3889457;soja;0.0;0.0;0;0.0;0.0;False;False;364;0.0;05;4014;02;False;0121101;True;0;7;2;2;0;0;0.0;False;0.0;;;;;;3266.5;0.0304;5248.27;1073.2;0.0666;5;0.3658;;;;;0
limpo;11614843000102;11614843;MT;4952487;soja;0.0;0.0;0;0.0;0.0;False;False;120;0.0;03;2054;02;False;0113000;True;0;8;1;0;0;0;0.0;False;0.0;;;;;;4283.3;-0.0501;26781.4;1142.6;-0.1312;16;-0.1184;;;;;0
limpo;39967614000182;39967614;TO;2395181;soja;0.0;0.0;0;0.0;0.0;False;False;460;4689.72;05;4014;02;False;0210101;True;0;5;0;0;0;0;0.0;False;0.0;5222030.27;3113;1677.49;5412.59;;4009.6;0.3374;16612.29;725.4;0.2591;36;-0.1239;;;;;0
limpo;37436727000126;37436727;GO;2631798;soja;0.0;0.0;0;615226.17;0.0;False;False;451;0.0;05;2054;02;False;0133403;True;0;6;1;1;0;0;0.0;False;0.0;14413700.4;13;1108746.18;6417.73;;3194.9;-0.0821;19788.09;1403.2;-0.2716;20;0.8262;;;;;0
limpo;16098023000110;16098023;TO;5373788;soja;0.0;0.0;0;0.0;0.0;False;False;97;0.0;05;2054;02;False;0116401;True;0;3;1;0;0;0;0.0;False;0.0;;;;;;;;;;;;;;;;;0
passivo_ambiental_auto;56452909000135;56452909;RS;3466531;soja;0.0;0.0;0;0.0;0.0;False;False;253;0.0;01;2062;02;False;0121101;True;0;8;0;0;0;4;1362097.97;False;0.0;3897875.17;1357;2872.42;4389.67;;;;;;;;;;;;;0
limpo;83485000000156;83485000;PI;3137869;soja;0.0;0.0;0;0.0;0.0;False;False;389;232170.39;03;2240;02;False;0210101;True;0;1;0;0;0;0;0.0;False;0.0;10177003.44;1015;10026.6;5071.94;;2744.9;-0.3095;14240.48;640.1;0.0766;0;0.6749;;;;;0
limpo;14207820000163;14207820;GO;2631798;soja;0.0;0.0;0;0.0;0.0;False;False;219;0.0;03;2054;02;False;0133403;True;0;8;0;0;0;0;0.0;False;0.0;14413700.4;13;1108746.18;6417.73;;3194.9;-0.0821;19788.09;1403.2;-0.2716;20;0.8262;;;;;0
limpo;38797100000163;38797100;MS;2167433;soja;45457.42;1249.94;2;0.0;-2259.37;False;False;237;123473.45;03;2240;02;False;0111301;True;0;7;1;1;0;0;0.0;False;0.0;45698908.98;37;1235105.65;4640.03;;3388.1;-0.041;1178.06;747.3;0.3091;29;-0.1134;;;;;0
limpo;93107246000148;93107246;MS;2167433;soja;0.0;0.0;0;0.0;0.0;False;False;350;0.0;03;2054;02;False;0115600;True;0;3;0;0;0;0;0.0;False;0.0;45698908.98;37;1235105.65;4640.03;;3388.1;-0.041;1178.06;747.3;0.3091;29;-0.1134;;;;;0
limpo;48516457000180;48516457;GO;2092240;soja;1604.74;296.0;2;0.0;184.43;False;False;110;101364.08;05;2135;02;False;0220901;True;1;1;1;1;0;0;0.0;False;0.0;3025600.14;2445;1237.46;6478.28;;;;;;;;;;;;;0
limpo;82781571000175;82781571;MT;3486350;soja;0.0;0.0;0;0.0;0.0;False;False;288;0.0;05;2062;02;False;0311601;True;0;4;0;0;0;0;0.0;False;0.0;65163087.4;3987;16343.89;5719.93;;2279.5;0.0795;14132.81;;;;;;;;;0
limpo;62466791000105;62466791;MT;4881066;soja;0.0;0.0;0;0.0;0.0;False;False;271;0.0;01;2240;02;False;0220901;True;0;7;1;0;0;0;0.0;False;0.0;;;;;;;;;;;;;;;;;0
limpo;20309185000128;20309185;BA;3797806;soja;0.0;0.0;0;0.0;0.0;False;False;38;0.0;03;2054;02;False;0311601;True;1;5;0;0;0;0;0.0;False;0.0;4577751.8;3577;1279.77;1116.86;;3266.8;-0.1381;29664.1;1160.2;-0.1501;25;-0.5722;;;;;0
divida_ativa;99863623000155;99863623;GO;3838683;soja;33409.56;26143.36;2;0.0;5154.72;False;False;134;1.0;03;4014;02;False;0113000;True;1;8;0;0;0;0;0.0;False;0.0;8577457.59;2126;4034.55;3501.48;;;;;;;;;;;;;0
limpo;38376094000170;38376094;MT;3047606;soja;0.0;0.0;0;0.0;0.0;False;False;77;0.0;01;4014;02;False;0111301;True;0;6;0;0;0;0;0.0;False;0.0;3490150.22;1814;1924.01;3376.09;;;;;;;;;;;;;0
divida_ativa;31014788000119;31014788;TO;4589069;soja;58859.63;34565.1;1;0.0;3552.11;False;True;287;1.0;03;2054;02;False;0111301;True;0;8;0;0;0;0;0.0;False;0.0;2443446.14;2744;890.47;4703.19;;2024.4;-0.0039;12496.35;1038.3;-0.1626;18;-0.1071;;;;;0
limpo;24034673000120;24034673;PR;4542087;soja;0.0;0.0;0;0.0;0.0;False;False;162;0.0;05;2054;02;False;0311601;True;0;1;1;1;0;0;0.0;False;0.0;2139970.45;3795;563.89;4484.0;;;;;;;;;;;;;0
passivo_ambiental_auto;70362222000130;70362222;SP;4469177;soja;0.0;0.0;0;0.0;0.0;False;False;9;0.0;01;2135;02;False;0311601;True;0;4;2;1;1;11;2036227.71;False;0.0;;;;;;;;;;;;;;;;;0
limpo;61715208000181;61715208;TO;5373788;soja;260484.03;244933.96;9;0.0;23737.48;False;True;43;0.0;05;4014;02;False;0121101;True;0;5;1;1;0;0;0.0;False;0.0;;;;;;;;;;;;;;;;;1
limpo;62143240000100;62143240;BA;1287110;soja;0.0;0.0;0;0.0;0.0;False;False;313;1.0;03;4014;02;False;0220901;True;0;5;1;0;0;8;1616462.92;False;0.0;7170659.32;281;25518.36;5970.35;;3173.5;-0.0805;35165.31;;;;;;;;;0
limpo;17188330000155;17188330;PI;3137869;soja;0.0;0.0;0;0.0;0.0;False;False;233;0.0;03;4014;02;False;0151201;True;0;4;1;0;0;0;0.0;False;0.0;10177003.44;1015;10026.6;5071.94;;2744.9;-0.3095;14240.48;640.1;0.0766;0;0.6749;4;35390.13;108;1;0
limpo;87005329000123;87005329;PR;4542087;soja;0.0;0.0;0;4168677.73;0.0;False;False;306;0.0;03;2240;02;False;0311601;True;0;5;0;0;0;0;0.0;False;0.0;2139970.45;3795;563.89;4484.0;;;;;;;;;;;;;0
limpo;79656698000158;79656698;BA;1287110;soja;0.0;0.0;0;0.0;0.0;False;False;171;0.0;01;2054;02;False;0115600;True;1;4;1;1;0;0;0.0;False;0.0;7170659.32;281;25518.36;5970.35;;3173.5;-0.0805;35165.31;;;;;;;;;0
limpo;88606838000174;88606838;MA;2547930;soja;0.0;0.0;0;0.0;0.0;False;False;120;22049.98;05;2054;02;False;0133403;True;0;8;1;0;0;0;0.0;False;0.0;3056399.2;3421;893.42;2943.06;;3413.0;0.1153;12947.73;1079.8;-0.105;39;-0.2894;;;;;0
situacao_irregular;46647653000168;46647653;TO;4589069;soja;0.0;0.0;0;0.0;0.0;False;False;544;0.0;03;2135;08;True;0311601;True;0;8;0;0;0;0;0.0;False;0.0;2443446.14;2744;890.47;4703.19;;2024.4;-0.0039;12496.35;1038.3;-0.1626;18;-0.1071;;;;;0
limpo;99091235000101;99091235;MS;2167433;soja;0.0;0.0;0;0.0;0.0;False;False;499;2182.18;03;2062;02;False;0210101;True;0;2;0;0;0;0;0.0;False;0.0;45698908.98;37;1235105.65;4640.03;;3388.1;-0.041;1178.06;747.3;0.3091;29;-0.1134;;;;;0
passivo_ambiental_auto;72076710000106;72076710;BA;1287110;soja;0.0;0.0;0;24078006.76;0.0;False;False;198;16904.53;03;2054;02;False;0116401;True;1;8;0;0;0;12;279229.92;False;0.0;7170659.32;281;25518.36;5970.35;;3173.5;-0.0805;35165.31;;;;;;;;;1
limpo;94341360000109;94341360;GO;2631798;soja;0.0;0.0;0;0.0;0.0;False;False;262;0.0;03;2062;02;False;0220901;True;2;7;0;0;0;0;0.0;False;0.0;14413700.4;13;1108746.18;6417.73;;3194.9;-0.0821;19788.09;1403.2;-0.2716;20;0.8262;;;;;0
grupo_societario;58602368000100;58602368;MT;1342092;soja;0.0;0.0;0;0.0;0.0;False;False;404;427808.23;01;2062;02;False;0111301;True;1;7;23;2;6;0;0.0;False;0.0;722846.84;2362;306.03;1988.84;;3594.8;0.0837;14558.01;663.4;-0.0379;31;0.4066;0;0.0;;0;0
limpo;44617842000162;44617842;BA;3797806;soja;0.0;0.0;0;0.0;0.0;False;False;95;1.0;01;2062;02;False;0220901;True;0;4;2;2;1;0;0.0;False;0.0;4577751.8;3577;1279.77;1116.86;;3266.8;-0.1381;29664.1;1160.2;-0.1501;25;-0.5722;;;;;0
passivo_ambiental_auto;93818096000180;93818096;MS;2167433;soja;50677.02;46278.54;9;0.0;4178.68;True;False;81;0.0;05;2240;02;False;0220901;True;0;8;2;2;0;11;21536.13;False;0.0;45698908.98;37;1235105.65;4640.03;;3388.1;-0.041;1178.06;747.3;0.3091;29;-0.1134;;;;;0
grupo_societario;66236011000183;66236011;MT;4091416;soja;0.0;0.0;0;0.0;0.0;False;False;149;0.0;01;2062;02;False;0220901;True;0;7;5;2;0;0;0.0;False;0.0;9930345.71;3827;2594.81;2854.45;;2593.6;0.1175;64737.72;;;;;;;;;0
limpo;94205311000130;94205311;PR;4542087;soja;0.0;0.0;0;0.0;0.0;False;False;452;0.0;03;4014;02;False;0116401;True;0;2;0;0;0;0;0.0;False;0.0;2139970.45;3795;563.89;4484.0;;;;;;;;;;;;;0
limpo;12006626000194;12006626;BA;3797806;soja;0.0;0.0;0;0.0;0.0;False;False;189;12169.28;01;4014;02;False;0113000;True;1;7;2;1;0;0;0.0;False;0.0;4577751.8;3577;1279.77;1116.86;;3266.8;-0.1381;29664.1;1160.2;-0.1501;25;-0.5722;;;;;0
limpo;88272203000188;88272203;GO;3838683;soja;0.0;0.0;0;0.0;0.0;False;False;326;0.0;05;2054;02;False;0151201;True;0;5;2;0;1;0;0.0;False;0.0;8577457.59;2126;4034.55;3501.48;;;;;;;;;;;;;0
limpo;25161988000100;25161988;MA;1849363;soja;0.0;0.0;0;0.0;0.0;False;False;442;0.0;05;4014;02;False;0115600;True;0;8;0;0;0;0;0.0;False;0.0;1890436.06;790;2392.96;3254.5;;2951.6;0.2319;11567.52;1244.5;-0.2244;14;0.2749;;;;;0
limpo;56670189000184;56670189;MT;4872493;soja;0.0;0.0;0;0.0;0.0;False;False;176;1.0;05;2054;02;False;0311601;True;0;6;2;2;0;0;0.0;False;0.0;12871579.85;766;16803.63;1283.72;;2678.2;-0.0379;315502.18;1164.2;-0.4814;30;-0.3935;5;118063.46;275;2;0
limpo;65358948000169;65358948;BA;3797806;soja;0.0;0.0;0;0.0;0.0;False;False;337;0.0;01;4014;02;False;0115600;True;0;6;1;1;0;0;0.0;False;0.0;4577751.8;3577;1279.77;1116.86;;3266.8;-0.1381;29664.1;1160.2;-0.1501;25;-0.5722;;;;;0
divida_ativa;86671900000186;86671900;BA;1287110;soja;458792.08;391218.85;6;0.0;-112881.93;False;False;266;0.0;03;2062;02;False;0111301;True;0;4;1;1;0;0;0.0;False;0.0;7170659.32;281;25518.36;5970.35;;3173.5;-0.0805;35165.31;;;;;;;;;1
limpo;57666937000118;57666937;RS;3466531;soja;0.0;0.0;0;0.0;0.0;False;False;304;1.0;01;2135;02;False;0116401;True;0;1;1;0;0;0;0.0;False;0.0;3897875.17;1357;2872.42;4389.67;;;;;;;;;3;43372.25;523;3;0
limpo;95562972000186;95562972;SP;1144522;soja;0.0;0.0;0;0.0;0.0;False;False;119;0.0;03;4014;02;False;0220901;True;0;3;0;0;0;0;0.0;False;0.0;22685314.17;3452;6571.64;4478.12;;3859.7;-0.1003;15013.11;975.4;-0.3231;19;-0.3987;;;;;0
divida_ativa;57397903000175;57397903;BA;1287110;soja;39720.99;5932.17;1;0.0;-11707.09;False;False;308;0.0;03;2240;02;False;0111301;True;0;3;1;1;0;0;0.0;False;0.0;7170659.32;281;25518.36;5970.35;;3173.5;-0.0805;35165.31;;;;;;;;;0
limpo;53788150000178;53788150;SP;4469177;soja;0.0;0.0;0;0.0;0.0;False;False;25;0.0;03;2062;02;False;0115600;True;0;5;2;2;1;0;0.0;False;0.0;;;;;;;;;;;;;;;;;0
limpo;33208690000128;33208690;GO;2092240;soja;0.0;0.0;0;0.0;0.0;False;False;252;0.0;01;4014;02;False;0116401;True;0;4;0;0;0;0;0.0;False;0.0;3025600.14;2445;1237.46;6478.28;;;;;;;;;;;;;0
limpo;95865113000166;95865113;PA;3572518;soja;0.0;0.0;0;0.0;0.0;False;False;150;1.0;05;2062;02;False;0311601;True;0;7;1;1;0;0;0.0;False;0.0;8421494.89;3910;2153.84;5580.08;;;;;;;;;;;;;0
limpo;84913865000139;84913865;MT;3486350;soja;0.0;0.0;0;0.0;0.0;False;False;291;1.0;01;2062;02;False;0121101;True;0;7;0;0;0;0;0.0;False;0.0;65163087.4;3987;16343.89;5719.93;;2279.5;0.0795;14132.81;;;;;;;;;0
limpo;83362808000146;83362808;BA;3797806;soja;0.0;0.0;0;0.0;0.0;False;False;103;0.0;03;2135;02;False;0311601;True;2;3;1;0;0;0;0.0;False;0.0;4577751.8;3577;1279.77;1116.86;;3266.8;-0.1381;29664.1;1160.2;-0.1501;25;-0.5722;;;;;0
limpo;52661256000143;52661256;PR;4374686;soja;0.0;0.0;0;0.0;0.0;False;False;205;0.0;01;2240;02;False;0210101;True;0;4;1;0;0;0;0.0;False;0.0;;;;;;;;;;;;;;;;;0
situacao_irregular;53537171000110;53537171;MT;3047606;soja;0.0;0.0;0;0.0;0.0;False;False;283;1.0;05;2240;08;True;0133403;True;3;3;1;1;0;0;0.0;False;0.0;3490150.22;1814;1924.01;3376.09;;;;;;;;;;;;;0
divida_ativa;21668838000128;21668838;GO;3355082;soja;77655.62;53258.02;3;0.0;20446.68;False;True;47;0.0;03;2240;02;False;0220901;True;0;4;1;0;0;0;0.0;False;0.0;344902.69;1555;221.8;1341.28;;3426.5;-0.1292;14743.52;1302.6;0.1067;12;-0.0223;;;;;0
passivo_ambiental_auto;81624855000195;81624855;MT;5020745;soja;0.0;0.0;0;0.0;0.0;False;False;448;0.0;03;2135;02;False;0113000;True;0;4;2;1;1;1;2371.78;False;0.0;16832610.2;2938;5729.28;2659.43;;2865.5;-0.0685;23248.53;1087.1;-0.1985;10;0.5319;;;;;0
limpo;58917715000193;58917715;GO;2631798;soja;0.0;0.0;0;0.0;0.0;False;False;334;0.0;05;4014;02;False;0111301;True;0;4;1;1;0;0;0.0;False;0.0;14413700.4;13;1108746.18;6417.73;;3194.9;-0.0821;19788.09;1403.2;-0.2716;20;0.8262;;;;;0
divida_ativa;72778448000141;72778448;TO;5373788;soja;12555.71;8573.4;2;0.0;-3761.06;False;False;371;61588.07;05;2054;02;False;0115600;True;1;2;0;0;0;0;0.0;False;0.0;;;;;;;;;;;;;;;;;0
situacao_irregular;32533376000158;32533376;GO;3763424;soja;0.0;0.0;0;0.0;0.0;False;False;13;72330.88;05;2062;03;True;0113000;True;0;4;1;0;0;0;0.0;False;0.0;2844536.11;3158;900.74;4170.84;;3496.6;-0.1391;1857.33;;;;;;;;;0
divida_ativa;43073498000125;43073498;PI;3137869;soja;294631.27;188284.45;3;0.0;60906.46;False;False;55;80480.65;05;2054;02;False;0220901;True;1;6;2;0;1;0;0.0;False;0.0;10177003.44;1015;10026.6;5071.94;;2744.9;-0.3095;14240.48;640.1;0.0766;0;0.6749;;;;;0
passivo_ambiental_auto;78733140000166;78733140;MT;3047606;soja;0.0;0.0;0;0.0;0.0;False;False;484;0.0;01;2062;02;False;0311601;True;0;1;2;1;0;2;29724.52;False;0.0;3490150.22;1814;1924.01;3376.09;;;;;;;;;;;;;0
limpo;92103599000107;92103599;GO;2631798;soja;0.0;0.0;0;0.0;0.0;False;False;264;1.0;03;2240;02;False;0111301;True;1;1;2;1;1;0;0.0;False;0.0;14413700.4;13;1108746.18;6417.73;;3194.9;-0.0821;19788.09;1403.2;-0.2716;20;0.8262;;;;;0
divida_ativa;28178143000107;28178143;SP;1144522;soja;33876.11;28128.84;2;0.0;-9322.91;False;True;355;0.0;05;2135;02;False;0311601;True;0;1;1;1;0;0;0.0;False;0.0;22685314.17;3452;6571.64;4478.12;;3859.7;-0.1003;15013.11;975.4;-0.3231;19;-0.3987;;;;;0
limpo;39926302000120;39926302;MT;4881066;soja;0.0;0.0;0;0.0;0.0;False;False;494;0.0;01;2240;02;False;0115600;True;0;4;1;0;0;0;0.0;False;0.0;;;;;;;;;;;;;;;;;0
passivo_ambiental_auto;72541552000118;72541552;PI;3137869;soja;0.0;0.0;0;0.0;0.0;False;False;329;0.0;05;2062;02;False;0133403;True;0;4;1;1;0;2;372142.47;False;0.0;10177003.44;1015;10026.6;5071.94;;2744.9;-0.3095;14240.48;640.1;0.0766;0;0.6749;;;;;0
divida_ativa;77249703000182;77249703;TO;1926828;soja;49743.72;30045.94;3;0.0;-1670.17;False;False;235;0.0;01;2054;02;False;0210101;True;0;8;0;0;0;0;0.0;False;0.0;1592038.63;3955;402.54;2086.07;;2103.1;-0.0625;2779.51;847.2;0.0075;25;0.3455;;;;;0
limpo;54428021000131;54428021;TO;4589069;soja;0.0;0.0;0;0.0;0.0;False;False;149;112277.01;01;2240;02;False;0133403;True;0;5;1;1;0;0;0.0;False;0.0;2443446.14;2744;890.47;4703.19;;2024.4;-0.0039;12496.35;1038.3;-0.1626;18;-0.1071;;;;;0
limpo;57906991000193;57906991;MT;1342092;soja;0.0;0.0;0;0.0;0.0;False;False;43;0.0;01;2054;02;False;0151201;True;0;7;1;1;0;0;0.0;False;0.0;722846.84;2362;306.03;1988.84;;3594.8;0.0837;14558.01;663.4;-0.0379;31;0.4066;;;;;0
limpo;73096728000132;73096728;MT;4091416;soja;0.0;0.0;0;0.0;0.0;False;False;101;169602.42;01;2054;02;False;0210101;True;0;7;0;0;0;0;0.0;False;0.0;9930345.71;3827;2594.81;2854.45;;2593.6;0.1175;64737.72;;;;;0;0.0;;0;0
passivo_ambiental_auto;82614526000126;82614526;SP;1144522;soja;0.0;0.0;0;0.0;0.0;False;False;435;0.0;03;2135;02;False;0115600;True;1;6;2;1;1;12;996268.48;False;0.0;22685314.17;3452;6571.64;4478.12;;3859.7;-0.1003;15013.11;975.4;-0.3231;19;-0.3987;;;;;0
limpo;16852499000103;16852499;MT;4872493;soja;0.0;0.0;0;0.0;0.0;False;False;557;0.0;05;2240;02;False;0116401;True;0;3;2;1;1;0;0.0;False;0.0;12871579.85;766;16803.63;1283.72;;2678.2;-0.0379;315502.18;1164.2;-0.4814;30;-0.3935;;;;;0
limpo;90611976000193;90611976;TO;1926828;soja;0.0;0.0;0;0.0;0.0;False;False;256;0.0;03;2135;02;False;0121101;True;1;1;1;0;0;0;0.0;False;0.0;1592038.63;3955;402.54;2086.07;;2103.1;-0.0625;2779.51;847.2;0.0075;25;0.3455;1;134921.8;348;1;0
divida_ativa;14982996000192;14982996;BA;3797806;soja;94468.47;68140.31;6;0.0;-15293.05;True;False;219;0.0;05;2062;02;False;0133403;True;0;8;1;0;0;0;0.0;False;0.0;4577751.8;3577;1279.77;1116.86;;3266.8;-0.1381;29664.1;1160.2;-0.1501;25;-0.5722;3;38231.17;667;1;0
passivo_ambiental_auto;88942330000147;88942330;PA;3572518;soja;0.0;0.0;0;0.0;0.0;False;False;156;0.0;03;2135;02;False;0115600;True;0;3;0;0;0;12;183762.07;False;0.0;8421494.89;3910;2153.84;5580.08;;;;;;;;;;;;;0
limpo;17469659000194;17469659;BA;1993507;soja;0.0;0.0;0;0.0;0.0;False;False;292;0.0;01;2240;02;False;0151201;True;0;6;0;0;0;0;0.0;False;0.0;;;;;;3041.8;-0.0835;4445.58;1427.8;0.2926;16;-0.2083;;;;;0
limpo;69714066000140;69714066;MA;1849363;soja;0.0;0.0;0;0.0;0.0;False;False;536;1.0;05;2062;02;False;0111301;True;2;3;0;0;0;0;0.0;False;0.0;1890436.06;790;2392.96;3254.5;;2951.6;0.2319;11567.52;1244.5;-0.2244;14;0.2749;3;197206.11;301;2;0
limpo;87791234000182;87791234;BA;1993507;soja;0.0;0.0;0;0.0;0.0;False;False;25;0.0;03;2054;02;False;0113000;True;0;5;1;1;0;0;0.0;False;0.0;;;;;;3041.8;-0.0835;4445.58;1427.8;0.2926;16;-0.2083;;;;;0
limpo;72515450000128;72515450;SP;4469177;soja;0.0;0.0;0;0.0;0.0;False;False;285;0.0;03;2054;02;False;0133403;True;1;1;2;1;0;0;0.0;False;0.0;;;;;;;;;;;;;;;;;0
limpo;91425021000104;91425021;TO;2625906;soja;0.0;0.0;0;0.0;0.0;False;False;145;0.0;01;2054;02;False;0111301;True;0;7;2;1;0;0;0.0;False;0.0;7076252.67;3896;1816.29;5129.4;;4004.9;-0.3294;61983.79;1163.5;-0.1957;26;-0.2281;;;;;0
limpo;76127947000120;76127947;MA;1813278;soja;0.0;0.0;0;0.0;0.0;False;False;533;0.0;01;2062;02;False;0121101;True;0;8;1;1;0;0;0.0;False;0.0;;;;;;3988.3;0.1576;4152.02;852.3;0.0456;18;-0.0187;1;22545.92;480;1;0
divida_ativa;45233307000170;45233307;MT;4952487;soja;1661.72;448.76;7;0.0;-385.86;False;False;273;0.0;05;2054;02;False;0115600;True;1;2;2;1;0;0;0.0;False;0.0;;;;;;4283.3;-0.0501;26781.4;1142.6;-0.1312;16;-0.1184;;;;;0
limpo;23793787000191;23793787;PA;3572518;soja;0.0;0.0;0;0.0;0.0;False;False;298;0.0;01;2135;02;False;0121101;True;2;6;1;1;0;0;0.0;False;0.0;8421494.89;3910;2153.84;5580.08;;;;;;;;;;;;;0
limpo;49415833000102;49415833;TO;2782512;soja;0.0;0.0;0;0.0;0.0;False;False;6;0.0;03;2062;02;False;0111301;True;0;6;1;0;0;0;0.0;False;0.0;;;;;;2863.3;-0.1129;5150.27;910.7;0.2631;25;0.1329;;;;;1
limpo;99271401000143;99271401;MA;2547930;soja;0.0;0.0;0;0.0;0.0;False;False;185;0.0;01;2135;02;False;0311601;True;1;8;2;1;1;0;0.0;False;0.0;3056399.2;3421;893.42;2943.06;;3413.0;0.1153;12947.73;1079.8;-0.105;39;-0.2894;;;;;0
limpo;97772059000130;97772059;BA;3797806;soja;0.0;0.0;0;0.0;0.0;False;False;468;1.0;03;2135;02;False;0210101;True;0;5;2;2;0;0;0.0;False;0.0;4577751.8;3577;1279.77;1116.86;;3266.8;-0.1381;29664.1;1160.2;-0.1501;25;-0.5722;;;;;0
limpo;25167381000129;25167381;TO;2599733;soja;0.0;0.0;0;0.0;0.0;False;False;381;0.0;01;2135;02;False;0133403;True;1;4;1;1;0;0;0.0;False;0.0;1134944.18;1648;688.68;2399.35;;3673.1;0.0845;644740.4;;;;;;;;;0
divida_ativa;91594291000149;91594291;PI;4630374;soja;2310988.24;1562365.84;7;0.0;-684425.06;False;True;96;1.0;03;2240;02;False;0311601;True;0;6;2;2;1;0;0.0;False;0.0;13048266.74;1086;12014.98;3730.29;;4454.7;0.2245;24466.93;1518.2;0.2463;22;-0.0198;4;22255.48;83;2;1
limpo;17826513000159;17826513;TO;2625906;soja;0.0;0.0;0;0.0;0.0;False;False;370;0.0;03;2240;02;False;0115600;True;0;7;1;0;0;0;0.0;False;0.0;7076252.67;3896;1816.29;5129.4;;4004.9;-0.3294;61983.79;1163.5;-0.1957;26;-0.2281;;;;;0
limpo;69239936000176;69239936;RS;2897684;soja;0.0;0.0;0;0.0;0.0;False;False;536;0.0;05;2062;02;False;0220901;True;0;7;0;0;0;0;0.0;False;0.0;25576731.08;1000;25576.73;5293.87;;3022.4;-0.1789;34484.31;791.9;0.1416;23;-0.3386;4;5045.09;627;3;0
limpo;32272739000149;32272739;MT;4881066;soja;0.0;0.0;0;0.0;0.0;False;False;470;0.0;01;2240;02;False;0220901;True;0;1;2;0;0;0;0.0;False;0.0;;;;;;;;;;;;;;;;;0
limpo;56461531000136;56461531;BA;1993507;soja;0.0;0.0;0;0.0;0.0;False;False;309;0.0;01;4014;02;False;0220901;True;1;8;2;2;0;0;0.0;False;0.0;;;;;;3041.8;-0.0835;4445.58;1427.8;0.2926;16;-0.2083;;;;;0
grupo_societario;47838093000191;47838093;TO;2782512;soja;0.0;0.0;0;0.0;0.0;False;False;11;0.0;05;2135;02;False;0133403;True;2;8;22;17;4;0;0.0;False;0.0;;;;;;2863.3;-0.1129;5150.27;910.7;0.2631;25;0.1329;;;;;0
limpo;67684105000188;67684105;MT;4952487;soja;0.0;0.0;0;0.0;0.0;False;False;153;0.0;01;2054;02;False;0133403;True;1;7;1;1;0;0;0.0;False;0.0;;;;;;4283.3;-0.0501;26781.4;1142.6;-0.1312;16;-0.1184;;;;;0
limpo;54209899000186;54209899;MT;4872493;soja;0.0;0.0;0;71279983.39;0.0;False;False;145;0.0;05;2135;02;False;0121101;True;3;1;1;1;0;0;0.0;False;0.0;12871579.85;766;16803.63;1283.72;;2678.2;-0.0379;315502.18;1164.2;-0.4814;30;-0.3935;;;;;0
limpo;18590267000141;18590267;BA;3797806;soja;0.0;0.0;0;0.0;0.0;False;False;119;0.0;03;4014;02;False;0151201;True;1;8;1;0;0;0;0.0;False;0.0;4577751.8;3577;1279.77;1116.86;;3266.8;-0.1381;29664.1;1160.2;-0.1501;25;-0.5722;;;;;0
limpo;25948883000197;25948883;GO;3763424;soja;0.0;0.0;0;0.0;0.0;False;False;141;0.0;01;2062;02;False;0133403;True;0;7;1;1;0;0;0.0;False;0.0;2844536.11;3158;900.74;4170.84;;3496.6;-0.1391;1857.33;;;;;;;;;0
grupo_societario;23708744000160;23708744;MT;4881066;soja;0.0;0.0;0;0.0;0.0;False;False;60;0.0;03;2135;02;False;0133403;True;0;7;7;2;2;0;0.0;False;0.0;;;;;;;;;;;;;;;;;0
limpo;18405656000150;18405656;MT;5020745;soja;0.0;0.0;0;75889.3;0.0;False;False;196;0.0;03;4014;02;False;0115600;True;1;7;2;0;1;0;0.0;False;0.0;16832610.2;2938;5729.28;2659.43;;2865.5;-0.0685;23248.53;1087.1;-0.1985;10;0.5319;5;83266.56;885;3;0
limpo;57464677000106;57464677;PI;4630374;soja;0.0;0.0;0;0.0;0.0;False;False;540;0.0;01;2062;02;False;0113000;True;1;7;1;1;0;0;0.0;False;0.0;13048266.74;1086;12014.98;3730.29;;4454.7;0.2245;24466.93;1518.2;0.2463;22;-0.0198;2;11780.78;857;2;0
limpo;51629273000130;51629273;GO;3838683;soja;0.0;0.0;0;0.0;0.0;False;False;465;1.0;03;2135;02;False;0115600;True;0;4;0;0;0;0;0.0;False;0.0;8577457.59;2126;4034.55;3501.48;;;;;;;;;;;;;0
passivo_ambiental_auto;82530459000161;82530459;SP;1144522;soja;0.0;0.0;0;0.0;0.0;False;False;169;62385.63;03;4014;02;False;0121101;True;2;3;1;1;0;2;702908.38;False;0.0;22685314.17;3452;6571.64;4478.12;;3859.7;-0.1003;15013.11;975.4;-0.3231;19;-0.3987;;;;;0
limpo;82689441000107;82689441;GO;2092240;soja;0.0;0.0;0;0.0;0.0;False;False;35;0.0;01;2062;02;False;0220901;True;3;8;0;0;0;0;0.0;False;0.0;3025600.14;2445;1237.46;6478.28;;;;;;;;;;;;;0
passivo_ambiental_auto;68737908000116;68737908;BA;1287110;soja;0.0;0.0;0;0.0;0.0;False;False;233;0.0;05;2240;02;False;0210101;True;0;6;2;1;0;1;249203.59;False;0.0;7170659.32;281;25518.36;5970.35;;3173.5;-0.0805;35165.31;;;;;;;;;0
limpo;14905748000148;14905748;RS;5323473;soja;517980.66;365548.73;8;0.0;234756.42;False;True;135;0.0;03;2054;02;False;0115600;True;0;3;1;1;0;0;0.0;False;0.0;5770153.78;3796;1520.06;6107.33;;4184.9;0.3046;1406.53;1150.1;-0.4716;32;0.0109;;;;;0
limpo;55332192000125;55332192;TO;2782512;soja;0.0;0.0;0;0.0;0.0;False;False;466;1.0;03;2062;02;False;0151201;True;0;7;2;1;0;0;0.0;False;0.0;;;;;;2863.3;-0.1129;5150.27;910.7;0.2631;25;0.1329;;;;;0
limpo;48317707000152;48317707;MT;1342092;soja;0.0;0.0;0;0.0;0.0;False;False;357;0.0;01;2240;02;False;0151201;True;0;5;0;0;0;0;0.0;False;0.0;722846.84;2362;306.03;1988.84;;3594.8;0.0837;14558.01;663.4;-0.0379;31;0.4066;;;;;0
limpo;40637088000171;40637088;MT;3486350;soja;0.0;0.0;0;0.0;0.0;False;False;344;0.0;03;2054;02;False;0115600;True;0;7;2;0;0;0;0.0;False;0.0;65163087.4;3987;16343.89;5719.93;;2279.5;0.0795;14132.81;;;;;;;;;0
grupo_societario;88206488000159;88206488;PI;1498259;soja;0.0;0.0;0;62433.26;0.0;False;False;336;0.0;01;2135;02;False;0115600;True;0;4;11;9;4;0;0.0;False;0.0;5961831.05;452;13189.89;2292.48;;3510.9;-0.3402;43788.4;;;;;;;;;1
limpo;77720164000118;77720164;PR;4374686;soja;0.0;0.0;0;0.0;0.0;False;False;60;0.0;05;2062;02;False;0115600;True;0;1;1;0;0;0;0.0;False;0.0;;;;;;;;;;;;;;;;;0
limpo;36538490000121;36538490;SP;4469177;soja;0.0;0.0;0;0.0;0.0;False;False;477;0.0;03;2054;02;False;0210101;True;0;6;0;0;0;0;0.0;False;0.0;;;;;;;;;;;;;;;;;0
limpo;49703633000155;49703633;MT;1342092;soja;0.0;0.0;0;0.0;0.0;False;False;32;1.0;03;2135;02;False;0121101;True;0;2;2;1;0;0;0.0;False;0.0;722846.84;2362;306.03;1988.84;;3594.8;0.0837;14558.01;663.4;-0.0379;31;0.4066;;;;;0
passivo_ambiental_auto;48416466000107;48416466;MT;4091416;soja;0.0;0.0;0;0.0;0.0;False;False;140;1.0;05;2240;02;False;0113000;True;1;1;2;1;0;4;397267.49;False;0.0;9930345.71;3827;2594.81;2854.45;;2593.6;0.1175;64737.72;;;;;;;;;0
limpo;52055123000123;52055123;PR;4542087;soja;0.0;0.0;0;0.0;0.0;False;False;389;0.0;05;2240;02;False;0210101;True;0;4;2;0;0;0;0.0;False;0.0;2139970.45;3795;563.89;4484.0;;;;;;;;;;;;;0
divida_ativa;45175388000108;45175388;MS;2167433;soja;2033.27;1933.78;4;0.0;-20.53;False;True;99;1.0;05;2240;02;False;0151201;True;0;3;0;0;0;0;0.0;False;0.0;45698908.98;37;1235105.65;4640.03;;3388.1;-0.041;1178.06;747.3;0.3091;29;-0.1134;;;;;0
limpo;96434303000191;96434303;MT;3486350;soja;0.0;0.0;0;0.0;0.0;False;False;45;0.0;05;2135;02;False;0210101;True;0;6;2;2;0;0;0.0;False;0.0;65163087.4;3987;16343.89;5719.93;;2279.5;0.0795;14132.81;;;;;;;;;0
situacao_irregular;74216857000180;74216857;GO;2631798;soja;0.0;0.0;0;0.0;0.0;False;False;14;0.0;05;2062;08;True;0111301;True;0;5;2;2;0;0;0.0;False;0.0;14413700.4;13;1108746.18;6417.73;;3194.9;-0.0821;19788.09;1403.2;-0.2716;20;0.8262;;;;;0
divida_ativa;73483848000192;73483848;BA;3889457;soja;34997.18;23994.71;7;0.0;14488.66;False;True;196;0.0;03;2135;02;False;0111301;True;1;3;0;0;0;0;0.0;False;0.0;;;;;;3266.5;0.0304;5248.27;1073.2;0.0666;5;0.3658;;;;;1
limpo;37355760000121;37355760;SP;1144522;soja;0.0;0.0;0;0.0;0.0;False;False;41;0.0;05;4014;02;False;0115600;True;0;2;0;0;0;0;0.0;False;0.0;22685314.17;3452;6571.64;4478.12;;3859.7;-0.1003;15013.11;975.4;-0.3231;19;-0.3987;4;9728.37;831;2;1
passivo_ambiental_auto;24454228000110;24454228;PR;4374686;soja;0.0;0.0;0;0.0;0.0;False;False;334;0.0;05;2135;02;False;0111301;True;0;3;2;0;1;1;369658.01;False;0.0;;;;;;;;;;;;;;;;;0
limpo;17225547000198;17225547;PR;4168991;soja;0.0;0.0;0;0.0;0.0;False;False;93;0.0;05;2135;02;False;0220901;True;1;2;2;2;0;0;0.0;False;0.0;;;;;;3272.2;-0.2374;11409.04;801.1;0.1095;21;-0.0934;;;;;0
limpo;53091868000100;53091868;RS;1296511;soja;0.0;0.0;0;3188935.93;0.0;False;False;275;0.0;03;2062;02;False;0133403;True;0;8;0;0;0;0;0.0;False;0.0;;;;;;;;;;;;;;;;;0
limpo;76562797000182;76562797;MT;5020745;soja;0.0;0.0;0;0.0;0.0;False;False;237;0.0;03;2135;02;False;0111301;True;0;4;0;0;0;0;0.0;False;0.0;16832610.2;2938;5729.28;2659.43;;2865.5;-0.0685;23248.53;1087.1;-0.1985;10;0.5319;;;;;0
limpo;20311857000130;20311857;TO;1628136;soja;0.0;0.0;0;0.0;0.0;False;False;456;18203.92;01;2135;02;False;0311601;True;0;4;2;0;1;0;0.0;False;0.0;22713744.04;630;36053.56;4855.95;;;;;;;;;;;;;0
limpo;56354774000175;56354774;BA;3797806;soja;0.0;0.0;0;0.0;0.0;False;False;257;1.0;01;2135;02;False;0116401;True;0;1;2;0;1;0;0.0;False;0.0;4577751.8;3577;1279.77;1116.86;;3266.8;-0.1381;29664.1;1160.2;-0.1501;25;-0.5722;;;;;0
limpo;11194876000132;11194876;PA;3572518;soja;0.0;0.0;0;0.0;0.0;False;False;261;0.0;03;2135;02;False;0115600;True;1;7;0;0;0;0;0.0;False;0.0;8421494.89;3910;2153.84;5580.08;;;;;;;;;;;;;0
divida_ativa;49346274000126;49346274;MA;1849363;soja;5375.8;4705.28;3;0.0;-171.79;False;False;510;0.0;05;2240;02;False;0220901;True;1;3;2;2;1;0;0.0;False;0.0;1890436.06;790;2392.96;3254.5;;2951.6;0.2319;11567.52;1244.5;-0.2244;14;0.2749;;;;;0
divida_ativa;57791003000108;57791003;MT;4872493;soja;25449.51;19578.21;7;0.0;11988.86;False;False;175;1.0;01;2054;02;False;0133403;True;0;4;0;0;0;0;0.0;False;0.0;12871579.85;766;16803.63;1283.72;;2678.2;-0.0379;315502.18;1164.2;-0.4814;30;-0.3935;;;;;0
limpo;85509858000139;85509858;GO;2856025;soja;0.0;0.0;0;0.0;0.0;False;False;427;0.0;03;4014;02;False;0151201;True;0;5;0;0;0;0;0.0;False;0.0;4215365.78;477;8837.24;5811.42;;1816.6;-0.0367;157568.54;1022.2;-0.0563;11;-0.2071;;;;;0
grupo_societario;45668220000126;45668220;RS;1296511;soja;0.0;0.0;0;0.0;0.0;False;False;346;0.0;01;4014;02;False;0133403;True;0;1;5;0;1;0;0.0;False;0.0;;;;;;;;;;;;;;;;;0
limpo;23883295000197;23883295;TO;5373788;soja;0.0;0.0;0;0.0;0.0;False;False;121;0.0;05;2135;02;False;0121101;True;1;2;1;1;0;0;0.0;False;0.0;;;;;;;;;;;;;;;;;0
limpo;14167151000143;14167151;TO;5373788;soja;0.0;0.0;0;0.0;0.0;False;False;28;1.0;03;2240;02;False;0151201;True;0;6;0;0;0;0;0.0;False;0.0;;;;;;;;;;;;;2;59366.19;255;2;0
situacao_irregular;41067928000170;41067928;PI;1498259;soja;0.0;0.0;0;0.0;0.0;False;False;328;0.0;03;4014;04;True;0210101;True;0;7;0;0;0;0;0.0;False;0.0;5961831.05;452;13189.89;2292.48;;3510.9;-0.3402;43788.4;;;;;;;;;1
passivo_ambiental_embargo;21574000000175;21574000;BA;1287110;soja;0.0;0.0;0;0.0;0.0;False;False;231;168638.78;03;4014;02;False;0133403;True;1;3;1;0;0;11;78114.17;True;1174.78;7170659.32;281;25518.36;5970.35;;3173.5;-0.0805;35165.31;;;;;;;;;0
limpo;17429594000153;17429594;MA;1849363;soja;0.0;0.0;0;0.0;0.0;False;False;204;0.0;05;4014;02;False;0311601;True;0;6;2;0;0;0;0.0;False;0.0;1890436.06;790;2392.96;3254.5;;2951.6;0.2319;11567.52;1244.5;-0.2244;14;0.2749;;;;;0
passivo_ambiental_auto;44845830000195;44845830;BA;1993507;soja;0.0;0.0;0;0.0;0.0;False;False;284;0.0;05;2054;02;False;0133403;True;0;7;0;0;0;4;2454.64;False;0.0;;;;;;3041.8;-0.0835;4445.58;1427.8;0.2926;16;-0.2083;;;;;0
situacao_irregular;54388430000151;54388430;GO;2856025;soja;0.0;0.0;0;0.0;0.0;False;False;369;0.0;05;2054;08;True;0121101;True;0;5;2;0;0;0;0.0;False;0.0;4215365.78;477;8837.24;5811.42;;1816.6;-0.0367;157568.54;1022.2;-0.0563;11;-0.2071;;;;;0
limpo;57476619000194;57476619;TO;4589069;soja;0.0;0.0;0;11407.57;0.0;False;False;74;0.0;03;2135;02;False;0151201;True;0;5;1;1;0;0;0.0;False;0.0;2443446.14;2744;890.47;4703.19;;2024.4;-0.0039;12496.35;1038.3;-0.1626;18;-0.1071;;;;;0
limpo;64935222000189;64935222;PA;3572518;soja;0.0;0.0;0;0.0;0.0;False;False;504;0.0;05;2062;02;False;0115600;True;0;1;0;0;0;0;0.0;False;0.0;8421494.89;3910;2153.84;5580.08;;;;;;;;;;;;;0
limpo;93612610000127;93612610;PI;3137869;soja;0.0;0.0;0;0.0;0.0;False;False;47;1.0;05;2240;02;False;0220901;True;0;5;1;0;0;0;0.0;False;0.0;10177003.44;1015;10026.6;5071.94;;2744.9;-0.3095;14240.48;640.1;0.0766;0;0.6749;;;;;0
divida_ativa;82722091000133;82722091;MT;5020745;soja;373575.12;251977.52;8;0.0;144781.36;False;False;133;0.0;01;2135;02;False;0121101;True;1;7;0;0;0;0;0.0;False;0.0;16832610.2;2938;5729.28;2659.43;;2865.5;-0.0685;23248.53;1087.1;-0.1985;10;0.5319;;;;;0
grupo_societario;73398160000104;73398160;BA;3797806;soja;0.0;0.0;0;0.0;0.0;False;False;72;1.0;03;2062;02;False;0220901;True;1;5;19;2;0;0;0.0;False;0.0;4577751.8;3577;1279.77;1116.86;;3266.8;-0.1381;29664.1;1160.2;-0.1501;25;-0.5722;;;;;0
limpo;65904618000121;65904618;RS;4372021;soja;0.0;0.0;0;0.0;0.0;False;False;111;83492.27;05;2054;02;False;0210101;True;1;3;1;1;0;0;0.0;False;0.0;4702656.59;2724;1726.38;4444.47;;2871.3;-0.1436;6684.69;1363.1;-0.0476;4;-0.0304;;;;;0
limpo;83366106000130;83366106;GO;3763424;soja;0.0;0.0;0;0.0;0.0;False;False;500;15729.4;05;2054;02;False;0133403;True;0;8;2;2;0;0;0.0;False;0.0;2844536.11;3158;900.74;4170.84;;3496.6;-0.1391;1857.33;;;;;;;;;0
limpo;54873591000130;54873591;MT;4872493;soja;0.0;0.0;0;33584163.28;0.0;False;False;421;0.0;05;2062;02;False;0311601;True;0;7;2;1;0;0;0.0;False;0.0;12871579.85;766;16803.63;1283.72;;2678.2;-0.0379;315502.18;1164.2;-0.4814;30;-0.3935;;;;;0
limpo;37282227000187;37282227;MT;3486350;soja;0.0;0.0;0;0.0;0.0;False;False;320;0.0;05;4014;02;False;0113000;True;2;1;2;0;0;0;0.0;False;0.0;65163087.4;3987;16343.89;5719.93;;2279.5;0.0795;14132.81;;;;;;;;;0
limpo;89688746000143;89688746;RS;1296511;soja;0.0;0.0;0;0.0;0.0;False;False;530;1.0;03;2054;02;False;0311601;True;0;1;0;0;0;13;46936.63;False;0.0;;;;;;;;;;;;;;;;;0
limpo;79101949000138;79101949;GO;3355082;soja;0.0;0.0;0;0.0;0.0;False;False;317;0.0;03;2135;02;False;0311601;True;0;1;2;1;1;0;0.0;False;0.0;344902.69;1555;221.8;1341.28;;3426.5;-0.1292;14743.52;1302.6;0.1067;12;-0.0223;;;;;0
passivo_ambiental_auto;63011652000141;63011652;MG;2246509;soja;0.0;0.0;0;0.0;0.0;False;False;528;0.0;01;2054;02;False;0311601;True;0;8;0;0;0;7;77626.36;False;0.0;18573077.57;406;45746.5;1183.29;;3809.0;-0.3511;358203.19;;;;;;;;;0
limpo;54807825000141;54807825;GO;3355082;soja;0.0;0.0;0;0.0;0.0;False;False;237;0.0;01;2054;02;False;0151201;True;0;6;0;0;0;0;0.0;False;0.0;344902.69;1555;221.8;1341.28;;3426.5;-0.1292;14743.52;1302.6;0.1067;12;-0.0223;;;;;0
limpo;92112746000105;92112746;BA;1287110;soja;0.0;0.0;0;0.0;0.0;False;False;46;1.0;01;2240;02;False;0111301;True;0;6;1;0;0;0;0.0;False;0.0;7170659.32;281;25518.36;5970.35;;3173.5;-0.0805;35165.31;;;;;;;;;0
divida_ativa;59405006000191;59405006;PI;4630374;soja;41942.34;8392.9;1;0.0;14211.86;False;False;415;0.0;03;4014;02;False;0116401;True;0;8;1;1;0;0;0.0;False;0.0;13048266.74;1086;12014.98;3730.29;;4454.7;0.2245;24466.93;1518.2;0.2463;22;-0.0198;;;;;0
limpo;81509891000108;81509891;PI;1498259;soja;0.0;0.0;0;0.0;0.0;False;False;149;1.0;01;2054;02;False;0113000;True;0;4;0;0;0;0;0.0;False;0.0;5961831.05;452;13189.89;2292.48;;3510.9;-0.3402;43788.4;;;;;;;;;0
passivo_ambiental_auto;73288368000170;73288368;BA;1287110;soja;0.0;0.0;0;0.0;0.0;False;False;325;0.0;01;2240;02;False;0115600;True;0;8;2;0;1;12;144288.93;False;0.0;7170659.32;281;25518.36;5970.35;;3173.5;-0.0805;35165.31;;;;;;;;;0
limpo;94120268000100;94120268;PA;3572518;soja;0.0;0.0;0;0.0;0.0;False;False;90;0.0;05;2054;02;False;0220901;True;0;1;0;0;0;0;0.0;False;0.0;8421494.89;3910;2153.84;5580.08;;;;;;;;;;;;;0
limpo;89516192000105;89516192;BA;1287110;soja;0.0;0.0;0;0.0;0.0;False;False;494;120552.72;05;2054;02;False;0220901;True;0;7;2;1;1;0;0.0;False;0.0;7170659.32;281;25518.36;5970.35;;3173.5;-0.0805;35165.31;;;;;;;;;0
limpo;29338017000135;29338017;MT;5020745;soja;0.0;0.0;0;0.0;0.0;False;False;167;0.0;01;2240;02;False;0116401;True;0;8;2;0;1;0;0.0;False;0.0;16832610.2;2938;5729.28;2659.43;;2865.5;-0.0685;23248.53;1087.1;-0.1985;10;0.5319;;;;;0
limpo;45309188000192;45309188;MT;4091416;soja;0.0;0.0;0;80205.04;0.0;False;False;485;10548.36;05;4014;02;False;0116401;True;0;2;2;2;1;0;0.0;False;0.0;9930345.71;3827;2594.81;2854.45;;2593.6;0.1175;64737.72;;;;;;;;;0
limpo;78425434000120;78425434;SP;1144522;soja;0.0;0.0;0;0.0;0.0;False;False;88;0.0;05;2062;02;False;0113000;True;0;7;2;1;1;0;0.0;False;0.0;22685314.17;3452;6571.64;4478.12;;3859.7;-0.1003;15013.11;975.4;-0.3231;19;-0.3987;;;;;0
limpo;95617015000100;95617015;TO;1628136;soja;0.0;0.0;0;0.0;0.0;False;False;488;0.0;03;4014;02;False;0311601;True;0;7;2;0;0;0;0.0;False;0.0;22713744.04;630;36053.56;4855.95;;;;;;;;;;;;;0
divida_ativa;21948990000164;21948990;MT;5020745;soja;54552.42;46725.04;7;0.0;-11863.48;True;False;253;1.0;03;2240;02;False;0116401;True;0;7;0;0;0;0;0.0;False;0.0;16832610.2;2938;5729.28;2659.43;;2865.5;-0.0685;23248.53;1087.1;-0.1985;10;0.5319;;;;;0
limpo;55206796000125;55206796;GO;3838683;soja;0.0;0.0;0;0.0;0.0;False;False;298;0.0;03;2240;02;False;0116401;True;0;1;0;0;0;0;0.0;False;0.0;8577457.59;2126;4034.55;3501.48;;;;;;;;;;;;;0
limpo;30081256000131;30081256;SP;4469177;soja;0.0;0.0;0;0.0;0.0;False;False;214;0.0;03;2135;02;False;0113000;True;0;7;2;2;1;0;0.0;False;0.0;;;;;;;;;;;;;;;;;0
limpo;37448209000122;37448209;MT;4952487;soja;0.0;0.0;0;0.0;0.0;False;False;406;0.0;01;4014;02;False;0111301;True;0;1;1;1;0;0;0.0;False;0.0;;;;;;4283.3;-0.0501;26781.4;1142.6;-0.1312;16;-0.1184;;;;;0
divida_ativa;37900202000108;37900202;TO;2395181;soja;226104.86;69988.9;8;0.0;33033.1;False;False;486;0.0;05;2240;02;False;0151201;True;0;7;2;0;0;0;0.0;False;0.0;5222030.27;3113;1677.49;5412.59;;4009.6;0.3374;16612.29;725.4;0.2591;36;-0.1239;;;;;0
limpo;65678029000172;65678029;GO;2856025;soja;0.0;0.0;0;0.0;0.0;False;False;116;0.0;03;2054;02;False;0116401;True;0;7;2;1;1;0;0.0;False;0.0;4215365.78;477;8837.24;5811.42;;1816.6;-0.0367;157568.54;1022.2;-0.0563;11;-0.2071;;;;;0
divida_ativa;41381348000153;41381348;GO;2856025;soja;403865.4;381555.66;6;0.0;183640.76;True;True;453;0.0;01;4014;02;False;0116401;True;0;5;2;2;1;0;0.0;False;0.0;4215365.78;477;8837.24;5811.42;;1816.6;-0.0367;157568.54;1022.2;-0.0563;11;-0.2071;;;;;0
limpo;82443465000181;82443465;MT;1342092;soja;0.0;0.0;0;0.0;0.0;False;False;418;0.0;05;2135;02;False;0220901;True;0;3;1;1;0;0;0.0;False;0.0;722846.84;2362;306.03;1988.84;;3594.8;0.0837;14558.01;663.4;-0.0379;31;0.4066;;;;;0
limpo;86591135000194;86591135;GO;3355082;soja;0.0;0.0;0;0.0;0.0;False;False;175;0.0;01;2240;02;False;0116401;True;0;7;1;1;0;0;0.0;False;0.0;344902.69;1555;221.8;1341.28;;3426.5;-0.1292;14743.52;1302.6;0.1067;12;-0.0223;;;;;0
passivo_ambiental_auto;57737121000138;57737121;MT;4952487;soja;0.0;0.0;0;0.0;0.0;False;False;220;0.0;03;2054;02;False;0311601;True;0;7;0;0;0;9;9701.57;False;0.0;;;;;;4283.3;-0.0501;26781.4;1142.6;-0.1312;16;-0.1184;;;;;1
limpo;17864921000103;17864921;TO;5373788;soja;0.0;0.0;0;0.0;0.0;False;False;131;0.0;01;2054;02;False;0111301;True;0;2;1;1;0;0;0.0;False;0.0;;;;;;;;;;;;;;;;;0
divida_ativa;64366290000174;64366290;RS;2897684;soja;7815.28;7238.47;2;0.0;3300.8;True;False;315;0.0;05;4014;02;False;0116401;True;0;6;1;0;0;0;0.0;False;0.0;25576731.08;1000;25576.73;5293.87;;3022.4;-0.1789;34484.31;791.9;0.1416;23;-0.3386;;;;;0
limpo;23477765000112;23477765;GO;3763424;soja;0.0;0.0;0;440796.47;0.0;False;False;352;1.0;03;2135;02;False;0220901;True;0;1;1;0;0;0;0.0;False;0.0;2844536.11;3158;900.74;4170.84;;3496.6;-0.1391;1857.33;;;;;;;;;0
passivo_ambiental_auto;22707317000103;22707317;MT;5020745;soja;0.0;0.0;0;0.0;0.0;False;False;98;0.0;05;4014;02;False;0311601;True;0;7;0;0;0;6;9367.5;False;0.0;16832610.2;2938;5729.28;2659.43;;2865.5;-0.0685;23248.53;1087.1;-0.1985;10;0.5319;;;;;1
limpo;87253952000103;87253952;MT;5020745;soja;0.0;0.0;0;0.0;0.0;False;False;454;0.0;03;2054;02;False;0111301;True;0;1;2;2;1;0;0.0;False;0.0;16832610.2;2938;5729.28;2659.43;;2865.5;-0.0685;23248.53;1087.1;-0.1985;10;0.5319;;;;;0
limpo;37381418000104;37381418;TO;2782512;soja;0.0;0.0;0;0.0;0.0;False;False;380;0.0;05;2062;02;False;0311601;True;0;3;2;2;0;0;0.0;False;0.0;;;;;;2863.3;-0.1129;5150.27;910.7;0.2631;25;0.1329;;;;;0
limpo;36133972000100;36133972;GO;2092240;soja;0.0;0.0;0;0.0;0.0;False;False;277;0.0;01;2135;02;False;0133403;True;1;2;0;0;0;0;0.0;False;0.0;3025600.14;2445;1237.46;6478.28;;;;;;;;;3;5442.15;510;2;0
limpo;70259175000101;70259175;MT;5020745;soja;0.0;0.0;0;0.0;0.0;False;False;191;1.0;05;2135;02;False;0115600;True;0;1;1;1;0;2;655021.22;False;0.0;16832610.2;2938;5729.28;2659.43;;2865.5;-0.0685;23248.53;1087.1;-0.1985;10;0.5319;3;17220.08;692;1;0
limpo;16451347000190;16451347;PR;4374686;soja;0.0;0.0;0;0.0;0.0;False;False;241;1.0;05;4014;02;False;0116401;True;0;3;0;0;0;0;0.0;False;0.0;;;;;;;;;;;;;;;;;0
passivo_ambiental_auto;78178370000100;78178370;MT;1342092;soja;0.0;0.0;0;0.0;0.0;False;False;232;0.0;03;2240;02;False;0311601;True;0;2;2;0;1;12;15777.5;False;0.0;722846.84;2362;306.03;1988.84;;3594.8;0.0837;14558.01;663.4;-0.0379;31;0.4066;;;;;0
limpo;48682523000191;48682523;MT;3047606;soja;0.0;0.0;0;0.0;0.0;False;False;438;0.0;01;2054;02;False;0151201;True;1;1;0;0;0;0;0.0;False;0.0;3490150.22;1814;1924.01;3376.09;;;;;;;;;2;7043.21;264;2;0
divida_ativa;92031834000182;92031834;MA;1849363;soja;39280.93;9273.67;7;0.0;-3500.34;False;True;419;0.0;05;2240;02;False;0220901;True;0;3;0;0;0;0;0.0;False;0.0;1890436.06;790;2392.96;3254.5;;2951.6;0.2319;11567.52;1244.5;-0.2244;14;0.2749;;;;;0
limpo;63468955000198;63468955;BA;3797806;soja;0.0;0.0;0;0.0;0.0;False;False;47;0.0;01;4014;02;False;0151201;True;0;3;2;2;0;0;0.0;False;0.0;4577751.8;3577;1279.77;1116.86;;3266.8;-0.1381;29664.1;1160.2;-0.1501;25;-0.5722;;;;;0
limpo;97314329000169;97314329;MT;5020745;soja;0.0;0.0;0;0.0;0.0;False;False;300;0.0;03;4014;02;False;0111301;True;1;6;1;0;0;0;0.0;False;0.0;16832610.2;2938;5729.28;2659.43;;2865.5;-0.0685;23248.53;1087.1;-0.1985;10;0.5319;;;;;0
limpo;80388660000120;80388660;GO;2631798;soja;0.0;0.0;0;0.0;0.0;False;False;537;0.0;01;2135;02;False;0121101;True;0;8;1;1;0;0;0.0;False;0.0;14413700.4;13;1108746.18;6417.73;;3194.9;-0.0821;19788.09;1403.2;-0.2716;20;0.8262;;;;;0
limpo;82496804000198;82496804;MS;2167433;soja;0.0;0.0;0;0.0;0.0;False;False;415;1.0;05;2054;02;False;0133403;True;0;2;0;0;0;5;3327079.02;False;0.0;45698908.98;37;1235105.65;4640.03;;3388.1;-0.041;1178.06;747.3;0.3091;29;-0.1134;;;;;0
limpo;76791660000108;76791660;MS;2167433;soja;0.0;0.0;0;0.0;0.0;False;False;515;79699.69;01;2240;02;False;0113000;True;0;4;1;1;0;0;0.0;False;0.0;45698908.98;37;1235105.65;4640.03;;3388.1;-0.041;1178.06;747.3;0.3091;29;-0.1134;2;297243.99;850;2;0
limpo;80126144000128;80126144;MA;1813278;soja;0.0;0.0;0;0.0;0.0;False;False;63;0.0;01;2062;02;False;0210101;True;1;4;1;1;0;0;0.0;False;0.0;;;;;;3988.3;0.1576;4152.02;852.3;0.0456;18;-0.0187;;;;;0
divida_ativa;79126897000154;79126897;TO;1926828;soja;529570.69;121767.12;3;0.0;-105119.62;False;True;93;1.0;05;2240;02;False;0151201;True;1;4;1;0;0;0;0.0;False;0.0;1592038.63;3955;402.54;2086.07;;2103.1;-0.0625;2779.51;847.2;0.0075;25;0.3455;;;;;0
divida_ativa;47720202000171;47720202;TO;1628136;soja;58303.11;28304.85;4;0.0;24810.71;False;False;482;1.0;03;4014;02;False;0220901;True;0;5;2;0;0;0;0.0;False;0.0;22713744.04;630;36053.56;4855.95;;;;;;;;;;;;;1
limpo;81256685000133;81256685;PR;4374686;soja;0.0;0.0;0;0.0;0.0;False;False;535;0.0;01;2062;02;False;0115600;True;1;7;1;0;0;0;0.0;False;0.0;;;;;;;;;;;;;;;;;0
limpo;72164834000143;72164834;BA;1993507;soja;0.0;0.0;0;0.0;0.0;False;False;490;0.0;03;2240;02;False;0113000;True;0;5;1;0;0;0;0.0;False;0.0;;;;;;3041.8;-0.0835;4445.58;1427.8;0.2926;16;-0.2083;;;;;0
passivo_ambiental_auto;30011026000104;30011026;GO;2856025;soja;0.0;0.0;0;0.0;0.0;False;False;125;0.0;03;4014;02;False;0220901;True;0;1;1;1;0;12;410025.57;False;0.0;4215365.78;477;8837.24;5811.42;;1816.6;-0.0367;157568.54;1022.2;-0.0563;11;-0.2071;;;;;0
divida_ativa;35056826000157;35056826;MT;3047606;soja;39520.94;39007.62;8;0.0;1901.69;False;False;551;0.0;05;2054;02;False;0151201;True;0;8;1;0;0;0;0.0;False;0.0;3490150.22;1814;1924.01;3376.09;;;;;;;;;;;;;1
limpo;19697929000140;19697929;RS;1296511;soja;0.0;0.0;0;0.0;0.0;False;False;111;0.0;05;2135;02;False;0121101;True;0;1;2;1;1;0;0.0;False;0.0;;;;;;;;;;;;;;;;;0
limpo;45343294000192;45343294;TO;2599733;soja;0.0;0.0;0;0.0;0.0;False;False;299;0.0;05;4014;02;False;0121101;True;1;6;0;0;0;0;0.0;False;0.0;1134944.18;1648;688.68;2399.35;;3673.1;0.0845;644740.4;;;;;5;9421.43;212;1;1
passivo_ambiental_auto;22976798000144;22976798;TO;2625906;soja;0.0;0.0;0;0.0;0.0;False;False;289;1.0;03;2135;02;False;0311601;True;0;8;2;0;0;14;131929.74;False;0.0;7076252.67;3896;1816.29;5129.4;;4004.9;-0.3294;61983.79;1163.5;-0.1957;26;-0.2281;;;;;1
divida_ativa;94984077000197;94984077;GO;3355082;soja;20735.22;14751.85;6;0.0;5672.18;False;False;542;0.0;03;4014;02;False;0121101;True;0;3;1;0;0;0;0.0;False;0.0;344902.69;1555;221.8;1341.28;;3426.5;-0.1292;14743.52;1302.6;0.1067;12;-0.0223;;;;;0
limpo;44242563000161;44242563;TO;2782512;soja;0.0;0.0;0;0.0;0.0;False;False;52;311480.18;01;2135;02;False;0111301;True;0;3;0;0;0;0;0.0;False;0.0;;;;;;2863.3;-0.1129;5150.27;910.7;0.2631;25;0.1329;;;;;0
limpo;84725427000147;84725427;GO;3838683;soja;33221.94;10371.78;9;0.0;567.24;False;True;514;0.0;03;2062;02;False;0116401;True;0;7;0;0;0;0;0.0;False;0.0;8577457.59;2126;4034.55;3501.48;;;;;;;;;6;80662.4;783;2;1
limpo;70301444000142;70301444;MA;1813278;soja;0.0;0.0;0;0.0;0.0;False;False;191;1.0;05;4014;02;False;0113000;True;0;4;0;0;0;0;0.0;False;0.0;;;;;;3988.3;0.1576;4152.02;852.3;0.0456;18;-0.0187;;;;;0
limpo;82099745000114;82099745;BA;3889457;soja;0.0;0.0;0;0.0;0.0;False;False;226;0.0;01;2062;02;False;0151201;True;0;6;1;1;0;0;0.0;False;0.0;;;;;;3266.5;0.0304;5248.27;1073.2;0.0666;5;0.3658;;;;;0
situacao_irregular;63806099000133;63806099;GO;3355082;soja;0.0;0.0;0;0.0;0.0;False;False;213;0.0;03;2135;08;True;0210101;True;0;5;1;0;0;0;0.0;False;0.0;344902.69;1555;221.8;1341.28;;3426.5;-0.1292;14743.52;1302.6;0.1067;12;-0.0223;;;;;0
limpo;68115874000128;68115874;GO;3763424;soja;0.0;0.0;0;0.0;0.0;False;False;246;0.0;05;2062;02;False;0133403;True;0;1;1;1;0;0;0.0;False;0.0;2844536.11;3158;900.74;4170.84;;3496.6;-0.1391;1857.33;;;;;;;;;0
limpo;81004829000164;81004829;PI;1498259;soja;0.0;0.0;0;0.0;0.0;False;False;387;0.0;03;2135;02;False;0111301;True;0;8;2;2;0;0;0.0;False;0.0;5961831.05;452;13189.89;2292.48;;3510.9;-0.3402;43788.4;;;;;;;;;0
divida_ativa;65044458000198;65044458;SP;4469177;soja;7051.5;2818.83;7;0.0;571.12;True;True;441;0.0;03;2062;02;False;0133403;True;0;2;2;2;1;0;0.0;False;0.0;;;;;;;;;;;;;;;;;0
limpo;83514512000101;83514512;MT;3047606;soja;0.0;0.0;0;0.0;0.0;False;False;211;0.0;01;2054;02;False;0121101;True;0;1;0;0;0;0;0.0;False;0.0;3490150.22;1814;1924.01;3376.09;;;;;;;;;;;;;0
limpo;91844569000199;91844569;PR;4542087;soja;0.0;0.0;0;0.0;0.0;False;False;263;0.0;01;2062;02;False;0151201;True;3;1;0;0;0;0;0.0;False;0.0;2139970.45;3795;563.89;4484.0;;;;;;;;;;;;;0
grupo_societario;23052513000141;23052513;RS;3466531;soja;0.0;0.0;0;5352282.42;0.0;False;False;97;0.0;03;2135;02;False;0220901;True;0;1;11;6;3;0;0.0;False;0.0;3897875.17;1357;2872.42;4389.67;;;;;;;;;;;;;0
limpo;99430174000151;99430174;RS;4372021;soja;0.0;0.0;0;0.0;0.0;False;False;191;1.0;03;2135;02;False;0121101;True;0;3;0;0;0;0;0.0;False;0.0;4702656.59;2724;1726.38;4444.47;;2871.3;-0.1436;6684.69;1363.1;-0.0476;4;-0.0304;;;;;0
divida_ativa;86183837000139;86183837;BA;3889457;soja;1041684.79;488521.47;6;0.0;255857.88;False;True;506;0.0;01;2062;02;False;0210101;True;0;2;0;0;0;0;0.0;False;0.0;;;;;;3266.5;0.0304;5248.27;1073.2;0.0666;5;0.3658;;;;;0
limpo;37595424000156;37595424;BA;3797806;soja;0.0;0.0;0;0.0;0.0;False;False;354;0.0;05;4014;02;False;0220901;True;0;2;1;0;0;0;0.0;False;0.0;4577751.8;3577;1279.77;1116.86;;3266.8;-0.1381;29664.1;1160.2;-0.1501;25;-0.5722;5;4020.42;622;2;0
limpo;74270076000173;74270076;MT;5020745;soja;0.0;0.0;0;0.0;0.0;False;False;205;13604.89;03;2062;02;False;0113000;True;0;3;2;1;1;0;0.0;False;0.0;16832610.2;2938;5729.28;2659.43;;2865.5;-0.0685;23248.53;1087.1;-0.1985;10;0.5319;;;;;0
limpo;57063469000197;57063469;GO;3763424;soja;0.0;0.0;0;0.0;0.0;False;False;402;0.0;03;4014;02;False;0151201;True;2;2;1;1;0;0;0.0;False;0.0;2844536.11;3158;900.74;4170.84;;3496.6;-0.1391;1857.33;;;;;;;;;0
limpo;69505755000144;69505755;RS;2897684;soja;0.0;0.0;0;0.0;0.0;False;False;379;0.0;03;2135;02;False;0311601;True;0;5;2;2;1;0;0.0;False;0.0;25576731.08;1000;25576.73;5293.87;;3022.4;-0.1789;34484.31;791.9;0.1416;23;-0.3386;2;56622.8;235;2;0
limpo;56895356000195;56895356;TO;2395181;soja;0.0;0.0;0;1095322.01;0.0;False;False;552;0.0;03;4014;02;False;0116401;True;0;2;0;0;0;0;0.0;False;0.0;5222030.27;3113;1677.49;5412.59;;4009.6;0.3374;16612.29;725.4;0.2591;36;-0.1239;;;;;0
limpo;80445740000170;80445740;GO;3838683;soja;156301.47;71679.55;1;0.0;62579.8;True;True;401;0.0;05;2240;02;False;0115600;True;0;1;0;0;0;0;0.0;False;0.0;8577457.59;2126;4034.55;3501.48;;;;;;;;;;;;;0
limpo;79326850000134;79326850;TO;2782512;soja;0.0;0.0;0;0.0;0.0;False;False;410;0.0;05;2054;02;False;0151201;True;0;7;2;1;0;0;0.0;False;0.0;;;;;;2863.3;-0.1129;5150.27;910.7;0.2631;25;0.1329;;;;;0
situacao_irregular;36382643000194;36382643;GO;2092240;soja;0.0;0.0;0;0.0;0.0;False;False;296;1.0;01;2062;08;True;0111301;True;0;8;1;1;0;0;0.0;False;0.0;3025600.14;2445;1237.46;6478.28;;;;;;;;;;;;;0
limpo;90037318000130;90037318;MA;1849363;soja;0.0;0.0;0;0.0;0.0;False;False;486;0.0;01;2135;02;False;0115600;True;0;5;2;1;0;0;0.0;False;0.0;1890436.06;790;2392.96;3254.5;;2951.6;0.2319;11567.52;1244.5;-0.2244;14;0.2749;;;;;0
passivo_ambiental_auto;59822262000184;59822262;RS;5323473;soja;0.0;0.0;0;1861208.88;0.0;False;False;193;0.0;01;2054;02;False;0115600;True;0;8;1;1;0;9;16222.86;False;0.0;5770153.78;3796;1520.06;6107.33;;4184.9;0.3046;1406.53;1150.1;-0.4716;32;0.0109;;;;;0
limpo;95430781000160;95430781;MA;2547930;soja;0.0;0.0;0;0.0;0.0;False;False;250;1.0;03;2062;02;False;0116401;True;0;3;2;0;1;0;0.0;False;0.0;3056399.2;3421;893.42;2943.06;;3413.0;0.1153;12947.73;1079.8;-0.105;39;-0.2894;;;;;0
limpo;88953537000117;88953537;MT;4091416;soja;0.0;0.0;0;0.0;0.0;False;False;260;0.0;05;2054;02;False;0115600;True;0;1;2;1;0;0;0.0;False;0.0;9930345.71;3827;2594.81;2854.45;;2593.6;0.1175;64737.72;;;;;6;402141.35;417;3;0
passivo_ambiental_auto;45880174000124;45880174;TO;2395181;soja;110921.03;84449.93;5;0.0;31568.22;False;True;16;0.0;05;2240;02;False;0133403;True;0;6;0;0;0;8;17433.11;False;0.0;5222030.27;3113;1677.49;5412.59;;4009.6;0.3374;16612.29;725.4;0.2591;36;-0.1239;;;;;1
passivo_ambiental_auto;93240636000191;93240636;GO;2631798;soja;0.0;0.0;0;0.0;0.0;False;False;468;0.0;05;2135;02;False;0121101;True;1;5;0;0;0;9;6791.56;False;0.0;14413700.4;13;1108746.18;6417.73;;3194.9;-0.0821;19788.09;1403.2;-0.2716;20;0.8262;1;28776.21;507;1;0
passivo_ambiental_auto;45043234000154;45043234;BA;3889457;soja;0.0;0.0;0;0.0;0.0;False;False;226;0.0;01;2062;02;False;0133403;True;0;6;0;0;0;9;39276.53;False;0.0;;;;;;3266.5;0.0304;5248.27;1073.2;0.0666;5;0.3658;;;;;0
limpo;93122888000116;93122888;MT;4872493;soja;0.0;0.0;0;0.0;0.0;False;False;44;1.0;05;4014;02;False;0311601;True;0;4;2;0;0;0;0.0;False;0.0;12871579.85;766;16803.63;1283.72;;2678.2;-0.0379;315502.18;1164.2;-0.4814;30;-0.3935;;;;;0
situacao_irregular;58078997000182;58078997;SP;1144522;soja;0.0;0.0;0;0.0;0.0;False;False;367;0.0;01;2135;04;True;0133403;True;0;3;0;0;0;0;0.0;False;0.0;22685314.17;3452;6571.64;4478.12;;3859.7;-0.1003;15013.11;975.4;-0.3231;19;-0.3987;0;0.0;;0;0
limpo;38857058000129;38857058;PR;4168991;soja;0.0;0.0;0;0.0;0.0;False;False;550;0.0;01;2054;02;False;0220901;True;0;1;1;1;0;0;0.0;False;0.0;;;;;;3272.2;-0.2374;11409.04;801.1;0.1095;21;-0.0934;6;15219.88;60;2;0
divida_ativa;39194304000172;39194304;GO;2631798;soja;5083.82;4191.89;8;0.0;861.86;False;False;283;1.0;03;2240;02;False;0116401;True;0;2;1;1;0;0;0.0;False;0.0;14413700.4;13;1108746.18;6417.73;;3194.9;-0.0821;19788.09;1403.2;-0.2716;20;0.8262;;;;;0
limpo;35205271000168;35205271;GO;2856025;soja;0.0;0.0;0;0.0;0.0;False;False;106;0.0;01;2240;02;False;0210101;True;0;7;1;0;0;0;0.0;False;0.0;4215365.78;477;8837.24;5811.42;;1816.6;-0.0367;157568.54;1022.2;-0.0563;11;-0.2071;;;;;0
limpo;17199117000149;17199117;MT;1342092;soja;0.0;0.0;0;0.0;0.0;False;False;316;0.0;05;2054;02;False;0121101;True;0;6;1;0;0;0;0.0;False;0.0;722846.84;2362;306.03;1988.84;;3594.8;0.0837;14558.01;663.4;-0.0379;31;0.4066;;;;;0
limpo;25452308000107;25452308;GO;2631798;soja;0.0;0.0;0;0.0;0.0;False;False;301;0.0;03;2062;02;False;0116401;True;1;1;2;1;1;0;0.0;False;0.0;14413700.4;13;1108746.18;6417.73;;3194.9;-0.0821;19788.09;1403.2;-0.2716;20;0.8262;4;105060.77;363;3;0
limpo;54646354000137;54646354;SP;4469177;soja;0.0;0.0;0;0.0;0.0;False;False;463;0.0;03;2240;02;False;0133403;True;1;8;0;0;0;0;0.0;False;0.0;;;;;;;;;;;;;;;;;0
limpo;87097872000106;87097872;GO;2856025;soja;0.0;0.0;0;0.0;0.0;False;False;301;1.0;01;2054;02;False;0311601;True;0;1;2;0;1;0;0.0;False;0.0;4215365.78;477;8837.24;5811.42;;1816.6;-0.0367;157568.54;1022.2;-0.0563;11;-0.2071;0;0.0;;0;0
situacao_irregular;90509888000185;90509888;MT;4872493;soja;0.0;0.0;0;0.0;0.0;False;False;114;0.0;01;2135;04;True;0311601;True;0;7;2;2;1;0;0.0;False;0.0;12871579.85;766;16803.63;1283.72;;2678.2;-0.0379;315502.18;1164.2;-0.4814;30;-0.3935;;;;;1
limpo;39661697000187;39661697;MT;4872493;soja;0.0;0.0;0;0.0;0.0;False;False;27;0.0;01;2135;02;False;0113000;True;0;8;0;0;0;13;41142.36;False;0.0;12871579.85;766;16803.63;1283.72;;2678.2;-0.0379;315502.18;1164.2;-0.4814;30;-0.3935;;;;;0
passivo_ambiental_auto;47987212000178;47987212;TO;1926828;soja;0.0;0.0;0;0.0;0.0;False;False;56;0.0;03;2240;02;False;0210101;True;0;5;0;0;0;12;16675.9;False;0.0;1592038.63;3955;402.54;2086.07;;2103.1;-0.0625;2779.51;847.2;0.0075;25;0.3455;;;;;0
situacao_irregular;35143995000124;35143995;MT;4091416;soja;0.0;0.0;0;0.0;0.0;False;False;501;0.0;03;2054;03;True;0220901;True;0;6;2;0;1;0;0.0;False;0.0;9930345.71;3827;2594.81;2854.45;;2593.6;0.1175;64737.72;;;;;;;;;0
limpo;77476898000101;77476898;MT;1342092;soja;0.0;0.0;0;0.0;0.0;False;False;343;0.0;05;2240;02;False;0113000;True;0;8;1;0;0;0;0.0;False;0.0;722846.84;2362;306.03;1988.84;;3594.8;0.0837;14558.01;663.4;-0.0379;31;0.4066;;;;;0
situacao_irregular;92686518000149;92686518;MS;2167433;soja;0.0;0.0;0;0.0;0.0;False;False;536;237215.75;05;2240;08;True;0115600;True;2;1;2;1;1;0;0.0;False;0.0;45698908.98;37;1235105.65;4640.03;;3388.1;-0.041;1178.06;747.3;0.3091;29;-0.1134;;;;;0
limpo;20506415000149;20506415;MT;3047606;soja;0.0;0.0;0;0.0;0.0;False;False;39;0.0;01;2135;02;False;0116401;True;1;7;0;0;0;0;0.0;False;0.0;3490150.22;1814;1924.01;3376.09;;;;;;;;;;;;;0
limpo;10327349000196;10327349;MT;1342092;soja;0.0;0.0;0;0.0;0.0;False;False;70;0.0;05;2135;02;False;0220901;True;0;8;2;2;0;0;0.0;False;0.0;722846.84;2362;306.03;1988.84;;3594.8;0.0837;14558.01;663.4;-0.0379;31;0.4066;;;;;0
divida_ativa;68019225000123;68019225;BA;1993507;soja;694749.7;513523.02;9;0.0;76424.48;True;True;420;0.0;03;2240;02;False;0113000;True;0;7;2;1;1;0;0.0;False;0.0;;;;;;3041.8;-0.0835;4445.58;1427.8;0.2926;16;-0.2083;;;;;0
limpo;85001568000180;85001568;PI;1498259;soja;0.0;0.0;0;0.0;0.0;False;False;251;0.0;05;2240;02;False;0220901;True;0;8;0;0;0;0;0.0;False;0.0;5961831.05;452;13189.89;2292.48;;3510.9;-0.3402;43788.4;;;;;;;;;0
limpo;86031434000174;86031434;TO;5373788;soja;0.0;0.0;0;0.0;0.0;False;False;399;1.0;01;4014;02;False;0311601;True;0;4;1;0;0;0;0.0;False;0.0;;;;;;;;;;;;;;;;;0
limpo;97723966000199;97723966;MT;3486350;soja;0.0;0.0;0;0.0;0.0;False;False;17;1.0;05;2054;02;False;0151201;True;1;7;0;0;0;0;0.0;False;0.0;65163087.4;3987;16343.89;5719.93;;2279.5;0.0795;14132.81;;;;;;;;;0
passivo_ambiental_embargo;79707411000171;79707411;GO;3763424;soja;0.0;0.0;0;0.0;0.0;False;False;155;0.0;05;2135;02;False;0151201;True;0;8;0;0;0;11;5552.02;True;416.43;2844536.11;3158;900.74;4170.84;;3496.6;-0.1391;1857.33;;;;;;;;;0
limpo;40924274000191;40924274;BA;1287110;soja;0.0;0.0;0;0.0;0.0;False;False;214;0.0;03;2240;02;False;0220901;True;2;8;1;0;0;0;0.0;False;0.0;7170659.32;281;25518.36;5970.35;;3173.5;-0.0805;35165.31;;;;;2;40897.72;397;2;0
limpo;97473200000101;97473200;RS;5323473;soja;0.0;0.0;0;0.0;0.0;False;False;8;0.0;03;2240;02;False;0111301;True;1;3;1;1;0;0;0.0;False;0.0;5770153.78;3796;1520.06;6107.33;;4184.9;0.3046;1406.53;1150.1;-0.4716;32;0.0109;;;;;0
limpo;90752682000181;90752682;PI;1498259;soja;0.0;0.0;0;0.0;0.0;False;False;267;9989.06;03;2135;02;False;0151201;True;1;3;0;0;0;0;0.0;False;0.0;5961831.05;452;13189.89;2292.48;;3510.9;-0.3402;43788.4;;;;;;;;;0
limpo;78464673000190;78464673;GO;2631798;soja;0.0;0.0;0;0.0;0.0;False;False;339;0.0;05;2062;02;False;0311601;True;2;6;2;2;0;0;0.0;False;0.0;14413700.4;13;1108746.18;6417.73;;3194.9;-0.0821;19788.09;1403.2;-0.2716;20;0.8262;6;13744.34;106;1;0
limpo;82937007000107;82937007;MT;3047606;soja;0.0;0.0;0;0.0;0.0;False;False;518;1.0;03;2054;02;False;0121101;True;0;4;0;0;0;0;0.0;False;0.0;3490150.22;1814;1924.01;3376.09;;;;;;;;;;;;;0
limpo;16391511000111;16391511;GO;2856025;soja;0.0;0.0;0;0.0;0.0;False;False;523;0.0;01;2054;02;False;0115600;True;0;3;0;0;0;0;0.0;False;0.0;4215365.78;477;8837.24;5811.42;;1816.6;-0.0367;157568.54;1022.2;-0.0563;11;-0.2071;;;;;0
limpo;56918723000129;56918723;TO;2599733;soja;0.0;0.0;0;0.0;0.0;False;False;27;0.0;01;2054;02;False;0115600;True;0;6;1;1;0;0;0.0;False;0.0;1134944.18;1648;688.68;2399.35;;3673.1;0.0845;644740.4;;;;;;;;;0
limpo;77618917000189;77618917;GO;2631798;soja;0.0;0.0;0;0.0;0.0;False;False;381;0.0;01;2054;02;False;0111301;True;0;3;0;0;0;0;0.0;False;0.0;14413700.4;13;1108746.18;6417.73;;3194.9;-0.0821;19788.09;1403.2;-0.2716;20;0.8262;;;;;0
limpo;83787492000134;83787492;GO;2092240;soja;0.0;0.0;0;0.0;0.0;False;False;250;147649.57;01;2062;02;False;0151201;True;0;3;0;0;0;0;0.0;False;0.0;3025600.14;2445;1237.46;6478.28;;;;;;;;;;;;;0
divida_ativa;34107548000157;34107548;RS;2897684;soja;5469.38;1100.69;2;0.0;2594.77;True;True;155;0.0;03;2240;02;False;0210101;True;0;8;1;0;0;0;0.0;False;0.0;25576731.08;1000;25576.73;5293.87;;3022.4;-0.1789;34484.31;791.9;0.1416;23;-0.3386;;;;;0
limpo;73494290000140;73494290;PI;4630374;soja;0.0;0.0;0;0.0;0.0;False;False;370;1.0;05;2054;02;False;0220901;True;0;7;2;2;0;0;0.0;False;0.0;13048266.74;1086;12014.98;3730.29;;4454.7;0.2245;24466.93;1518.2;0.2463;22;-0.0198;;;;;0
divida_ativa;33868034000151;33868034;PR;4542087;soja;776455.31;297437.91;4;0.0;370734.9;True;False;241;1.0;01;2062;02;False;0210101;True;0;5;2;2;1;0;0.0;False;0.0;2139970.45;3795;563.89;4484.0;;;;;;;;;0;0.0;;0;0
limpo;17524922000109;17524922;BA;1993507;soja;0.0;0.0;0;0.0;0.0;False;False;38;0.0;01;2054;02;False;0151201;True;0;6;0;0;0;0;0.0;False;0.0;;;;;;3041.8;-0.0835;4445.58;1427.8;0.2926;16;-0.2083;;;;;0
limpo;24813451000106;24813451;PA;3572518;soja;0.0;0.0;0;0.0;0.0;False;False;72;0.0;03;4014;02;False;0220901;True;0;6;0;0;0;0;0.0;False;0.0;8421494.89;3910;2153.84;5580.08;;;;;;;;;;;;;0
limpo;48175976000121;48175976;GO;3838683;soja;0.0;0.0;0;0.0;0.0;False;False;12;0.0;05;2240;02;False;0151201;True;0;1;0;0;0;0;0.0;False;0.0;8577457.59;2126;4034.55;3501.48;;;;;;;;;;;;;1
situacao_irregular;26041432000134;26041432;MA;1849363;soja;0.0;0.0;0;0.0;0.0;False;False;104;1.0;01;2240;04;True;0133403;True;0;3;1;1;0;0;0.0;False;0.0;1890436.06;790;2392.96;3254.5;;2951.6;0.2319;11567.52;1244.5;-0.2244;14;0.2749;;;;;0
passivo_ambiental_auto;40061384000177;40061384;PA;3572518;soja;0.0;0.0;0;0.0;0.0;False;False;558;0.0;05;2062;02;False;0133403;True;0;8;2;1;0;14;52231.51;False;0.0;8421494.89;3910;2153.84;5580.08;;;;;;;;;;;;;0
grupo_societario;85538332000187;85538332;RS;2897684;soja;0.0;0.0;0;0.0;0.0;False;False;91;1.0;05;4014;02;False;0116401;True;0;2;5;3;2;0;0.0;False;0.0;25576731.08;1000;25576.73;5293.87;;3022.4;-0.1789;34484.31;791.9;0.1416;23;-0.3386;;;;;0
limpo;77050835000180;77050835;MS;2167433;soja;84879.49;3663.43;6;0.0;28956.36;True;False;369;1.0;05;2240;02;False;0311601;True;0;6;1;1;0;0;0.0;False;0.0;45698908.98;37;1235105.65;4640.03;;3388.1;-0.041;1178.06;747.3;0.3091;29;-0.1134;;;;;0
passivo_ambiental_auto;10900128000165;10900128;MS;2167433;soja;0.0;0.0;0;0.0;0.0;False;False;334;0.0;05;2135;02;False;0133403;True;0;3;1;1;0;3;127764.6;False;0.0;45698908.98;37;1235105.65;4640.03;;3388.1;-0.041;1178.06;747.3;0.3091;29;-0.1134;;;;;0
limpo;18704674000132;18704674;GO;3763424;soja;0.0;0.0;0;0.0;0.0;False;False;231;0.0;01;4014;02;False;0111301;True;0;1;0;0;0;0;0.0;False;0.0;2844536.11;3158;900.74;4170.84;;3496.6;-0.1391;1857.33;;;;;;;;;0
limpo;16571117000165;16571117;PR;4542087;soja;312.78;127.06;3;0.0;-7.58;False;False;542;0.0;03;2054;02;False;0115600;True;0;8;0;0;0;0;0.0;False;0.0;2139970.45;3795;563.89;4484.0;;;;;;;;;;;;;0
limpo;23496493000106;23496493;MS;2167433;soja;0.0;0.0;0;0.0;0.0;False;False;319;0.0;03;2054;02;False;0116401;True;0;6;2;1;0;0;0.0;False;0.0;45698908.98;37;1235105.65;4640.03;;3388.1;-0.041;1178.06;747.3;0.3091;29;-0.1134;;;;;0
limpo;57526653000126;57526653;SP;1144522;soja;0.0;0.0;0;0.0;0.0;False;False;476;1.0;05;4014;02;False;0311601;True;0;1;0;0;0;0;0.0;False;0.0;22685314.17;3452;6571.64;4478.12;;3859.7;-0.1003;15013.11;975.4;-0.3231;19;-0.3987;;;;;0
limpo;72676402000111;72676402;MT;5020745;soja;0.0;0.0;0;0.0;0.0;False;False;560;0.0;01;2062;02;False;0133403;True;0;5;2;2;1;0;0.0;False;0.0;16832610.2;2938;5729.28;2659.43;;2865.5;-0.0685;23248.53;1087.1;-0.1985;10;0.5319;;;;;0
limpo;91498722000173;91498722;GO;2631798;soja;0.0;0.0;0;0.0;0.0;False;False;320;0.0;01;2240;02;False;0121101;True;0;8;2;0;0;0;0.0;False;0.0;14413700.4;13;1108746.18;6417.73;;3194.9;-0.0821;19788.09;1403.2;-0.2716;20;0.8262;;;;;0
passivo_ambiental_auto;92092132000109;92092132;GO;3355082;soja;0.0;0.0;0;0.0;0.0;False;False;158;0.0;03;2062;02;False;0311601;True;0;7;2;2;0;7;129027.07;False;0.0;344902.69;1555;221.8;1341.28;;3426.5;-0.1292;14743.52;1302.6;0.1067;12;-0.0223;;;;;1
limpo;84506012000182;84506012;PR;4168991;soja;0.0;0.0;0;0.0;0.0;False;False;494;0.0;01;2240;02;False;0210101;True;0;3;1;0;0;0;0.0;False;0.0;;;;;;3272.2;-0.2374;11409.04;801.1;0.1095;21;-0.0934;;;;;0
divida_ativa;75895494000119;75895494;MG;2246509;soja;163502.09;30459.88;3;0.0;62718.57;False;True;383;0.0;01;4014;02;False;0113000;True;1;3;2;2;0;0;0.0;False;0.0;18573077.57;406;45746.5;1183.29;;3809.0;-0.3511;358203.19;;;;;;;;;1
limpo;67915145000193;67915145;TO;1628136;soja;0.0;0.0;0;0.0;0.0;False;False;455;0.0;05;2062;02;False;0210101;True;0;8;0;0;0;0;0.0;False;0.0;22713744.04;630;36053.56;4855.95;;;;;;;;;;;;;0
divida_ativa;85503366000136;85503366;GO;2856025;soja;140984.08;29843.92;6;0.0;-14365.14;False;True;344;0.0;01;4014;02;False;0113000;True;1;8;1;0;0;0;0.0;False;0.0;4215365.78;477;8837.24;5811.42;;1816.6;-0.0367;157568.54;1022.2;-0.0563;11;-0.2071;;;;;0
limpo;35245706000106;35245706;BA;3889457;soja;0.0;0.0;0;0.0;0.0;False;False;268;0.0;05;2062;02;False;0121101;True;0;8;1;0;0;0;0.0;False;0.0;;;;;;3266.5;0.0304;5248.27;1073.2;0.0666;5;0.3658;;;;;0
limpo;46544280000108;46544280;PI;4630374;soja;0.0;0.0;0;0.0;0.0;False;False;75;0.0;01;2054;02;False;0311601;True;0;4;2;1;1;0;0.0;False;0.0;13048266.74;1086;12014.98;3730.29;;4454.7;0.2245;24466.93;1518.2;0.2463;22;-0.0198;;;;;0
limpo;10187483000139;10187483;TO;2782512;soja;0.0;0.0;0;0.0;0.0;False;False;122;0.0;01;4014;02;False;0116401;True;0;6;0;0;0;0;0.0;False;0.0;;;;;;2863.3;-0.1129;5150.27;910.7;0.2631;25;0.1329;;;;;0
divida_ativa;95115640000153;95115640;TO;5373788;soja;2065401.68;1031636.13;4;0.0;-9201.3;True;True;427;0.0;05;2135;02;False;0121101;True;0;6;0;0;0;0;0.0;False;0.0;;;;;;;;;;;;;;;;;0
limpo;31832713000145;31832713;GO;2631798;soja;99921.38;38908.01;3;0.0;-9995.45;True;True;91;1.0;01;2240;02;False;0116401;True;0;7;0;0;0;0;0.0;False;0.0;14413700.4;13;1108746.18;6417.73;;3194.9;-0.0821;19788.09;1403.2;-0.2716;20;0.8262;;;;;0
situacao_irregular;44787630000123;44787630;TO;2625906;soja;0.0;0.0;0;0.0;0.0;False;False;544;1.0;01;2062;04;True;0133403;True;0;6;0;0;0;0;0.0;False;0.0;7076252.67;3896;1816.29;5129.4;;4004.9;-0.3294;61983.79;1163.5;-0.1957;26;-0.2281;;;;;0
limpo;20007089000125;20007089;TO;1926828;soja;0.0;0.0;0;0.0;0.0;False;False;304;0.0;03;2240;02;False;0121101;True;0;1;0;0;0;0;0.0;False;0.0;1592038.63;3955;402.54;2086.07;;2103.1;-0.0625;2779.51;847.2;0.0075;25;0.3455;;;;;0
limpo;99181984000111;99181984;MT;4872493;soja;0.0;0.0;0;0.0;0.0;False;False;451;0.0;05;2062;02;False;0113000;True;0;2;1;1;0;0;0.0;False;0.0;12871579.85;766;16803.63;1283.72;;2678.2;-0.0379;315502.18;1164.2;-0.4814;30;-0.3935;;;;;0
limpo;68954438000142;68954438;MT;4881066;soja;0.0;0.0;0;0.0;0.0;False;False;343;0.0;03;4014;02;False;0113000;True;0;2;1;0;0;0;0.0;False;0.0;;;;;;;;;;;;;;;;;0
situacao_irregular;46283710000177;46283710;MT;1342092;soja;0.0;0.0;0;0.0;0.0;False;False;376;0.0;03;4014;08;True;0311601;True;0;2;0;0;0;0;0.0;False;0.0;722846.84;2362;306.03;1988.84;;3594.8;0.0837;14558.01;663.4;-0.0379;31;0.4066;;;;;0
limpo;30647550000168;30647550;SP;1144522;soja;10665.0;325.59;8;0.0;-2832.98;True;False;315;0.0;03;4014;02;False;0220901;True;0;7;0;0;0;0;0.0;False;0.0;22685314.17;3452;6571.64;4478.12;;3859.7;-0.1003;15013.11;975.4;-0.3231;19;-0.3987;;;;;0
limpo;19945916000142;19945916;TO;2625906;soja;0.0;0.0;0;0.0;0.0;False;False;400;0.0;05;2240;02;False;0311601;True;2;7;0;0;0;0;0.0;False;0.0;7076252.67;3896;1816.29;5129.4;;4004.9;-0.3294;61983.79;1163.5;-0.1957;26;-0.2281;;;;;0
divida_ativa;87405259000109;87405259;MG;2246509;soja;65070.68;42597.31;2;0.0;-16312.63;True;True;110;0.0;05;2135;02;False;0116401;True;0;5;1;0;0;0;0.0;False;0.0;18573077.57;406;45746.5;1183.29;;3809.0;-0.3511;358203.19;;;;;1;66532.69;746;1;0
limpo;20961980000104;20961980;PI;4630374;soja;0.0;0.0;0;0.0;0.0;False;False;265;0.0;05;2054;02;False;0133403;True;1;8;0;0;0;0;0.0;False;0.0;13048266.74;1086;12014.98;3730.29;;4454.7;0.2245;24466.93;1518.2;0.2463;22;-0.0198;3;11368.6;140;3;0
limpo;95158534000157;95158534;TO;1926828;soja;0.0;0.0;0;0.0;0.0;False;False;410;1.0;03;2062;02;False;0220901;True;0;8;2;1;0;0;0.0;False;0.0;1592038.63;3955;402.54;2086.07;;2103.1;-0.0625;2779.51;847.2;0.0075;25;0.3455;;;;;0
limpo;33954930000133;33954930;RS;5323473;soja;0.0;0.0;0;0.0;0.0;False;False;385;1.0;01;4014;02;False;0133403;True;2;3;0;0;0;0;0.0;False;0.0;5770153.78;3796;1520.06;6107.33;;4184.9;0.3046;1406.53;1150.1;-0.4716;32;0.0109;2;70677.79;820;2;0
limpo;34541291000147;34541291;GO;2092240;soja;0.0;0.0;0;0.0;0.0;False;False;218;0.0;03;2054;02;False;0116401;True;0;6;0;0;0;0;0.0;False;0.0;3025600.14;2445;1237.46;6478.28;;;;;;;;;;;;;0
limpo;23877852000167;23877852;BA;1287110;soja;0.0;0.0;0;0.0;0.0;False;False;176;1.0;03;4014;02;False;0121101;True;0;8;2;2;0;0;0.0;False;0.0;7170659.32;281;25518.36;5970.35;;3173.5;-0.0805;35165.31;;;;;;;;;0
passivo_ambiental_auto;57282459000142;57282459;TO;1628136;soja;0.0;0.0;0;0.0;0.0;False;False;382;0.0;01;2062;02;False;0121101;True;0;3;1;0;0;13;43599.05;False;0.0;22713744.04;630;36053.56;4855.95;;;;;;;;;;;;;0
limpo;72986089000118;72986089;MA;2547930;soja;0.0;0.0;0;0.0;0.0;False;False;310;0.0;05;4014;02;False;0311601;True;0;7;0;0;0;0;0.0;False;0.0;3056399.2;3421;893.42;2943.06;;3413.0;0.1153;12947.73;1079.8;-0.105;39;-0.2894;;;;;0
limpo;77722074000166;77722074;MT;5020745;soja;0.0;0.0;0;0.0;0.0;False;False;339;140700.92;03;2062;02;False;0311601;True;1;5;0;0;0;0;0.0;False;0.0;16832610.2;2938;5729.28;2659.43;;2865.5;-0.0685;23248.53;1087.1;-0.1985;10;0.5319;;;;;0
limpo;32993497000182;32993497;MT;5020745;soja;0.0;0.0;0;0.0;0.0;False;False;199;0.0;05;2240;02;False;0311601;True;0;5;1;0;0;0;0.0;False;0.0;16832610.2;2938;5729.28;2659.43;;2865.5;-0.0685;23248.53;1087.1;-0.1985;10;0.5319;;;;;0
limpo;23354960000155;23354960;TO;4589069;soja;10260.0;8276.61;7;0.0;3129.79;False;True;349;1.0;03;2062;02;False;0133403;True;0;3;1;0;0;0;0.0;False;0.0;2443446.14;2744;890.47;4703.19;;2024.4;-0.0039;12496.35;1038.3;-0.1626;18;-0.1071;;;;;0
passivo_ambiental_auto;75345837000171;75345837;BA;1993507;soja;0.0;0.0;0;0.0;0.0;False;False;182;0.0;05;2062;02;False;0113000;True;0;8;1;0;0;14;1092556.84;False;0.0;;;;;;3041.8;-0.0835;4445.58;1427.8;0.2926;16;-0.2083;;;;;0
limpo;52970787000118;52970787;TO;5373788;soja;0.0;0.0;0;0.0;0.0;False;False;439;0.0;03;2135;02;False;0111301;True;0;4;0;0;0;0;0.0;False;0.0;;;;;;;;;;;;;1;60766.22;19;1;0
limpo;67980012000109;67980012;RS;2897684;soja;0.0;0.0;0;846186.13;0.0;False;False;246;1.0;05;2062;02;False;0220901;True;1;4;2;2;1;0;0.0;False;0.0;25576731.08;1000;25576.73;5293.87;;3022.4;-0.1789;34484.31;791.9;0.1416;23;-0.3386;;;;;0
divida_ativa;15024377000158;15024377;MT;4091416;soja;115781.42;29272.68;9;0.0;-30516.17;False;False;70;0.0;05;2054;02;False;0220901;True;0;4;0;0;0;0;0.0;False;0.0;9930345.71;3827;2594.81;2854.45;;2593.6;0.1175;64737.72;;;;;1;42867.24;780;1;1
limpo;11442173000186;11442173;GO;3838683;soja;0.0;0.0;0;0.0;0.0;False;False;267;0.0;01;2240;02;False;0151201;True;0;1;0;0;0;0;0.0;False;0.0;8577457.59;2126;4034.55;3501.48;;;;;;;;;;;;;0
passivo_ambiental_auto;12793163000158;12793163;PR;4542087;soja;0.0;0.0;0;0.0;0.0;False;False;130;0.0;03;2240;02;False;0133403;True;0;3;1;0;0;1;140548.93;False;0.0;2139970.45;3795;563.89;4484.0;;;;;;;;;5;135.4;700;1;0
grupo_societario;66809428000198;66809428;GO;3838683;soja;0.0;0.0;0;0.0;0.0;False;False;84;0.0;05;4014;02;False;0311601;True;0;8;17;15;6;0;0.0;False;0.0;8577457.59;2126;4034.55;3501.48;;;;;;;;;;;;;0
situacao_irregular;18531907000142;18531907;RS;5323473;soja;0.0;0.0;0;0.0;0.0;False;False;551;53780.61;05;2135;03;True;0115600;True;0;8;0;0;0;0;0.0;False;0.0;5770153.78;3796;1520.06;6107.33;;4184.9;0.3046;1406.53;1150.1;-0.4716;32;0.0109;;;;;0
limpo;88776235000110;88776235;MG;2246509;soja;0.0;0.0;0;0.0;0.0;False;False;473;1.0;01;2240;02;False;0111301;True;0;1;2;1;1;0;0.0;False;0.0;18573077.57;406;45746.5;1183.29;;3809.0;-0.3511;358203.19;;;;;;;;;0
limpo;94071105000185;94071105;PA;3572518;soja;0.0;0.0;0;0.0;0.0;False;False;114;1.0;05;2240;02;False;0116401;True;0;3;1;0;0;0;0.0;False;0.0;8421494.89;3910;2153.84;5580.08;;;;;;;;;;;;;0
limpo;41613410000195;41613410;TO;5373788;soja;0.0;0.0;0;0.0;0.0;False;False;239;0.0;03;2054;02;False;0115600;True;0;1;2;2;1;0;0.0;False;0.0;;;;;;;;;;;;;;;;;0
divida_ativa;36470396000188;36470396;PR;4542087;soja;319320.45;17616.85;6;0.0;69964.61;False;False;333;0.0;01;2054;02;False;0220901;True;0;7;2;1;1;0;0.0;False;0.0;2139970.45;3795;563.89;4484.0;;;;;;;;;;;;;0
passivo_ambiental_auto;82215395000104;82215395;BA;3889457;soja;0.0;0.0;0;0.0;0.0;False;False;114;1.0;01;2062;02;False;0133403;True;1;1;2;1;0;3;125336.68;False;0.0;;;;;;3266.5;0.0304;5248.27;1073.2;0.0666;5;0.3658;;;;;0
passivo_ambiental_embargo;33325403000160;33325403;PR;4542087;soja;0.0;0.0;0;0.0;0.0;False;False;21;1.0;03;2062;02;False;0115600;True;2;5;0;0;0;12;5713.92;True;1658.1;2139970.45;3795;563.89;4484.0;;;;;;;;;;;;;0
limpo;44509009000106;44509009;TO;2599733;soja;0.0;0.0;0;0.0;0.0;False;False;515;0.0;03;4014;02;False;0220901;True;0;2;1;0;0;0;0.0;False;0.0;1134944.18;1648;688.68;2399.35;;3673.1;0.0845;644740.4;;;;;;;;;0
limpo;11849485000109;11849485;BA;3889457;soja;0.0;0.0;0;0.0;0.0;False;False;235;1.0;01;2054;02;False;0116401;True;0;7;1;1;0;0;0.0;False;0.0;;;;;;3266.5;0.0304;5248.27;1073.2;0.0666;5;0.3658;;;;;0
limpo;18031842000176;18031842;PI;1498259;soja;0.0;0.0;0;0.0;0.0;False;False;109;1.0;03;4014;02;False;0311601;True;1;3;0;0;0;0;0.0;False;0.0;5961831.05;452;13189.89;2292.48;;3510.9;-0.3402;43788.4;;;;;;;;;0
limpo;72695253000138;72695253;RS;4372021;soja;1244569.32;116049.29;7;0.0;-86211.48;True;True;276;397941.18;05;2054;02;False;0210101;True;0;2;0;0;0;0;0.0;False;0.0;4702656.59;2724;1726.38;4444.47;;2871.3;-0.1436;6684.69;1363.1;-0.0476;4;-0.0304;;;;;0
limpo;73703699000120;73703699;MT;4091416;soja;232670.32;196112.2;6;0.0;80236.88;False;True;344;0.0;01;2240;02;False;0111301;True;1;3;0;0;0;0;0.0;False;0.0;9930345.71;3827;2594.81;2854.45;;2593.6;0.1175;64737.72;;;;;;;;;0
passivo_ambiental_auto;44605956000192;44605956;PR;4542087;soja;0.0;0.0;0;223721.63;0.0;False;False;146;0.0;01;2054;02;False;0111301;True;0;7;0;0;0;2;40579.97;False;0.0;2139970.45;3795;563.89;4484.0;;;;;;;;;;;;;0
passivo_ambiental_auto;33694289000145;33694289;MT;4091416;soja;0.0;0.0;0;0.0;0.0;False;False;454;0.0;01;2240;02;False;0116401;True;0;3;2;1;1;5;30235.85;False;0.0;9930345.71;3827;2594.81;2854.45;;2593.6;0.1175;64737.72;;;;;;;;;0
limpo;51965869000101;51965869;BA;1993507;soja;0.0;0.0;0;0.0;0.0;False;False;93;0.0;03;2240;02;False;0116401;True;0;6;2;2;0;0;0.0;False;0.0;;;;;;3041.8;-0.0835;4445.58;1427.8;0.2926;16;-0.2083;;;;;0
divida_ativa;93868099000129;93868099;GO;2092240;soja;709472.5;604540.84;5;0.0;-108990.63;True;True;385;0.0;03;4014;02;False;0115600;True;0;6;2;2;0;0;0.0;False;0.0;3025600.14;2445;1237.46;6478.28;;;;;;;;;;;;;0
limpo;76550163000100;76550163;TO;2395181;soja;0.0;0.0;0;0.0;0.0;False;False;467;1.0;03;2240;02;False;0151201;True;1;6;2;0;1;0;0.0;False;0.0;5222030.27;3113;1677.49;5412.59;;4009.6;0.3374;16612.29;725.4;0.2591;36;-0.1239;;;;;0
limpo;74749808000102;74749808;RS;1296511;soja;0.0;0.0;0;0.0;0.0;False;False;40;0.0;03;2062;02;False;0115600;True;0;7;1;0;0;0;0.0;False;0.0;;;;;;;;;;;;;;;;;0
limpo;71401183000103;71401183;MT;3486350;soja;0.0;0.0;0;0.0;0.0;False;False;366;1.0;03;2054;02;False;0115600;True;0;3;0;0;0;0;0.0;False;0.0;65163087.4;3987;16343.89;5719.93;;2279.5;0.0795;14132.81;;;;;;;;;0
limpo;31093658000119;31093658;PI;1498259;soja;0.0;0.0;0;0.0;0.0;False;False;450;0.0;05;2135;02;False;0113000;True;1;5;1;1;0;0;0.0;False;0.0;5961831.05;452;13189.89;2292.48;;3510.9;-0.3402;43788.4;;;;;;;;;0
limpo;28263801000169;28263801;TO;2782512;soja;0.0;0.0;0;0.0;0.0;False;False;409;1.0;01;2135;02;False;0210101;True;0;4;0;0;0;0;0.0;False;0.0;;;;;;2863.3;-0.1129;5150.27;910.7;0.2631;25;0.1329;;;;;0
divida_ativa;49882385000157;49882385;TO;4589069;soja;398166.29;372055.34;5;0.0;179280.25;False;False;165;0.0;01;2054;02;False;0111301;True;1;8;2;2;1;0;0.0;False;0.0;2443446.14;2744;890.47;4703.19;;2024.4;-0.0039;12496.35;1038.3;-0.1626;18;-0.1071;;;;;0
limpo;51110112000136;51110112;PI;1498259;soja;0.0;0.0;0;0.0;0.0;False;False;525;1.0;01;2054;02;False;0116401;True;0;8;1;1;0;0;0.0;False;0.0;5961831.05;452;13189.89;2292.48;;3510.9;-0.3402;43788.4;;;;;;;;;0
limpo;27813746000170;27813746;PI;3137869;soja;0.0;0.0;0;0.0;0.0;False;False;219;0.0;05;2135;02;False;0133403;True;0;8;1;1;0;0;0.0;False;0.0;10177003.44;1015;10026.6;5071.94;;2744.9;-0.3095;14240.48;640.1;0.0766;0;0.6749;;;;;0
limpo;15427084000111;15427084;GO;3763424;soja;0.0;0.0;0;0.0;0.0;False;False;392;0.0;01;2062;02;False;0115600;True;0;3;1;0;0;0;0.0;False;0.0;2844536.11;3158;900.74;4170.84;;3496.6;-0.1391;1857.33;;;;;;;;;0
limpo;95420311000116;95420311;TO;1628136;soja;0.0;0.0;0;0.0;0.0;False;False;436;0.0;03;2135;02;False;0116401;True;0;6;2;2;1;0;0.0;False;0.0;22713744.04;630;36053.56;4855.95;;;;;;;;;;;;;0
passivo_ambiental_auto;71311543000178;71311543;BA;1287110;soja;0.0;0.0;0;0.0;0.0;False;False;197;0.0;03;2062;02;False;0115600;True;0;7;0;0;0;12;778092.31;False;0.0;7170659.32;281;25518.36;5970.35;;3173.5;-0.0805;35165.31;;;;;;;;;0
limpo;94293030000187;94293030;PI;1498259;soja;0.0;0.0;0;0.0;0.0;False;False;397;40618.51;03;2135;02;False;0133403;True;0;6;2;1;0;0;0.0;False;0.0;5961831.05;452;13189.89;2292.48;;3510.9;-0.3402;43788.4;;;;;;;;;0
limpo;10577326000130;10577326;TO;2395181;soja;0.0;0.0;0;0.0;0.0;False;False;376;0.0;05;2135;02;False;0116401;True;0;4;0;0;0;0;0.0;False;0.0;5222030.27;3113;1677.49;5412.59;;4009.6;0.3374;16612.29;725.4;0.2591;36;-0.1239;;;;;0
limpo;35873158000150;35873158;GO;2092240;soja;0.0;0.0;0;0.0;0.0;False;False;169;0.0;03;2240;02;False;0311601;True;0;1;0;0;0;0;0.0;False;0.0;3025600.14;2445;1237.46;6478.28;;;;;;;;;;;;;0
limpo;12488036000145;12488036;BA;1993507;soja;132023.17;11273.66;3;0.0;-26801.91;False;False;291;0.0;01;4014;02;False;0210101;True;0;1;0;0;0;0;0.0;False;0.0;;;;;;3041.8;-0.0835;4445.58;1427.8;0.2926;16;-0.2083;;;;;1
limpo;54003619000189;54003619;SP;4469177;soja;0.0;0.0;0;0.0;0.0;False;False;477;0.0;05;2062;02;False;0116401;True;0;1;2;2;0;0;0.0;False;0.0;;;;;;;;;;;;;;;;;0
situacao_irregular;47984879000117;47984879;MA;1813278;soja;0.0;0.0;0;10928378.26;0.0;False;False;460;0.0;05;2054;03;True;0133403;True;0;8;2;1;1;5;42733.33;False;0.0;;;;;;3988.3;0.1576;4152.02;852.3;0.0456;18;-0.0187;;;;;0
limpo;23014556000132;23014556;MT;1342092;soja;0.0;0.0;0;0.0;0.0;False;False;406;0.0;03;2054;02;False;0113000;True;0;7;2;1;0;0;0.0;False;0.0;722846.84;2362;306.03;1988.84;;3594.8;0.0837;14558.01;663.4;-0.0379;31;0.4066;;;;;0
limpo;28029931000131;28029931;PR;4374686;soja;10127.17;2738.29;6;0.0;2487.06;False;False;155;0.0;03;2240;02;False;0116401;True;1;4;0;0;0;0;0.0;False;0.0;;;;;;;;;;;;;;;;;0
limpo;60688574000126;60688574;GO;2631798;soja;0.0;0.0;0;0.0;0.0;False;False;435;0.0;05;2240;02;False;0220901;True;0;5;1;0;0;0;0.0;False;0.0;14413700.4;13;1108746.18;6417.73;;3194.9;-0.0821;19788.09;1403.2;-0.2716;20;0.8262;;;;;0
passivo_ambiental_auto;68620174000190;68620174;TO;1628136;soja;0.0;0.0;0;0.0;0.0;False;False;247;0.0;03;4014;02;False;0311601;True;1;4;0;0;0;7;47958.29;False;0.0;22713744.04;630;36053.56;4855.95;;;;;;;;;;;;;0
limpo;24698809000105;24698809;MG;2246509;soja;0.0;0.0;0;0.0;0.0;False;False;270;46379.26;03;4014;02;False;0115600;True;0;1;2;1;0;0;0.0;False;0.0;18573077.57;406;45746.5;1183.29;;3809.0;-0.3511;358203.19;;;;;;;;;0
limpo;56246137000185;56246137;MT;1342092;soja;0.0;0.0;0;0.0;0.0;False;False;448;1.0;05;2135;02;False;0115600;True;1;4;1;0;0;0;0.0;False;0.0;722846.84;2362;306.03;1988.84;;3594.8;0.0837;14558.01;663.4;-0.0379;31;0.4066;;;;;0
divida_ativa;25812166000133;25812166;MT;4872493;soja;3129308.81;482849.89;4;13057.36;444528.62;True;False;363;1.0;01;2240;02;False;0116401;True;0;5;1;0;0;0;0.0;False;0.0;12871579.85;766;16803.63;1283.72;;2678.2;-0.0379;315502.18;1164.2;-0.4814;30;-0.3935;;;;;0
limpo;87891085000123;87891085;MS;2167433;soja;0.0;0.0;0;0.0;0.0;False;False;556;0.0;05;4014;02;False;0115600;True;0;4;0;0;0;0;0.0;False;0.0;45698908.98;37;1235105.65;4640.03;;3388.1;-0.041;1178.06;747.3;0.3091;29;-0.1134;;;;;0
limpo;43002771000120;43002771;MG;2246509;soja;0.0;0.0;0;0.0;0.0;False;False;554;0.0;05;4014;02;False;0133403;True;1;8;2;0;1;0;0.0;False;0.0;18573077.57;406;45746.5;1183.29;;3809.0;-0.3511;358203.19;;;;;;;;;0
limpo;76937021000108;76937021;MT;3486350;soja;0.0;0.0;0;0.0;0.0;False;False;58;1.0;05;4014;02;False;0111301;True;0;8;1;1;0;0;0.0;False;0.0;65163087.4;3987;16343.89;5719.93;;2279.5;0.0795;14132.81;;;;;;;;;0
limpo;98626319000121;98626319;MT;3047606;soja;0.0;0.0;0;0.0;0.0;False;False;196;1.0;03;2054;02;False;0133403;True;1;1;1;1;0;0;0.0;False;0.0;3490150.22;1814;1924.01;3376.09;;;;;;;;;;;;;0
limpo;26366388000132;26366388;BA;3889457;soja;0.0;0.0;0;0.0;0.0;False;False;506;0.0;01;2062;02;False;0151201;True;0;8;2;0;1;0;0.0;False;0.0;;;;;;3266.5;0.0304;5248.27;1073.2;0.0666;5;0.3658;;;;;0
divida_ativa;33088830000171;33088830;PI;1498259;soja;290398.69;169950.37;9;0.0;102728.67;True;True;30;0.0;05;2062;02;False;0116401;True;1;3;0;0;0;0;0.0;False;0.0;5961831.05;452;13189.89;2292.48;;3510.9;-0.3402;43788.4;;;;;;;;;0
limpo;46655447000108;46655447;MA;1813278;soja;0.0;0.0;0;0.0;0.0;False;False;378;1.0;05;2240;02;False;0111301;True;0;8;1;1;0;0;0.0;False;0.0;;;;;;3988.3;0.1576;4152.02;852.3;0.0456;18;-0.0187;;;;;1
limpo;89067193000101;89067193;MT;4881066;soja;0.0;0.0;0;0.0;0.0;False;False;456;0.0;03;2054;02;False;0121101;True;1;8;0;0;0;0;0.0;False;0.0;;;;;;;;;;;;;;;;;0
limpo;43783663000132;43783663;MS;2167433;soja;0.0;0.0;0;0.0;0.0;False;False;356;1.0;01;4014;02;False;0121101;True;0;6;2;0;0;0;0.0;False;0.0;45698908.98;37;1235105.65;4640.03;;3388.1;-0.041;1178.06;747.3;0.3091;29;-0.1134;;;;;0
limpo;93645168000135;93645168;MA;2547930;soja;0.0;0.0;0;0.0;0.0;False;False;485;0.0;05;2240;02;False;0113000;True;0;7;0;0;0;0;0.0;False;0.0;3056399.2;3421;893.42;2943.06;;3413.0;0.1153;12947.73;1079.8;-0.105;39;-0.2894;;;;;0
limpo;15448206000156;15448206;TO;4589069;soja;0.0;0.0;0;0.0;0.0;False;False;544;0.0;05;2240;02;False;0115600;True;0;8;2;0;1;0;0.0;False;0.0;2443446.14;2744;890.47;4703.19;;2024.4;-0.0039;12496.35;1038.3;-0.1626;18;-0.1071;;;;;0
limpo;15022831000131;15022831;MT;3486350;soja;0.0;0.0;0;0.0;0.0;False;False;200;270799.75;01;2135;02;False;0115600;True;1;2;0;0;0;0;0.0;False;0.0;65163087.4;3987;16343.89;5719.93;;2279.5;0.0795;14132.81;;;;;;;;;0
limpo;12879270000101;12879270;BA;3889457;soja;0.0;0.0;0;0.0;0.0;False;False;142;0.0;03;2135;02;False;0311601;True;0;6;2;0;1;0;0.0;False;0.0;;;;;;3266.5;0.0304;5248.27;1073.2;0.0666;5;0.3658;;;;;0
limpo;43950587000102;43950587;GO;3838683;soja;0.0;0.0;0;0.0;0.0;False;False;210;0.0;03;2062;02;False;0116401;True;0;7;2;1;1;0;0.0;False;0.0;8577457.59;2126;4034.55;3501.48;;;;;;;;;;;;;0
limpo;37290989000125;37290989;RS;2897684;soja;0.0;0.0;0;0.0;0.0;False;False;262;0.0;05;4014;02;False;0113000;True;0;7;2;0;0;0;0.0;False;0.0;25576731.08;1000;25576.73;5293.87;;3022.4;-0.1789;34484.31;791.9;0.1416;23;-0.3386;;;;;0
passivo_ambiental_embargo;68004202000145;68004202;MT;1342092;soja;0.0;0.0;0;0.0;0.0;False;False;178;0.0;03;4014;02;False;0151201;True;0;6;1;0;0;10;782096.36;True;1305.15;722846.84;2362;306.03;1988.84;;3594.8;0.0837;14558.01;663.4;-0.0379;31;0.4066;;;;;0
situacao_irregular;16524543000148;16524543;GO;3838683;soja;0.0;0.0;0;0.0;0.0;False;False;65;0.0;05;2240;03;True;0113000;True;1;4;2;2;1;14;56384.65;False;0.0;8577457.59;2126;4034.55;3501.48;;;;;;;;;;;;;1
limpo;59033829000133;59033829;GO;2092240;soja;0.0;0.0;0;0.0;0.0;False;False;181;1.0;05;2240;02;False;0121101;True;0;3;2;0;0;0;0.0;False;0.0;3025600.14;2445;1237.46;6478.28;;;;;;;;;;;;;0
limpo;94848377000149;94848377;MT;3486350;soja;0.0;0.0;0;0.0;0.0;False;False;140;0.0;03;2135;02;False;0220901;True;0;5;2;0;0;0;0.0;False;0.0;65163087.4;3987;16343.89;5719.93;;2279.5;0.0795;14132.81;;;;;;;;;0
limpo;89899841000196;89899841;GO;2856025;soja;0.0;0.0;0;0.0;0.0;False;False;295;0.0;01;2240;02;False;0115600;True;0;6;0;0;0;0;0.0;False;0.0;4215365.78;477;8837.24;5811.42;;1816.6;-0.0367;157568.54;1022.2;-0.0563;11;-0.2071;;;;;1
limpo;43118478000123;43118478;GO;3838683;soja;0.0;0.0;0;0.0;0.0;False;False;482;0.0;03;2240;02;False;0115600;True;0;4;2;0;0;0;0.0;False;0.0;8577457.59;2126;4034.55;3501.48;;;;;;;;;;;;;0
limpo;22910752000122;22910752;MA;1813278;soja;0.0;0.0;0;0.0;0.0;False;False;138;1.0;03;2054;02;False;0116401;True;0;6;2;1;1;0;0.0;False;0.0;;;;;;3988.3;0.1576;4152.02;852.3;0.0456;18;-0.0187;;;;;0
limpo;69567588000166;69567588;PR;4542087;soja;0.0;0.0;0;0.0;0.0;False;False;485;78909.98;03;2062;02;False;0210101;True;1;4;1;0;0;0;0.0;False;0.0;2139970.45;3795;563.89;4484.0;;;;;;;;;;;;;0
limpo;16845681000129;16845681;MT;4952487;soja;0.0;0.0;0;0.0;0.0;False;False;266;1.0;01;2135;02;False;0311601;True;0;3;1;1;0;0;0.0;False;0.0;;;;;;4283.3;-0.0501;26781.4;1142.6;-0.1312;16;-0.1184;4;115440.42;188;2;0
limpo;85829234000107;85829234;RS;1296511;soja;0.0;0.0;0;0.0;0.0;False;False;118;0.0;03;2240;02;False;0311601;True;0;6;2;1;1;0;0.0;False;0.0;;;;;;;;;;;;;;;;;0
grupo_societario;34261159000181;34261159;TO;2599733;soja;0.0;0.0;0;0.0;0.0;False;False;406;1.0;05;2240;02;False;0311601;True;0;1;16;8;4;0;0.0;False;0.0;1134944.18;1648;688.68;2399.35;;3673.1;0.0845;644740.4;;;;;;;;;0
passivo_ambiental_auto;62653075000129;62653075;PI;1498259;soja;0.0;0.0;0;0.0;0.0;False;False;434;0.0;03;2135;02;False;0113000;True;0;1;1;0;0;4;39373.55;False;0.0;5961831.05;452;13189.89;2292.48;;3510.9;-0.3402;43788.4;;;;;;;;;0
limpo;77139181000166;77139181;RS;5323473;soja;0.0;0.0;0;0.0;0.0;False;False;462;19909.47;03;2054;02;False;0111301;True;0;4;2;0;1;0;0.0;False;0.0;5770153.78;3796;1520.06;6107.33;;4184.9;0.3046;1406.53;1150.1;-0.4716;32;0.0109;1;46310.05;47;1;0
limpo;28859018000162;28859018;SP;4469177;soja;0.0;0.0;0;0.0;0.0;False;False;344;0.0;03;4014;02;False;0121101;True;0;3;1;1;0;0;0.0;False;0.0;;;;;;;;;;;;;;;;;0
limpo;66526786000193;66526786;RS;2897684;soja;0.0;0.0;0;0.0;0.0;False;False;429;1.0;05;2240;02;False;0111301;True;0;7;2;2;0;0;0.0;False;0.0;25576731.08;1000;25576.73;5293.87;;3022.4;-0.1789;34484.31;791.9;0.1416;23;-0.3386;;;;;0
limpo;37382160000152;37382160;BA;3797806;soja;0.0;0.0;0;0.0;0.0;False;False;517;0.0;05;2054;02;False;0210101;True;0;6;0;0;0;0;0.0;False;0.0;4577751.8;3577;1279.77;1116.86;;3266.8;-0.1381;29664.1;1160.2;-0.1501;25;-0.5722;;;;;0
limpo;65276371000146;65276371;BA;1993507;soja;51349.79;47158.49;4;0.0;2986.64;True;True;410;1.0;05;2240;02;False;0113000;True;0;3;2;0;0;0;0.0;False;0.0;;;;;;3041.8;-0.0835;4445.58;1427.8;0.2926;16;-0.2083;;;;;0
limpo;74418758000180;74418758;PI;1498259;soja;0.0;0.0;0;0.0;0.0;False;False;412;0.0;03;2062;02;False;0151201;True;0;7;2;1;0;0;0.0;False;0.0;5961831.05;452;13189.89;2292.48;;3510.9;-0.3402;43788.4;;;;;;;;;0
passivo_ambiental_auto;16206022000142;16206022;TO;2625906;soja;0.0;0.0;0;0.0;0.0;False;False;130;0.0;01;2240;02;False;0113000;True;0;4;0;0;0;13;34889.65;False;0.0;7076252.67;3896;1816.29;5129.4;;4004.9;-0.3294;61983.79;1163.5;-0.1957;26;-0.2281;;;;;0
limpo;99529662000110;99529662;GO;3355082;soja;0.0;0.0;0;396281.4;0.0;False;False;448;0.0;05;4014;02;False;0210101;True;0;1;1;1;0;0;0.0;False;0.0;344902.69;1555;221.8;1341.28;;3426.5;-0.1292;14743.52;1302.6;0.1067;12;-0.0223;;;;;0
limpo;76951469000178;76951469;GO;3763424;soja;0.0;0.0;0;0.0;0.0;False;False;324;0.0;03;2054;02;False;0121101;True;0;4;0;0;0;0;0.0;False;0.0;2844536.11;3158;900.74;4170.84;;3496.6;-0.1391;1857.33;;;;;3;367842.05;699;3;0
limpo;77854979000190;77854979;SP;4469177;soja;0.0;0.0;0;0.0;0.0;False;False;191;0.0;05;2054;02;False;0113000;True;0;3;1;1;0;0;0.0;False;0.0;;;;;;;;;;;;;;;;;0
limpo;29160042000171;29160042;TO;2782512;soja;0.0;0.0;0;0.0;0.0;False;False;428;11202.05;05;4014;02;False;0113000;True;0;1;0;0;0;0;0.0;False;0.0;;;;;;2863.3;-0.1129;5150.27;910.7;0.2631;25;0.1329;;;;;0
limpo;35828453000195;35828453;MG;2246509;soja;0.0;0.0;0;0.0;0.0;False;False;432;0.0;01;2240;02;False;0111301;True;1;5;1;1;0;0;0.0;False;0.0;18573077.57;406;45746.5;1183.29;;3809.0;-0.3511;358203.19;;;;;;;;;0
passivo_ambiental_auto;63130838000110;63130838;MS;2167433;soja;0.0;0.0;0;0.0;0.0;False;False;488;19336.32;03;4014;02;False;0151201;True;1;4;2;2;1;7;39956.58;False;0.0;45698908.98;37;1235105.65;4640.03;;3388.1;-0.041;1178.06;747.3;0.3091;29;-0.1134;;;;;0
limpo;53487804000123;53487804;MT;3486350;soja;0.0;0.0;0;0.0;0.0;False;False;559;0.0;05;2135;02;False;0111301;True;0;1;2;0;1;0;0.0;False;0.0;65163087.4;3987;16343.89;5719.93;;2279.5;0.0795;14132.81;;;;;;;;;0
limpo;66482582000106;66482582;TO;1926828;soja;0.0;0.0;0;0.0;0.0;False;False;511;0.0;01;4014;02;False;0220901;True;1;2;2;2;0;0;0.0;False;0.0;1592038.63;3955;402.54;2086.07;;2103.1;-0.0625;2779.51;847.2;0.0075;25;0.3455;;;;;0
limpo;38865037000155;38865037;TO;2395181;soja;0.0;0.0;0;0.0;0.0;False;False;107;0.0;01;2062;02;False;0116401;True;0;7;0;0;0;0;0.0;False;0.0;5222030.27;3113;1677.49;5412.59;;4009.6;0.3374;16612.29;725.4;0.2591;36;-0.1239;5;32012.69;71;2;0
limpo;20676951000192;20676951;MT;1342092;soja;0.0;0.0;0;0.0;0.0;False;False;197;0.0;01;2135;02;False;0311601;True;0;1;0;0;0;0;0.0;False;0.0;722846.84;2362;306.03;1988.84;;3594.8;0.0837;14558.01;663.4;-0.0379;31;0.4066;;;;;0
limpo;71270323000143;71270323;RS;2897684;soja;0.0;0.0;0;0.0;0.0;False;False;113;0.0;05;2062;02;False;0133403;True;0;6;2;0;0;0;0.0;False;0.0;25576731.08;1000;25576.73;5293.87;;3022.4;-0.1789;34484.31;791.9;0.1416;23;-0.3386;;;;;0
limpo;44517935000115;44517935;TO;5373788;soja;0.0;0.0;0;0.0;0.0;False;False;80;0.0;05;2054;02;False;0151201;True;0;2;2;0;1;0;0.0;False;0.0;;;;;;;;;;;;;;;;;0
situacao_irregular;84148525000169;84148525;MA;2547930;soja;12814.0;11610.94;5;0.0;2544.8;False;False;538;0.0;05;2135;04;True;0151201;True;0;2;2;0;0;0;0.0;False;0.0;3056399.2;3421;893.42;2943.06;;3413.0;0.1153;12947.73;1079.8;-0.105;39;-0.2894;;;;;1
limpo;11693674000135;11693674;MS;2167433;soja;61413.6;14336.16;6;0.0;3727.47;True;True;49;1.0;01;2135;02;False;0111301;True;0;8;2;2;1;0;0.0;False;0.0;45698908.98;37;1235105.65;4640.03;;3388.1;-0.041;1178.06;747.3;0.3091;29;-0.1134;5;94649.25;300;1;1
limpo;61845608000101;61845608;SP;4469177;soja;0.0;0.0;0;0.0;0.0;False;False;449;2095.31;05;2054;02;False;0113000;True;2;1;2;0;1;13;189499.95;False;0.0;;;;;;;;;;;;;0;0.0;;0;0
limpo;44438867000107;44438867;BA;3889457;soja;0.0;0.0;0;0.0;0.0;False;False;312;0.0;05;2240;02;False;0116401;True;0;1;0;0;0;0;0.0;False;0.0;;;;;;3266.5;0.0304;5248.27;1073.2;0.0666;5;0.3658;;;;;0
limpo;36492746000107;36492746;PA;3572518;soja;0.0;0.0;0;0.0;0.0;False;False;333;0.0;03;4014;02;False;0210101;True;0;5;0;0;0;0;0.0;False;0.0;8421494.89;3910;2153.84;5580.08;;;;;;;;;3;130787.68;241;2;0
limpo;76053575000134;76053575;MT;3486350;soja;19352.64;458.59;8;0.0;4410.53;False;True;528;0.0;03;2062;02;False;0111301;True;0;3;2;1;0;12;6819.68;False;0.0;65163087.4;3987;16343.89;5719.93;;2279.5;0.0795;14132.81;;;;;;;;;0
limpo;85793804000148;85793804;GO;2092240;soja;88960.58;11603.67;6;0.0;26788.27;True;True;34;0.0;01;2054;02;False;0220901;True;0;1;2;1;0;0;0.0;False;0.0;3025600.14;2445;1237.46;6478.28;;;;;;;;;;;;;1
limpo;18618920000133;18618920;GO;3355082;soja;0.0;0.0;0;0.0;0.0;False;False;85;0.0;03;2062;02;False;0121101;True;0;6;2;1;1;0;0.0;False;0.0;344902.69;1555;221.8;1341.28;;3426.5;-0.1292;14743.52;1302.6;0.1067;12;-0.0223;;;;;0
limpo;36205020000146;36205020;MT;3047606;soja;0.0;0.0;0;0.0;0.0;False;False;31;0.0;03;4014;02;False;0111301;True;1;2;1;0;0;0;0.0;False;0.0;3490150.22;1814;1924.01;3376.09;;;;;;;;;;;;;0
passivo_ambiental_auto;54998937000127;54998937;MG;2246509;soja;0.0;0.0;0;0.0;0.0;False;False;78;0.0;03;2135;02;False;0151201;True;0;1;1;0;0;13;275625.98;False;0.0;18573077.57;406;45746.5;1183.29;;3809.0;-0.3511;358203.19;;;;;;;;;1
limpo;20079941000170;20079941;MT;3486350;soja;0.0;0.0;0;0.0;0.0;False;False;216;0.0;03;2240;02;False;0116401;True;0;3;1;1;0;0;0.0;False;0.0;65163087.4;3987;16343.89;5719.93;;2279.5;0.0795;14132.81;;;;;;;;;0
passivo_ambiental_auto;29967361000193;29967361;MT;4881066;soja;57895.02;39931.38;9;0.0;8755.04;False;True;520;0.0;03;2135;02;False;0311601;True;0;4;1;0;0;11;24813.13;False;0.0;;;;;;;;;;;;;;;;;0
divida_ativa;44216939000163;44216939;SP;1144522;soja;1212.25;609.8;7;0.0;224.44;False;False;299;0.0;03;2135;02;False;0133403;True;0;4;2;1;1;0;0.0;False;0.0;22685314.17;3452;6571.64;4478.12;;3859.7;-0.1003;15013.11;975.4;-0.3231;19;-0.3987;;;;;0
limpo;42178190000181;42178190;MT;5020745;soja;0.0;0.0;0;0.0;0.0;False;False;165;0.0;03;2135;02;False;0116401;True;1;1;2;1;0;0;0.0;False;0.0;16832610.2;2938;5729.28;2659.43;;2865.5;-0.0685;23248.53;1087.1;-0.1985;10;0.5319;;;;;0
limpo;36096178000125;36096178;PI;3137869;soja;0.0;0.0;0;0.0;0.0;False;False;413;0.0;03;2240;02;False;0113000;True;2;7;0;0;0;0;0.0;False;0.0;10177003.44;1015;10026.6;5071.94;;2744.9;-0.3095;14240.48;640.1;0.0766;0;0.6749;;;;;0
divida_ativa;80890993000153;80890993;SP;1144522;soja;110513.62;31309.88;5;0.0;37505.02;True;False;319;0.0;03;2135;02;False;0111301;True;0;8;0;0;0;0;0.0;False;0.0;22685314.17;3452;6571.64;4478.12;;3859.7;-0.1003;15013.11;975.4;-0.3231;19;-0.3987;;;;;0
limpo;86185885000166;86185885;RS;4372021;soja;0.0;0.0;0;0.0;0.0;False;False;312;0.0;05;2240;02;False;0121101;True;0;2;0;0;0;0;0.0;False;0.0;4702656.59;2724;1726.38;4444.47;;2871.3;-0.1436;6684.69;1363.1;-0.0476;4;-0.0304;;;;;0
limpo;24930846000199;24930846;PR;4542087;soja;0.0;0.0;0;0.0;0.0;False;False;263;0.0;03;2135;02;False;0311601;True;0;8;1;0;0;0;0.0;False;0.0;2139970.45;3795;563.89;4484.0;;;;;;;;;;;;;0
limpo;97485015000129;97485015;SP;4469177;soja;0.0;0.0;0;0.0;0.0;False;False;374;0.0;01;2062;02;False;0133403;True;0;2;1;1;0;0;0.0;False;0.0;;;;;;;;;;;;;;;;;0
limpo;81005505000140;81005505;TO;1628136;soja;0.0;0.0;0;0.0;0.0;False;False;353;20115.63;05;2135;02;False;0151201;True;0;4;2;0;0;0;0.0;False;0.0;22713744.04;630;36053.56;4855.95;;;;;;;;;;;;;0
limpo;64291333000108;64291333;TO;2599733;soja;0.0;0.0;0;0.0;0.0;False;False;399;15457.43;05;2062;02;False;0151201;True;0;1;0;0;0;0;0.0;False;0.0;1134944.18;1648;688.68;2399.35;;3673.1;0.0845;644740.4;;;;;;;;;0
limpo;13554750000157;13554750;MT;1342092;soja;0.0;0.0;0;0.0;0.0;False;False;110;1.0;01;2062;02;False;0220901;True;1;1;2;1;1;0;0.0;False;0.0;722846.84;2362;306.03;1988.84;;3594.8;0.0837;14558.01;663.4;-0.0379;31;0.4066;;;;;1
passivo_ambiental_auto;45736828000140;45736828;PR;4542087;soja;0.0;0.0;0;0.0;0.0;False;False;8;0.0;01;2062;02;False;0121101;True;0;5;1;0;0;10;1966547.17;False;0.0;2139970.45;3795;563.89;4484.0;;;;;;;;;3;173009.01;638;3;1
grupo_societario;95747908000170;95747908;BA;3889457;soja;0.0;0.0;0;0.0;0.0;False;False;308;0.0;01;2054;02;False;0311601;True;0;7;4;4;2;0;0.0;False;0.0;;;;;;3266.5;0.0304;5248.27;1073.2;0.0666;5;0.3658;;;;;0
limpo;45066869000177;45066869;RS;5323473;soja;0.0;0.0;0;0.0;0.0;False;False;145;0.0;01;2054;02;False;0116401;True;1;3;2;0;1;0;0.0;False;0.0;5770153.78;3796;1520.06;6107.33;;4184.9;0.3046;1406.53;1150.1;-0.4716;32;0.0109;0;0.0;;0;0
limpo;32771003000115;32771003;MT;5020745;soja;0.0;0.0;0;0.0;0.0;False;False;473;945504.08;05;2054;02;False;0121101;True;0;8;1;0;0;0;0.0;False;0.0;16832610.2;2938;5729.28;2659.43;;2865.5;-0.0685;23248.53;1087.1;-0.1985;10;0.5319;;;;;0
limpo;87145866000179;87145866;MT;4881066;soja;0.0;0.0;0;0.0;0.0;False;False;450;0.0;03;2062;02;False;0115600;True;0;4;2;2;1;0;0.0;False;0.0;;;;;;;;;;;;;;;;;0
limpo;10596181000114;10596181;MA;1849363;soja;0.0;0.0;0;0.0;0.0;False;False;450;1.0;01;4014;02;False;0210101;True;1;7;0;0;0;0;0.0;False;0.0;1890436.06;790;2392.96;3254.5;;2951.6;0.2319;11567.52;1244.5;-0.2244;14;0.2749;;;;;0
limpo;12023781000119;12023781;MS;2167433;soja;0.0;0.0;0;0.0;0.0;False;False;23;1.0;03;2062;02;False;0113000;True;0;2;1;1;0;0;0.0;False;0.0;45698908.98;37;1235105.65;4640.03;;3388.1;-0.041;1178.06;747.3;0.3091;29;-0.1134;;;;;0
limpo;51715067000143;51715067;GO;3763424;soja;0.0;0.0;0;0.0;0.0;False;False;290;0.0;03;2062;02;False;0220901;True;0;4;0;0;0;0;0.0;False;0.0;2844536.11;3158;900.74;4170.84;;3496.6;-0.1391;1857.33;;;;;;;;;0
limpo;31136281000138;31136281;MT;4091416;soja;0.0;0.0;0;0.0;0.0;False;False;344;0.0;03;2054;02;False;0210101;True;1;6;1;1;0;0;0.0;False;0.0;9930345.71;3827;2594.81;2854.45;;2593.6;0.1175;64737.72;;;;;;;;;0
limpo;57327826000187;57327826;PI;1498259;soja;0.0;0.0;0;0.0;0.0;False;False;303;0.0;05;2062;02;False;0111301;True;0;6;1;0;0;0;0.0;False;0.0;5961831.05;452;13189.89;2292.48;;3510.9;-0.3402;43788.4;;;;;6;2502.35;182;3;0
divida_ativa;67459244000108;67459244;PA;3572518;soja;65210.09;40702.38;8;0.0;26001.86;False;False;60;0.0;01;4014;02;False;0210101;True;0;8;0;0;0;0;0.0;False;0.0;8421494.89;3910;2153.84;5580.08;;;;;;;;;;;;;1
limpo;22036141000105;22036141;MT;3047606;soja;0.0;0.0;0;0.0;0.0;False;False;487;1.0;01;4014;02;False;0210101;True;0;4;0;0;0;0;0.0;False;0.0;3490150.22;1814;1924.01;3376.09;;;;;;;;;;;;;0
passivo_ambiental_auto;60347225000140;60347225;GO;3838683;soja;0.0;0.0;0;0.0;0.0;False;False;450;1.0;01;2240;02;False;0115600;True;0;3;1;0;0;3;126623.27;False;0.0;8577457.59;2126;4034.55;3501.48;;;;;;;;;;;;;0
limpo;90372034000108;90372034;PR;4542087;soja;0.0;0.0;0;0.0;0.0;False;False;363;14036.04;01;2135;02;False;0220901;True;0;2;1;0;0;0;0.0;False;0.0;2139970.45;3795;563.89;4484.0;;;;;;;;;;;;;0
limpo;42911376000106;42911376;MS;2167433;soja;0.0;0.0;0;0.0;0.0;False;False;294;0.0;05;2240;02;False;0116401;True;0;7;2;0;0;0;0.0;False;0.0;45698908.98;37;1235105.65;4640.03;;3388.1;-0.041;1178.06;747.3;0.3091;29;-0.1134;;;;;0
limpo;36738390000149;36738390;PR;4168991;soja;0.0;0.0;0;0.0;0.0;False;False;74;0.0;01;2054;02;False;0133403;True;0;7;2;1;1;0;0.0;False;0.0;;;;;;3272.2;-0.2374;11409.04;801.1;0.1095;21;-0.0934;;;;;0
limpo;65839647000157;65839647;BA;3797806;soja;0.0;0.0;0;0.0;0.0;False;False;65;0.0;05;2062;02;False;0311601;True;0;5;1;0;0;0;0.0;False;0.0;4577751.8;3577;1279.77;1116.86;;3266.8;-0.1381;29664.1;1160.2;-0.1501;25;-0.5722;;;;;0
limpo;16780935000178;16780935;PR;4374686;soja;0.0;0.0;0;0.0;0.0;False;False;556;0.0;01;2135;02;False;0116401;True;0;2;2;0;1;0;0.0;False;0.0;;;;;;;;;;;;;;;;;0
limpo;97889152000129;97889152;PR;4542087;soja;0.0;0.0;0;0.0;0.0;False;False;448;0.0;03;2062;02;False;0121101;True;0;2;0;0;0;0;0.0;False;0.0;2139970.45;3795;563.89;4484.0;;;;;;;;;;;;;0
divida_ativa;49856452000169;49856452;PR;4374686;soja;15870.62;14354.49;7;0.0;2380.43;True;False;145;0.0;05;2054;02;False;0116401;True;0;5;2;0;1;0;0.0;False;0.0;;;;;;;;;;;;;;;;;0
situacao_irregular;56288555000135;56288555;RS;1296511;soja;0.0;0.0;0;0.0;0.0;False;False;217;0.0;01;2135;03;True;0210101;True;0;5;2;2;0;0;0.0;False;0.0;;;;;;;;;;;;;;;;;0
grupo_societario;50286246000140;50286246;MT;1342092;soja;0.0;0.0;0;0.0;0.0;False;False;74;1.0;05;4014;02;False;0151201;True;0;7;5;5;1;0;0.0;False;0.0;722846.84;2362;306.03;1988.84;;3594.8;0.0837;14558.01;663.4;-0.0379;31;0.4066;;;;;0
limpo;53141564000100;53141564;MT;3486350;soja;0.0;0.0;0;0.0;0.0;False;False;316;1.0;05;4014;02;False;0121101;True;0;6;0;0;0;0;0.0;False;0.0;65163087.4;3987;16343.89;5719.93;;2279.5;0.0795;14132.81;;;;;2;33944.8;264;2;0
limpo;73072408000142;73072408;PR;4542087;soja;0.0;0.0;0;0.0;0.0;False;False;390;0.0;01;4014;02;False;0116401;True;0;3;1;1;0;0;0.0;False;0.0;2139970.45;3795;563.89;4484.0;;;;;;;;;;;;;0
divida_ativa;17690104000178;17690104;BA;3889457;soja;16419.93;532.86;8;0.0;4283.02;False;False;114;0.0;01;2240;02;False;0115600;True;0;3;1;0;0;0;0.0;False;0.0;;;;;;3266.5;0.0304;5248.27;1073.2;0.0666;5;0.3658;;;;;0
limpo;33821893000195;33821893;MT;5020745;soja;0.0;0.0;0;0.0;0.0;False;False;212;1.0;05;2054;02;False;0133403;True;0;6;0;0;0;0;0.0;False;0.0;16832610.2;2938;5729.28;2659.43;;2865.5;-0.0685;23248.53;1087.1;-0.1985;10;0.5319;;;;;0
divida_ativa;66761343000187;66761343;MT;5020745;soja;7976.13;4052.59;6;0.0;594.04;False;True;431;0.0;01;2054;02;False;0121101;True;0;5;1;0;0;0;0.0;False;0.0;16832610.2;2938;5729.28;2659.43;;2865.5;-0.0685;23248.53;1087.1;-0.1985;10;0.5319;;;;;0
limpo;64671199000162;64671199;RS;2897684;soja;0.0;0.0;0;0.0;0.0;False;False;79;0.0;05;2240;02;False;0121101;True;2;3;1;0;0;0;0.0;False;0.0;25576731.08;1000;25576.73;5293.87;;3022.4;-0.1789;34484.31;791.9;0.1416;23;-0.3386;;;;;0
limpo;60089087000147;60089087;PR;4542087;soja;0.0;0.0;0;0.0;0.0;False;False;445;1.0;03;2240;02;False;0220901;True;1;7;2;2;1;0;0.0;False;0.0;2139970.45;3795;563.89;4484.0;;;;;;;;;;;;;0
limpo;78111170000130;78111170;RS;3466531;soja;0.0;0.0;0;0.0;0.0;False;False;65;0.0;03;2062;02;False;0151201;True;0;7;2;2;0;0;0.0;False;0.0;3897875.17;1357;2872.42;4389.67;;;;;;;;;;;;;0
passivo_ambiental_auto;20546982000129;20546982;MT;5020745;soja;0.0;0.0;0;0.0;0.0;False;False;421;0.0;05;2062;02;False;0111301;True;0;4;0;0;0;4;2433956.04;False;0.0;16832610.2;2938;5729.28;2659.43;;2865.5;-0.0685;23248.53;1087.1;-0.1985;10;0.5319;0;0.0;;0;0
passivo_ambiental_auto;42711142000107;42711142;BA;3889457;soja;0.0;0.0;0;0.0;0.0;False;False;237;1.0;01;2054;02;False;0113000;True;0;1;2;1;0;11;51190.1;False;0.0;;;;;;3266.5;0.0304;5248.27;1073.2;0.0666;5;0.3658;2;12391.63;757;2;0
limpo;48833388000138;48833388;MT;4091416;soja;0.0;0.0;0;0.0;0.0;False;False;14;1.0;05;2062;02;False;0116401;True;1;3;1;1;0;0;0.0;False;0.0;9930345.71;3827;2594.81;2854.45;;2593.6;0.1175;64737.72;;;;;;;;;1
limpo;80298008000115;80298008;GO;2092240;soja;0.0;0.0;0;0.0;0.0;False;False;136;0.0;01;2240;02;False;0121101;True;0;3;2;0;0;0;0.0;False;0.0;3025600.14;2445;1237.46;6478.28;;;;;;;;;;;;;0
limpo;67615305000189;67615305;MA;1849363;soja;0.0;0.0;0;0.0;0.0;False;False;148;0.0;05;2240;02;False;0116401;True;1;2;2;2;0;0;0.0;False;0.0;1890436.06;790;2392.96;3254.5;;2951.6;0.2319;11567.52;1244.5;-0.2244;14;0.2749;;;;;0
limpo;20549791000110;20549791;SP;1144522;soja;0.0;0.0;0;0.0;0.0;False;False;400;0.0;03;4014;02;False;0151201;True;0;2;0;0;0;0;0.0;False;0.0;22685314.17;3452;6571.64;4478.12;;3859.7;-0.1003;15013.11;975.4;-0.3231;19;-0.3987;;;;;0
limpo;53804537000170;53804537;SP;1144522;soja;0.0;0.0;0;0.0;0.0;False;False;56;0.0;05;4014;02;False;0151201;True;3;1;0;0;0;0;0.0;False;0.0;22685314.17;3452;6571.64;4478.12;;3859.7;-0.1003;15013.11;975.4;-0.3231;19;-0.3987;;;;;0
limpo;56309968000159;56309968;GO;2856025;soja;0.0;0.0;0;0.0;0.0;False;False;357;0.0;05;2054;02;False;0210101;True;0;2;2;2;1;0;0.0;False;0.0;4215365.78;477;8837.24;5811.42;;1816.6;-0.0367;157568.54;1022.2;-0.0563;11;-0.2071;0;0.0;;0;0
limpo;64064021000153;64064021;RS;2897684;soja;0.0;0.0;0;0.0;0.0;False;False;413;0.0;03;4014;02;False;0151201;True;1;2;1;1;0;0;0.0;False;0.0;25576731.08;1000;25576.73;5293.87;;3022.4;-0.1789;34484.31;791.9;0.1416;23;-0.3386;;;;;0
grupo_societario;41938297000118;41938297;GO;3838683;soja;0.0;0.0;0;0.0;0.0;False;False;484;0.0;03;2240;02;False;0311601;True;0;7;3;0;1;0;0.0;False;0.0;8577457.59;2126;4034.55;3501.48;;;;;;;;;;;;;0
limpo;56490192000116;56490192;RS;5323473;soja;0.0;0.0;0;0.0;0.0;False;False;402;0.0;05;2240;02;False;0151201;True;0;1;0;0;0;0;0.0;False;0.0;5770153.78;3796;1520.06;6107.33;;4184.9;0.3046;1406.53;1150.1;-0.4716;32;0.0109;;;;;0
limpo;85416798000100;85416798;GO;2092240;soja;0.0;0.0;0;0.0;0.0;False;False;333;0.0;03;2054;02;False;0111301;True;0;4;1;1;0;0;0.0;False;0.0;3025600.14;2445;1237.46;6478.28;;;;;;;;;;;;;0
divida_ativa;14558338000178;14558338;TO;2395181;soja;82656.58;57647.97;6;0.0;24454.07;False;True;219;0.0;05;2240;02;False;0311601;True;0;7;2;0;0;0;0.0;False;0.0;5222030.27;3113;1677.49;5412.59;;4009.6;0.3374;16612.29;725.4;0.2591;36;-0.1239;;;;;0
limpo;95512494000108;95512494;GO;2631798;soja;0.0;0.0;0;0.0;0.0;False;False;41;0.0;03;4014;02;False;0115600;True;3;8;0;0;0;0;0.0;False;0.0;14413700.4;13;1108746.18;6417.73;;3194.9;-0.0821;19788.09;1403.2;-0.2716;20;0.8262;;;;;0
limpo;39996945000140;39996945;GO;3763424;soja;0.0;0.0;0;0.0;0.0;False;False;17;1.0;05;4014;02;False;0121101;True;0;8;2;1;0;0;0.0;False;0.0;2844536.11;3158;900.74;4170.84;;3496.6;-0.1391;1857.33;;;;;;;;;0
limpo;69565595000129;69565595;TO;2395181;soja;0.0;0.0;0;0.0;0.0;False;False;500;0.0;05;2062;02;False;0311601;True;0;1;2;1;1;0;0.0;False;0.0;5222030.27;3113;1677.49;5412.59;;4009.6;0.3374;16612.29;725.4;0.2591;36;-0.1239;;;;;0
limpo;48520806000137;48520806;MT;4881066;soja;0.0;0.0;0;0.0;0.0;False;False;406;1.0;01;4014;02;False;0116401;True;0;5;2;2;0;0;0.0;False;0.0;;;;;;;;;;;;;;;;;0
limpo;67137436000106;67137436;MT;4872493;soja;0.0;0.0;0;0.0;0.0;False;False;368;0.0;05;2054;02;False;0220901;True;0;3;1;1;0;0;0.0;False;0.0;12871579.85;766;16803.63;1283.72;;2678.2;-0.0379;315502.18;1164.2;-0.4814;30;-0.3935;;;;;0
grupo_societario;33635392000114;33635392;GO;2092240;soja;0.0;0.0;0;0.0;0.0;False;False;55;0.0;05;2240;02;False;0220901;True;0;1;7;1;2;0;0.0;False;0.0;3025600.14;2445;1237.46;6478.28;;;;;;;;;;;;;0
limpo;72658976000167;72658976;MT;4881066;soja;0.0;0.0;0;0.0;0.0;False;False;41;0.0;05;4014;02;False;0210101;True;0;8;0;0;0;2;1382391.97;False;0.0;;;;;;;;;;;;;;;;;0
limpo;63940074000128;63940074;GO;2856025;soja;0.0;0.0;0;0.0;0.0;False;False;113;0.0;05;4014;02;False;0210101;True;2;7;2;1;0;0;0.0;False;0.0;4215365.78;477;8837.24;5811.42;;1816.6;-0.0367;157568.54;1022.2;-0.0563;11;-0.2071;;;;;0
limpo;11781382000154;11781382;TO;2782512;soja;0.0;0.0;0;0.0;0.0;False;False;185;0.0;01;2062;02;False;0111301;True;2;1;2;0;1;0;0.0;False;0.0;;;;;;2863.3;-0.1129;5150.27;910.7;0.2631;25;0.1329;;;;;0
limpo;32287138000100;32287138;MA;1813278;soja;0.0;0.0;0;0.0;0.0;False;False;43;0.0;01;2135;02;False;0116401;True;0;8;0;0;0;0;0.0;False;0.0;;;;;;3988.3;0.1576;4152.02;852.3;0.0456;18;-0.0187;;;;;0
limpo;67741265000111;67741265;BA;3797806;soja;11110.46;5817.31;6;0.0;4111.14;False;False;323;0.0;01;4014;02;False;0311601;True;1;8;0;0;0;0;0.0;False;0.0;4577751.8;3577;1279.77;1116.86;;3266.8;-0.1381;29664.1;1160.2;-0.1501;25;-0.5722;;;;;0
limpo;48949526000149;48949526;MA;1849363;soja;0.0;0.0;0;0.0;0.0;False;False;170;0.0;05;2135;02;False;0311601;True;1;8;0;0;0;0;0.0;False;0.0;1890436.06;790;2392.96;3254.5;;2951.6;0.2319;11567.52;1244.5;-0.2244;14;0.2749;;;;;0
limpo;61254963000106;61254963;MT;4952487;soja;0.0;0.0;0;0.0;0.0;False;False;87;0.0;01;2135;02;False;0116401;True;1;2;0;0;0;0;0.0;False;0.0;;;;;;4283.3;-0.0501;26781.4;1142.6;-0.1312;16;-0.1184;;;;;0
limpo;17580669000100;17580669;RS;1296511;soja;0.0;0.0;0;0.0;0.0;False;False;144;1.0;01;2062;02;False;0113000;True;0;8;1;1;0;0;0.0;False;0.0;;;;;;;;;;;;;;;;;0
limpo;34924182000109;34924182;MT;5020745;soja;0.0;0.0;0;0.0;0.0;False;False;499;0.0;05;2135;02;False;0151201;True;0;8;0;0;0;0;0.0;False;0.0;16832610.2;2938;5729.28;2659.43;;2865.5;-0.0685;23248.53;1087.1;-0.1985;10;0.5319;;;;;0
limpo;55849267000140;55849267;MT;4952487;soja;0.0;0.0;0;0.0;0.0;False;False;494;31811.22;05;2240;02;False;0210101;True;0;6;0;0;0;0;0.0;False;0.0;;;;;;4283.3;-0.0501;26781.4;1142.6;-0.1312;16;-0.1184;;;;;0
limpo;50325497000196;50325497;MT;5020745;soja;0.0;0.0;0;0.0;0.0;False;False;435;0.0;05;4014;02;False;0115600;True;0;6;2;0;0;0;0.0;False;0.0;16832610.2;2938;5729.28;2659.43;;2865.5;-0.0685;23248.53;1087.1;-0.1985;10;0.5319;;;;;0
divida_ativa;73931022000149;73931022;MT;4881066;soja;21031.12;7241.41;6;0.0;-1483.13;False;False;383;0.0;03;4014;02;False;0115600;True;2;4;0;0;0;0;0.0;False;0.0;;;;;;;;;;;;;;;;;0
passivo_ambiental_embargo;88234526000187;88234526;SP;4469177;soja;0.0;0.0;0;0.0;0.0;False;False;527;1226916.1;03;2240;02;False;0121101;True;0;4;1;0;0;6;379384.55;True;736.41;;;;;;;;;;;;;;;;;0
limpo;53087020000108;53087020;MT;4091416;soja;0.0;0.0;0;0.0;0.0;False;False;549;13985.86;05;4014;02;False;0115600;True;1;4;1;0;0;0;0.0;False;0.0;9930345.71;3827;2594.81;2854.45;;2593.6;0.1175;64737.72;;;;;;;;;0
limpo;60672033000100;60672033;TO;2782512;soja;0.0;0.0;0;0.0;0.0;False;False;529;1.0;03;4014;02;False;0133403;True;2;5;2;1;1;0;0.0;False;0.0;;;;;;2863.3;-0.1129;5150.27;910.7;0.2631;25;0.1329;;;;;0
grupo_societario;38937334000169;38937334;MT;4952487;soja;0.0;0.0;0;0.0;0.0;False;False;460;1.0;05;2135;02;False;0121101;True;0;4;24;3;12;9;19156.9;False;0.0;;;;;;4283.3;-0.0501;26781.4;1142.6;-0.1312;16;-0.1184;;;;;1
divida_ativa;47650461000173;47650461;MT;4952487;soja;2646867.28;369232.49;1;0.0;824321.99;False;True;252;0.0;03;2062;02;False;0220901;True;0;6;2;1;1;0;0.0;False;0.0;;;;;;4283.3;-0.0501;26781.4;1142.6;-0.1312;16;-0.1184;;;;;1
limpo;52721179000170;52721179;MA;1849363;soja;0.0;0.0;0;0.0;0.0;False;False;243;0.0;01;2062;02;False;0116401;True;1;3;0;0;0;0;0.0;False;0.0;1890436.06;790;2392.96;3254.5;;2951.6;0.2319;11567.52;1244.5;-0.2244;14;0.2749;4;13431.17;157;2;0
limpo;92191342000154;92191342;MT;4881066;soja;108195.9;47933.9;7;0.0;11143.79;False;False;100;0.0;05;2240;02;False;0115600;True;0;3;2;2;1;0;0.0;False;0.0;;;;;;;;;;;;;;;;;0
limpo;93900419000180;93900419;MT;4881066;soja;0.0;0.0;0;0.0;0.0;False;False;557;0.0;01;4014;02;False;0113000;True;1;8;0;0;0;0;0.0;False;0.0;;;;;;;;;;;;;;;;;0
divida_ativa;95881958000145;95881958;GO;3838683;soja;5580.94;3707.86;7;0.0;96.55;True;False;306;0.0;01;2054;02;False;0113000;True;0;3;1;0;0;0;0.0;False;0.0;8577457.59;2126;4034.55;3501.48;;;;;;;;;;;;;0
situacao_irregular;51821764000189;51821764;TO;4589069;soja;77846.34;6285.01;2;0.0;38844.69;True;False;233;1.0;05;2062;08;True;0116401;True;2;1;1;0;0;0;0.0;False;0.0;2443446.14;2744;890.47;4703.19;;2024.4;-0.0039;12496.35;1038.3;-0.1626;18;-0.1071;;;;;0
limpo;29284042000183;29284042;MS;2167433;soja;0.0;0.0;0;36859.69;0.0;False;False;345;0.0;03;2135;02;False;0113000;True;1;6;1;0;0;0;0.0;False;0.0;45698908.98;37;1235105.65;4640.03;;3388.1;-0.041;1178.06;747.3;0.3091;29;-0.1134;;;;;0
limpo;67309562000192;67309562;BA;3889457;soja;0.0;0.0;0;0.0;0.0;False;False;193;1.0;01;2240;02;False;0121101;True;0;2;1;1;0;0;0.0;False;0.0;;;;;;3266.5;0.0304;5248.27;1073.2;0.0666;5;0.3658;;;;;0
limpo;95121229000190;95121229;MT;4872493;soja;0.0;0.0;0;0.0;0.0;False;False;290;0.0;01;2054;02;False;0121101;True;0;5;2;1;1;0;0.0;False;0.0;12871579.85;766;16803.63;1283.72;;2678.2;-0.0379;315502.18;1164.2;-0.4814;30;-0.3935;;;;;0
passivo_ambiental_auto;29797293000161;29797293;BA;1287110;soja;0.0;0.0;0;0.0;0.0;False;False;162;1.0;05;4014;02;False;0116401;True;0;5;1;0;0;6;174895.64;False;0.0;7170659.32;281;25518.36;5970.35;;3173.5;-0.0805;35165.31;;;;;0;0.0;;0;0
limpo;60313190000129;60313190;SP;1144522;soja;61395.58;21246.37;1;0.0;2884.17;True;False;245;8692.65;03;2062;02;False;0151201;True;0;6;2;1;1;0;0.0;False;0.0;22685314.17;3452;6571.64;4478.12;;3859.7;-0.1003;15013.11;975.4;-0.3231;19;-0.3987;5;3441.24;832;1;1
divida_ativa;49286440000146;49286440;MT;3047606;soja;48993.0;24871.07;9;0.0;16114.32;True;False;368;0.0;03;2054;02;False;0220901;True;0;3;2;1;1;0;0.0;False;0.0;3490150.22;1814;1924.01;3376.09;;;;;;;;;;;;;1
passivo_ambiental_auto;17656567000113;17656567;GO;3355082;soja;0.0;0.0;0;0.0;0.0;False;False;243;1.0;03;2135;02;False;0115600;True;0;3;0;0;0;12;109231.45;False;0.0;344902.69;1555;221.8;1341.28;;3426.5;-0.1292;14743.52;1302.6;0.1067;12;-0.0223;;;;;0
limpo;90578161000150;90578161;SP;1144522;soja;0.0;0.0;0;0.0;0.0;False;False;54;1.0;05;2135;02;False;0133403;True;0;6;0;0;0;0;0.0;False;0.0;22685314.17;3452;6571.64;4478.12;;3859.7;-0.1003;15013.11;975.4;-0.3231;19;-0.3987;;;;;0
limpo;45704220000134;45704220;GO;3838683;soja;0.0;0.0;0;0.0;0.0;False;False;32;0.0;05;2240;02;False;0111301;True;0;7;1;0;0;0;0.0;False;0.0;8577457.59;2126;4034.55;3501.48;;;;;;;;;;;;;0
limpo;12731836000145;12731836;GO;3355082;soja;0.0;0.0;0;0.0;0.0;False;False;114;0.0;01;2240;02;False;0111301;True;0;4;1;1;0;0;0.0;False;0.0;344902.69;1555;221.8;1341.28;;3426.5;-0.1292;14743.52;1302.6;0.1067;12;-0.0223;;;;;0
limpo;74867764000115;74867764;MA;2547930;soja;0.0;0.0;0;0.0;0.0;False;False;488;0.0;03;2062;02;False;0115600;True;0;5;2;1;1;0;0.0;False;0.0;3056399.2;3421;893.42;2943.06;;3413.0;0.1153;12947.73;1079.8;-0.105;39;-0.2894;;;;;0
divida_ativa;81129661000113;81129661;BA;3889457;soja;708125.83;552857.22;7;0.0;323261.57;False;True;393;1.0;03;2054;02;False;0151201;True;0;1;2;2;0;0;0.0;False;0.0;;;;;;3266.5;0.0304;5248.27;1073.2;0.0666;5;0.3658;;;;;0
limpo;89753792000189;89753792;TO;1926828;soja;0.0;0.0;0;0.0;0.0;False;False;294;0.0;01;4014;02;False;0116401;True;1;2;1;1;0;0;0.0;False;0.0;1592038.63;3955;402.54;2086.07;;2103.1;-0.0625;2779.51;847.2;0.0075;25;0.3455;;;;;0
divida_ativa;54105176000137;54105176;GO;3838683;soja;13219.13;9120.42;7;0.0;-902.4;False;True;107;0.0;03;2054;02;False;0220901;True;0;6;1;0;0;0;0.0;False;0.0;8577457.59;2126;4034.55;3501.48;;;;;;;;;;;;;0
limpo;55406264000131;55406264;MT;3047606;soja;0.0;0.0;0;0.0;0.0;False;False;241;1.0;01;2062;02;False;0116401;True;2;6;1;0;0;0;0.0;False;0.0;3490150.22;1814;1924.01;3376.09;;;;;;;;;;;;;0
situacao_irregular;63302094000173;63302094;TO;4589069;soja;0.0;0.0;0;0.0;0.0;False;False;485;1.0;03;2062;03;True;0111301;True;0;8;1;1;0;0;0.0;False;0.0;2443446.14;2744;890.47;4703.19;;2024.4;-0.0039;12496.35;1038.3;-0.1626;18;-0.1071;;;;;0
divida_ativa;37072414000136;37072414;MG;2246509;soja;6678.62;3930.13;1;0.0;224.46;False;False;379;1.0;03;2240;02;False;0311601;True;0;8;2;0;1;0;0.0;False;0.0;18573077.57;406;45746.5;1183.29;;3809.0;-0.3511;358203.19;;;;;;;;;1
limpo;43664230000168;43664230;GO;3355082;soja;84165.97;71450.03;2;0.0;9688.43;False;True;118;0.0;03;2240;02;False;0121101;True;0;5;1;0;0;0;0.0;False;0.0;344902.69;1555;221.8;1341.28;;3426.5;-0.1292;14743.52;1302.6;0.1067;12;-0.0223;;;;;0
passivo_ambiental_auto;77492709000186;77492709;SP;1144522;soja;0.0;0.0;0;0.0;0.0;False;False;440;20779.38;03;4014;02;False;0133403;True;0;7;2;0;1;8;58853.78;False;0.0;22685314.17;3452;6571.64;4478.12;;3859.7;-0.1003;15013.11;975.4;-0.3231;19;-0.3987;;;;;0
limpo;82212984000139;82212984;PR;4374686;soja;0.0;0.0;0;0.0;0.0;False;False;119;4499.0;05;2135;02;False;0220901;True;1;3;2;2;0;0;0.0;False;0.0;;;;;;;;;;;;;;;;;0
divida_ativa;93724040000167;93724040;GO;2856025;soja;392623.46;357992.58;3;0.0;182266.31;False;False;420;0.0;05;2240;02;False;0111301;True;0;6;2;2;1;0;0.0;False;0.0;4215365.78;477;8837.24;5811.42;;1816.6;-0.0367;157568.54;1022.2;-0.0563;11;-0.2071;;;;;0
limpo;40455308000146;40455308;TO;1926828;soja;0.0;0.0;0;0.0;0.0;False;False;334;0.0;03;2054;02;False;0115600;True;0;2;0;0;0;0;0.0;False;0.0;1592038.63;3955;402.54;2086.07;;2103.1;-0.0625;2779.51;847.2;0.0075;25;0.3455;;;;;0
passivo_ambiental_auto;44261627000171;44261627;TO;2625906;soja;0.0;0.0;0;0.0;0.0;False;False;284;0.0;03;2240;02;False;0121101;True;0;4;0;0;0;5;240871.89;False;0.0;7076252.67;3896;1816.29;5129.4;;4004.9;-0.3294;61983.79;1163.5;-0.1957;26;-0.2281;;;;;1
limpo;15415715000182;15415715;MT;3486350;soja;0.0;0.0;0;0.0;0.0;False;False;186;1.0;05;2240;02;False;0151201;True;0;4;1;1;0;0;0.0;False;0.0;65163087.4;3987;16343.89;5719.93;;2279.5;0.0795;14132.81;;;;;;;;;0
limpo;90424316000101;90424316;GO;2856025;soja;0.0;0.0;0;0.0;0.0;False;False;205;1.0;03;2240;02;False;0151201;True;0;6;0;0;0;0;0.0;False;0.0;4215365.78;477;8837.24;5811.42;;1816.6;-0.0367;157568.54;1022.2;-0.0563;11;-0.2071;;;;;0
passivo_ambiental_auto;99522701000158;99522701;BA;3797806;soja;0.0;0.0;0;0.0;0.0;False;False;336;0.0;05;2135;02;False;0210101;True;0;1;0;0;0;11;146.93;False;0.0;4577751.8;3577;1279.77;1116.86;;3266.8;-0.1381;29664.1;1160.2;-0.1501;25;-0.5722;;;;;0
passivo_ambiental_auto;71685210000109;71685210;TO;4589069;soja;0.0;0.0;0;0.0;0.0;False;False;492;0.0;01;2062;02;False;0151201;True;0;3;1;1;0;4;175517.75;False;0.0;2443446.14;2744;890.47;4703.19;;2024.4;-0.0039;12496.35;1038.3;-0.1626;18;-0.1071;;;;;0
situacao_irregular;64896226000103;64896226;TO;1926828;soja;0.0;0.0;0;723702.41;0.0;False;False;119;186442.42;05;2054;08;True;0111301;True;0;4;1;1;0;0;0.0;False;0.0;1592038.63;3955;402.54;2086.07;;2103.1;-0.0625;2779.51;847.2;0.0075;25;0.3455;;;;;0
limpo;71541402000141;71541402;GO;2631798;soja;0.0;0.0;0;0.0;0.0;False;False;109;0.0;05;2054;02;False;0133403;True;0;3;0;0;0;0;0.0;False;0.0;14413700.4;13;1108746.18;6417.73;;3194.9;-0.0821;19788.09;1403.2;-0.2716;20;0.8262;;;;;0
limpo;56672974000176;56672974;RS;5323473;soja;0.0;0.0;0;0.0;0.0;False;False;332;0.0;03;2240;02;False;0133403;True;0;7;1;0;0;0;0.0;False;0.0;5770153.78;3796;1520.06;6107.33;;4184.9;0.3046;1406.53;1150.1;-0.4716;32;0.0109;;;;;0
passivo_ambiental_embargo;78769519000126;78769519;BA;3797806;soja;0.0;0.0;0;127528.26;0.0;False;False;116;0.0;05;2240;02;False;0115600;True;0;3;2;1;0;1;93507.35;True;1873.38;4577751.8;3577;1279.77;1116.86;;3266.8;-0.1381;29664.1;1160.2;-0.1501;25;-0.5722;;;;;0
limpo;28128260000166;28128260;BA;1287110;soja;0.0;0.0;0;0.0;0.0;False;False;451;0.0;03;2240;02;False;0115600;True;0;3;0;0;0;0;0.0;False;0.0;7170659.32;281;25518.36;5970.35;;3173.5;-0.0805;35165.31;;;;;;;;;0
grupo_societario;25289992000140;25289992;PR;4168991;soja;0.0;0.0;0;0.0;0.0;False;False;518;1.0;01;2054;02;False;0220901;True;0;6;21;17;1;0;0.0;False;0.0;;;;;;3272.2;-0.2374;11409.04;801.1;0.1095;21;-0.0934;;;;;0
limpo;54685285000170;54685285;RS;3466531;soja;0.0;0.0;0;0.0;0.0;False;False;400;0.0;03;2240;02;False;0113000;True;0;6;0;0;0;0;0.0;False;0.0;3897875.17;1357;2872.42;4389.67;;;;;;;;;;;;;0
limpo;56678322000149;56678322;RS;5323473;soja;0.0;0.0;0;0.0;0.0;False;False;388;0.0;03;4014;02;False;0133403;True;1;5;0;0;0;0;0.0;False;0.0;5770153.78;3796;1520.06;6107.33;;4184.9;0.3046;1406.53;1150.1;-0.4716;32;0.0109;;;;;0
divida_ativa;56126985000150;56126985;GO;2092240;soja;69818.65;59406.28;9;0.0;15684.08;False;True;412;0.0;03;2135;02;False;0210101;True;0;1;2;1;0;0;0.0;False;0.0;3025600.14;2445;1237.46;6478.28;;;;;;;;;;;;;0
limpo;21729622000125;21729622;MT;5020745;soja;0.0;0.0;0;0.0;0.0;False;False;83;1.0;01;2054;02;False;0220901;True;0;6;2;0;0;0;0.0;False;0.0;16832610.2;2938;5729.28;2659.43;;2865.5;-0.0685;23248.53;1087.1;-0.1985;10;0.5319;;;;;0
limpo;36559744000198;36559744;MT;4952487;soja;0.0;0.0;0;0.0;0.0;False;False;510;0.0;01;2062;02;False;0116401;True;1;7;1;0;0;0;0.0;False;0.0;;;;;;4283.3;-0.0501;26781.4;1142.6;-0.1312;16;-0.1184;;;;;0
limpo;29957772000106;29957772;MS;2167433;soja;0.0;0.0;0;0.0;0.0;False;False;136;1.0;03;2054;02;False;0115600;True;0;2;1;0;0;0;0.0;False;0.0;45698908.98;37;1235105.65;4640.03;;3388.1;-0.041;1178.06;747.3;0.3091;29;-0.1134;;;;;0
limpo;88229990000185;88229990;TO;4589069;soja;0.0;0.0;0;0.0;0.0;False;False;263;0.0;03;4014;02;False;0111301;True;1;7;2;2;0;0;0.0;False;0.0;2443446.14;2744;890.47;4703.19;;2024.4;-0.0039;12496.35;1038.3;-0.1626;18;-0.1071;;;;;0
limpo;11906567000148;11906567;GO;3838683;soja;0.0;0.0;0;16340838.36;0.0;False;False;526;0.0;01;2240;02;False;0115600;True;0;5;2;2;0;9;2723.09;False;0.0;8577457.59;2126;4034.55;3501.48;;;;;;;;;;;;;0
limpo;25073447000111;25073447;GO;3355082;soja;0.0;0.0;0;0.0;0.0;False;False;536;0.0;05;2054;02;False;0311601;True;0;3;1;0;0;0;0.0;False;0.0;344902.69;1555;221.8;1341.28;;3426.5;-0.1292;14743.52;1302.6;0.1067;12;-0.0223;;;;;0
limpo;65679035000144;65679035;PI;3137869;soja;0.0;0.0;0;0.0;0.0;False;False;303;1.0;03;2054;02;False;0151201;True;0;2;0;0;0;0;0.0;False;0.0;10177003.44;1015;10026.6;5071.94;;2744.9;-0.3095;14240.48;640.1;0.0766;0;0.6749;;;;;0
divida_ativa;56535485000172;56535485;PA;3572518;soja;19381.3;15674.16;9;0.0;6332.59;True;False;334;0.0;01;2054;02;False;0115600;True;1;3;0;0;0;0;0.0;False;0.0;8421494.89;3910;2153.84;5580.08;;;;;;;;;;;;;1
limpo;44858568000113;44858568;BA;1287110;soja;0.0;0.0;0;0.0;0.0;False;False;435;0.0;03;4014;02;False;0111301;True;0;5;2;2;1;0;0.0;False;0.0;7170659.32;281;25518.36;5970.35;;3173.5;-0.0805;35165.31;;;;;;;;;0
limpo;77284611000133;77284611;TO;5373788;soja;0.0;0.0;0;0.0;0.0;False;False;547;0.0;05;4014;02;False;0210101;True;0;3;1;0;0;0;0.0;False;0.0;;;;;;;;;;;;;;;;;0
passivo_ambiental_embargo;84166566000188;84166566;TO;2782512;soja;0.0;0.0;0;0.0;0.0;False;False;228;0.0;05;2240;02;False;0210101;True;0;6;1;1;0;5;183353.79;True;1514.44;;;;;;2863.3;-0.1129;5150.27;910.7;0.2631;25;0.1329;0;0.0;;0;0
limpo;42937053000183;42937053;BA;3889457;soja;0.0;0.0;0;0.0;0.0;False;False;291;1.0;05;2054;02;False;0220901;True;0;2;2;2;0;0;0.0;False;0.0;;;;;;3266.5;0.0304;5248.27;1073.2;0.0666;5;0.3658;;;;;0
limpo;61122255000111;61122255;TO;2625906;soja;0.0;0.0;0;0.0;0.0;False;False;475;0.0;01;2135;02;False;0116401;True;0;4;2;0;0;0;0.0;False;0.0;7076252.67;3896;1816.29;5129.4;;4004.9;-0.3294;61983.79;1163.5;-0.1957;26;-0.2281;;;;;0
situacao_irregular;26477353000170;26477353;BA;1287110;soja;0.0;0.0;0;0.0;0.0;False;False;487;1.0;05;2062;08;True;0113000;True;1;3;2;2;0;0;0.0;False;0.0;7170659.32;281;25518.36;5970.35;;3173.5;-0.0805;35165.31;;;;;;;;;0
limpo;13588414000125;13588414;BA;3797806;soja;0.0;0.0;0;0.0;0.0;False;False;299;0.0;01;2240;02;False;0116401;True;0;5;1;0;0;0;0.0;False;0.0;4577751.8;3577;1279.77;1116.86;;3266.8;-0.1381;29664.1;1160.2;-0.1501;25;-0.5722;;;;;0
limpo;41988563000117;41988563;SP;4469177;soja;0.0;0.0;0;0.0;0.0;False;False;485;1.0;05;2062;02;False;0121101;True;0;8;2;2;1;0;0.0;False;0.0;;;;;;;;;;;;;;;;;0
limpo;16944435000124;16944435;TO;1628136;soja;0.0;0.0;0;0.0;0.0;False;False;527;0.0;05;2054;02;False;0220901;True;0;1;2;0;1;0;0.0;False;0.0;22713744.04;630;36053.56;4855.95;;;;;;;;;;;;;0
divida_ativa;56411474000180;56411474;RS;1296511;soja;330591.16;44051.44;4;0.0;149738.17;True;True;374;1.0;03;2054;02;False;0133403;True;1;8;0;0;0;0;0.0;False;0.0;;;;;;;;;;;;;;;;;0
limpo;55510142000190;55510142;MT;4091416;soja;4887.48;2568.57;6;0.0;-1076.0;False;False;448;49945.52;05;2135;02;False;0311601;True;1;8;2;2;1;0;0.0;False;0.0;9930345.71;3827;2594.81;2854.45;;2593.6;0.1175;64737.72;;;;;;;;;0
divida_ativa;99543733000130;99543733;TO;2395181;soja;255762.66;160070.17;9;0.0;59006.88;False;True;492;0.0;03;4014;02;False;0116401;True;0;3;1;1;0;0;0.0;False;0.0;5222030.27;3113;1677.49;5412.59;;4009.6;0.3374;16612.29;725.4;0.2591;36;-0.1239;;;;;1
limpo;52578225000123;52578225;PR;4168991;soja;0.0;0.0;0;0.0;0.0;False;False;302;0.0;03;2054;02;False;0220901;True;0;2;1;1;0;0;0.0;False;0.0;;;;;;3272.2;-0.2374;11409.04;801.1;0.1095;21;-0.0934;;;;;0
passivo_ambiental_auto;87066647000102;87066647;TO;2599733;soja;0.0;0.0;0;0.0;0.0;False;False;144;0.0;01;2062;02;False;0220901;True;0;8;2;0;0;5;502075.42;False;0.0;1134944.18;1648;688.68;2399.35;;3673.1;0.0845;644740.4;;;;;;;;;0
limpo;71824213000186;71824213;TO;2599733;soja;0.0;0.0;0;0.0;0.0;False;False;394;1.0;03;2240;02;False;0311601;True;2;8;1;1;0;0;0.0;False;0.0;1134944.18;1648;688.68;2399.35;;3673.1;0.0845;644740.4;;;;;;;;;0
limpo;30629389000108;30629389;MT;3047606;soja;0.0;0.0;0;0.0;0.0;False;False;36;0.0;03;2135;02;False;0220901;True;1;7;0;0;0;0;0.0;False;0.0;3490150.22;1814;1924.01;3376.09;;;;;;;;;4;20241.29;62;2;1
limpo;53401050000147;53401050;TO;2599733;soja;0.0;0.0;0;0.0;0.0;False;False;413;0.0;05;2062;02;False;0220901;True;0;5;2;2;1;0;0.0;False;0.0;1134944.18;1648;688.68;2399.35;;3673.1;0.0845;644740.4;;;;;;;;;0
situacao_irregular;46627646000102;46627646;RS;1296511;soja;0.0;0.0;0;0.0;0.0;False;False;409;0.0;05;2135;03;True;0311601;True;0;4;2;0;1;0;0.0;False;0.0;;;;;;;;;;;;;;;;;0
limpo;30842471000108;30842471;PR;4374686;soja;0.0;0.0;0;0.0;0.0;False;False;246;0.0;03;2054;02;False;0210101;True;0;8;2;1;1;0;0.0;False;0.0;;;;;;;;;;;;;;;;;0
limpo;54936958000118;54936958;GO;2092240;soja;0.0;0.0;0;0.0;0.0;False;False;454;0.0;03;2062;02;False;0133403;True;1;2;0;0;0;0;0.0;False;0.0;3025600.14;2445;1237.46;6478.28;;;;;;;;;;;;;0
limpo;78451665000109;78451665;PA;3572518;soja;7830534.03;3769378.4;5;0.0;112988.47;False;True;515;1.0;03;2054;02;False;0113000;True;1;2;0;0;0;0;0.0;False;0.0;8421494.89;3910;2153.84;5580.08;;;;;;;;;;;;;0
limpo;40905429000142;40905429;SP;1144522;soja;0.0;0.0;0;0.0;0.0;False;False;229;0.0;01;2054;02;False;0311601;True;0;3;2;1;1;0;0.0;False;0.0;22685314.17;3452;6571.64;4478.12;;3859.7;-0.1003;15013.11;975.4;-0.3231;19;-0.3987;;;;;0
limpo;52973285000140;52973285;MS;2167433;soja;0.0;0.0;0;0.0;0.0;False;False;186;0.0;01;4014;02;False;0151201;True;1;7;2;1;1;0;0.0;False;0.0;45698908.98;37;1235105.65;4640.03;;3388.1;-0.041;1178.06;747.3;0.3091;29;-0.1134;;;;;0
limpo;60852078000166;60852078;PR;4542087;soja;0.0;0.0;0;0.0;0.0;False;False;248;0.0;05;2054;02;False;0113000;True;1;8;2;1;1;0;0.0;False;0.0;2139970.45;3795;563.89;4484.0;;;;;;;;;;;;;0
limpo;15133808000114;15133808;PI;1498259;soja;0.0;0.0;0;0.0;0.0;False;False;228;6589.93;01;2054;02;False;0116401;True;0;2;2;0;1;0;0.0;False;0.0;5961831.05;452;13189.89;2292.48;;3510.9;-0.3402;43788.4;;;;;;;;;0
limpo;69771607000171;69771607;MS;2167433;soja;0.0;0.0;0;0.0;0.0;False;False;519;0.0;01;2240;02;False;0116401;True;1;8;2;2;0;0;0.0;False;0.0;45698908.98;37;1235105.65;4640.03;;3388.1;-0.041;1178.06;747.3;0.3091;29;-0.1134;;;;;0
situacao_irregular;74791014000107;74791014;MT;4091416;soja;0.0;0.0;0;0.0;0.0;False;False;477;0.0;01;2240;08;True;0210101;True;0;1;2;1;0;0;0.0;False;0.0;9930345.71;3827;2594.81;2854.45;;2593.6;0.1175;64737.72;;;;;;;;;0
limpo;91222606000127;91222606;TO;4589069;soja;0.0;0.0;0;0.0;0.0;False;False;495;0.0;05;2135;02;False;0311601;True;0;2;0;0;0;0;0.0;False;0.0;2443446.14;2744;890.47;4703.19;;2024.4;-0.0039;12496.35;1038.3;-0.1626;18;-0.1071;;;;;0
limpo;86762936000175;86762936;GO;2092240;soja;0.0;0.0;0;0.0;0.0;False;False;554;0.0;03;2054;02;False;0133403;True;0;3;1;0;0;0;0.0;False;0.0;3025600.14;2445;1237.46;6478.28;;;;;;;;;1;15456.43;67;1;0
limpo;99447175000109;99447175;TO;2599733;soja;0.0;0.0;0;0.0;0.0;False;False;376;1.0;05;4014;02;False;0210101;True;0;1;2;1;0;0;0.0;False;0.0;1134944.18;1648;688.68;2399.35;;3673.1;0.0845;644740.4;;;;;;;;;1
limpo;29843056000190;29843056;GO;3763424;soja;0.0;0.0;0;0.0;0.0;False;False;153;0.0;03;4014;02;False;0311601;True;0;6;0;0;0;0;0.0;False;0.0;2844536.11;3158;900.74;4170.84;;3496.6;-0.1391;1857.33;;;;;;;;;0
limpo;90346328000157;90346328;TO;1926828;soja;0.0;0.0;0;0.0;0.0;False;False;516;0.0;03;2240;02;False;0210101;True;0;3;0;0;0;0;0.0;False;0.0;1592038.63;3955;402.54;2086.07;;2103.1;-0.0625;2779.51;847.2;0.0075;25;0.3455;;;;;0
limpo;11316382000183;11316382;RS;2897684;soja;0.0;0.0;0;0.0;0.0;False;False;56;4453.71;03;2240;02;False;0121101;True;0;6;2;0;1;0;0.0;False;0.0;25576731.08;1000;25576.73;5293.87;;3022.4;-0.1789;34484.31;791.9;0.1416;23;-0.3386;;;;;0
limpo;81105876000102;81105876;TO;1628136;soja;3506.8;1724.72;5;0.0;169.0;False;True;443;0.0;03;2240;02;False;0121101;True;1;4;2;0;0;7;31740.83;False;0.0;22713744.04;630;36053.56;4855.95;;;;;;;;;;;;;0
limpo;87051112000150;87051112;RS;5323473;soja;0.0;0.0;0;0.0;0.0;False;False;446;58424.9;01;2240;02;False;0115600;True;0;8;1;1;0;0;0.0;False;0.0;5770153.78;3796;1520.06;6107.33;;4184.9;0.3046;1406.53;1150.1;-0.4716;32;0.0109;;;;;0
limpo;48694888000136;48694888;PR;4168991;soja;0.0;0.0;0;0.0;0.0;False;False;9;0.0;01;2054;02;False;0115600;True;0;7;0;0;0;0;0.0;False;0.0;;;;;;3272.2;-0.2374;11409.04;801.1;0.1095;21;-0.0934;1;57389.69;612;1;0
limpo;41707979000110;41707979;MT;1342092;soja;0.0;0.0;0;0.0;0.0;False;False;123;0.0;01;2054;02;False;0151201;True;0;4;0;0;0;0;0.0;False;0.0;722846.84;2362;306.03;1988.84;;3594.8;0.0837;14558.01;663.4;-0.0379;31;0.4066;;;;;0
limpo;69219591000199;69219591;MT;4091416;soja;0.0;0.0;0;0.0;0.0;False;False;360;1.0;03;2054;02;False;0111301;True;0;5;2;1;1;0;0.0;False;0.0;9930345.71;3827;2594.81;2854.45;;2593.6;0.1175;64737.72;;;;;;;;;0
situacao_irregular;18659744000188;18659744;GO;3838683;soja;0.0;0.0;0;0.0;0.0;False;False;290;0.0;05;2135;04;True;0111301;True;0;5;0;0;0;0;0.0;False;0.0;8577457.59;2126;4034.55;3501.48;;;;;;;;;;;;;0
limpo;19758685000168;19758685;RS;5323473;soja;0.0;0.0;0;0.0;0.0;False;False;486;0.0;03;4014;02;False;0220901;True;1;4;0;0;0;0;0.0;False;0.0;5770153.78;3796;1520.06;6107.33;;4184.9;0.3046;1406.53;1150.1;-0.4716;32;0.0109;;;;;0
passivo_ambiental_auto;15434535000148;15434535;MT;4952487;soja;0.0;0.0;0;0.0;0.0;False;False;122;0.0;03;2240;02;False;0220901;True;0;1;0;0;0;1;28808.3;False;0.0;;;;;;4283.3;-0.0501;26781.4;1142.6;-0.1312;16;-0.1184;;;;;0
limpo;34817455000116;34817455;MG;2246509;soja;0.0;0.0;0;0.0;0.0;False;False;198;0.0;01;2062;02;False;0121101;True;0;4;2;1;0;0;0.0;False;0.0;18573077.57;406;45746.5;1183.29;;3809.0;-0.3511;358203.19;;;;;;;;;0
limpo;73391663000158;73391663;MT;4091416;soja;0.0;0.0;0;0.0;0.0;False;False;166;0.0;05;2062;02;False;0311601;True;0;1;2;2;1;0;0.0;False;0.0;9930345.71;3827;2594.81;2854.45;;2593.6;0.1175;64737.72;;;;;;;;;0
limpo;73174866000192;73174866;PR;4168991;soja;0.0;0.0;0;0.0;0.0;False;False;482;1.0;03;2135;02;False;0115600;True;0;8;0;0;0;0;0.0;False;0.0;;;;;;3272.2;-0.2374;11409.04;801.1;0.1095;21;-0.0934;;;;;0
limpo;79185407000190;79185407;MT;1342092;soja;0.0;0.0;0;0.0;0.0;False;False;516;0.0;03;2240;02;False;0115600;True;1;1;1;1;0;0;0.0;False;0.0;722846.84;2362;306.03;1988.84;;3594.8;0.0837;14558.01;663.4;-0.0379;31;0.4066;;;;;0
limpo;28857084000101;28857084;GO;3763424;soja;0.0;0.0;0;0.0;0.0;False;False;33;0.0;01;2054;02;False;0311601;True;0;3;2;2;0;0;0.0;False;0.0;2844536.11;3158;900.74;4170.84;;3496.6;-0.1391;1857.33;;;;;;;;;0
limpo;31251850000196;31251850;TO;2782512;soja;0.0;0.0;0;0.0;0.0;False;False;365;0.0;01;2062;02;False;0133403;True;0;4;0;0;0;0;0.0;False;0.0;;;;;;2863.3;-0.1129;5150.27;910.7;0.2631;25;0.1329;;;;;0
limpo;95565049000106;95565049;RS;5323473;soja;0.0;0.0;0;0.0;0.0;False;False;41;256858.64;05;4014;02;False;0151201;True;0;6;2;2;1;0;0.0;False;0.0;5770153.78;3796;1520.06;6107.33;;4184.9;0.3046;1406.53;1150.1;-0.4716;32;0.0109;;;;;0
limpo;10297943000181;10297943;TO;4589069;soja;0.0;0.0;0;0.0;0.0;False;False;228;1.0;03;2062;02;False;0133403;True;0;1;1;1;0;0;0.0;False;0.0;2443446.14;2744;890.47;4703.19;;2024.4;-0.0039;12496.35;1038.3;-0.1626;18;-0.1071;;;;;0
limpo;65755098000132;65755098;GO;3355082;soja;0.0;0.0;0;0.0;0.0;False;False;466;1.0;01;2054;02;False;0220901;True;1;4;0;0;0;0;0.0;False;0.0;344902.69;1555;221.8;1341.28;;3426.5;-0.1292;14743.52;1302.6;0.1067;12;-0.0223;;;;;0
divida_ativa;24983945000139;24983945;MT;3047606;soja;11223.26;1160.77;4;386675.81;4591.35;False;False;547;0.0;01;2062;02;False;0121101;True;0;4;2;1;0;0;0.0;False;0.0;3490150.22;1814;1924.01;3376.09;;;;;;;;;;;;;0
limpo;62971145000197;62971145;SP;1144522;soja;0.0;0.0;0;0.0;0.0;False;False;364;0.0;03;2135;02;False;0210101;True;0;1;0;0;0;0;0.0;False;0.0;22685314.17;3452;6571.64;4478.12;;3859.7;-0.1003;15013.11;975.4;-0.3231;19;-0.3987;;;;;0
limpo;69313302000116;69313302;PR;4168991;soja;0.0;0.0;0;0.0;0.0;False;False;551;0.0;05;4014;02;False;0220901;True;0;6;1;1;0;0;0.0;False;0.0;;;;;;3272.2;-0.2374;11409.04;801.1;0.1095;21;-0.0934;;;;;0
limpo;49186351000128;49186351;MT;4872493;soja;0.0;0.0;0;0.0;0.0;False;False;122;0.0;03;2062;02;False;0210101;True;0;8;2;2;1;0;0.0;False;0.0;12871579.85;766;16803.63;1283.72;;2678.2;-0.0379;315502.18;1164.2;-0.4814;30;-0.3935;;;;;0
limpo;11849156000168;11849156;PR;4374686;soja;0.0;0.0;0;0.0;0.0;False;False;397;283154.45;01;2240;02;False;0133403;True;0;6;2;0;0;0;0.0;False;0.0;;;;;;;;;;;;;;;;;0
limpo;50381960000117;50381960;TO;5373788;soja;179651.32;112496.45;1;0.0;74280.23;False;True;399;0.0;03;4014;02;False;0116401;True;0;6;2;2;0;0;0.0;False;0.0;;;;;;;;;;;;;;;;;0
divida_ativa;62847086000140;62847086;BA;1287110;soja;8145.22;2479.42;6;0.0;3527.23;True;True;232;0.0;01;2240;02;False;0113000;True;0;7;0;0;0;0;0.0;False;0.0;7170659.32;281;25518.36;5970.35;;3173.5;-0.0805;35165.31;;;;;;;;;0
limpo;14726873000190;14726873;RS;2897684;soja;0.0;0.0;0;0.0;0.0;False;False;24;0.0;05;4014;02;False;0220901;True;1;7;1;1;0;0;0.0;False;0.0;25576731.08;1000;25576.73;5293.87;;3022.4;-0.1789;34484.31;791.9;0.1416;23;-0.3386;;;;;0
limpo;87222636000166;87222636;PI;3137869;soja;0.0;0.0;0;0.0;0.0;False;False;81;0.0;01;4014;02;False;0220901;True;2;7;0;0;0;0;0.0;False;0.0;10177003.44;1015;10026.6;5071.94;;2744.9;-0.3095;14240.48;640.1;0.0766;0;0.6749;;;;;0
situacao_irregular;23777085000114;23777085;MA;1849363;soja;0.0;0.0;0;0.0;0.0;False;False;190;0.0;03;2062;03;True;0111301;True;0;6;2;1;1;0;0.0;False;0.0;1890436.06;790;2392.96;3254.5;;2951.6;0.2319;11567.52;1244.5;-0.2244;14;0.2749;;;;;0
limpo;41089411000182;41089411;TO;2782512;soja;0.0;0.0;0;0.0;0.0;False;False;518;0.0;01;2135;02;False;0311601;True;0;8;0;0;0;0;0.0;False;0.0;;;;;;2863.3;-0.1129;5150.27;910.7;0.2631;25;0.1329;;;;;0
limpo;51483913000147;51483913;PR;4168991;soja;0.0;0.0;0;0.0;0.0;False;False;468;0.0;01;2135;02;False;0111301;True;0;8;2;0;1;0;0.0;False;0.0;;;;;;3272.2;-0.2374;11409.04;801.1;0.1095;21;-0.0934;0;0.0;;0;0
limpo;21071085000179;21071085;MT;4952487;soja;0.0;0.0;0;0.0;0.0;False;False;277;0.0;01;2240;02;False;0113000;True;0;5;1;1;0;0;0.0;False;0.0;;;;;;4283.3;-0.0501;26781.4;1142.6;-0.1312;16;-0.1184;;;;;0
divida_ativa;48360292000108;48360292;BA;1993507;soja;147341.48;97224.7;2;0.0;65658.52;False;False;266;0.0;03;2054;02;False;0113000;True;0;4;1;0;0;0;0.0;False;0.0;;;;;;3041.8;-0.0835;4445.58;1427.8;0.2926;16;-0.2083;;;;;0
situacao_irregular;32116549000132;32116549;PI;4630374;soja;0.0;0.0;0;0.0;0.0;False;False;129;0.0;03;2240;04;True;0115600;True;1;7;2;2;0;0;0.0;False;0.0;13048266.74;1086;12014.98;3730.29;;4454.7;0.2245;24466.93;1518.2;0.2463;22;-0.0198;;;;;0
limpo;53694582000110;53694582;TO;1926828;soja;0.0;0.0;0;0.0;0.0;False;False;162;1.0;01;4014;02;False;0151201;True;1;6;2;1;0;0;0.0;False;0.0;1592038.63;3955;402.54;2086.07;;2103.1;-0.0625;2779.51;847.2;0.0075;25;0.3455;;;;;0
limpo;46664312000109;46664312;RS;4372021;soja;0.0;0.0;0;0.0;0.0;False;False;12;0.0;05;4014;02;False;0115600;True;0;5;2;2;0;0;0.0;False;0.0;4702656.59;2724;1726.38;4444.47;;2871.3;-0.1436;6684.69;1363.1;-0.0476;4;-0.0304;;;;;0
limpo;19639642000163;19639642;RS;5323473;soja;0.0;0.0;0;0.0;0.0;False;False;222;0.0;01;2135;02;False;0113000;True;0;3;1;1;0;0;0.0;False;0.0;5770153.78;3796;1520.06;6107.33;;4184.9;0.3046;1406.53;1150.1;-0.4716;32;0.0109;1;71471.53;462;1;0
limpo;68306505000112;68306505;MT;3486350;soja;0.0;0.0;0;0.0;0.0;False;False;305;1.0;05;2054;02;False;0133403;True;0;3;2;2;1;0;0.0;False;0.0;65163087.4;3987;16343.89;5719.93;;2279.5;0.0795;14132.81;;;;;;;;;0
limpo;19787663000126;19787663;TO;2625906;soja;0.0;0.0;0;0.0;0.0;False;False;418;0.0;03;4014;02;False;0115600;True;1;6;2;0;1;0;0.0;False;0.0;7076252.67;3896;1816.29;5129.4;;4004.9;-0.3294;61983.79;1163.5;-0.1957;26;-0.2281;;;;;0
limpo;38083361000111;38083361;RS;5323473;soja;0.0;0.0;0;0.0;0.0;False;False;217;1.0;03;2054;02;False;0311601;True;0;4;0;0;0;0;0.0;False;0.0;5770153.78;3796;1520.06;6107.33;;4184.9;0.3046;1406.53;1150.1;-0.4716;32;0.0109;;;;;0
limpo;81673837000101;81673837;SP;4469177;soja;0.0;0.0;0;0.0;0.0;False;False;104;0.0;01;2054;02;False;0121101;True;0;1;2;0;0;0;0.0;False;0.0;;;;;;;;;;;;;;;;;0
limpo;26003317000175;26003317;MA;1849363;soja;0.0;0.0;0;0.0;0.0;False;False;380;155244.91;01;2062;02;False;0210101;True;0;4;2;2;1;0;0.0;False;0.0;1890436.06;790;2392.96;3254.5;;2951.6;0.2319;11567.52;1244.5;-0.2244;14;0.2749;;;;;0
limpo;43026973000102;43026973;PI;3137869;soja;0.0;0.0;0;0.0;0.0;False;False;442;0.0;03;2135;02;False;0116401;True;0;6;1;0;0;0;0.0;False;0.0;10177003.44;1015;10026.6;5071.94;;2744.9;-0.3095;14240.48;640.1;0.0766;0;0.6749;;;;;0
limpo;97647044000140;97647044;TO;2782512;soja;0.0;0.0;0;0.0;0.0;False;False;350;0.0;05;2135;02;False;0121101;True;2;2;1;0;0;0;0.0;False;0.0;;;;;;2863.3;-0.1129;5150.27;910.7;0.2631;25;0.1329;;;;;0
limpo;18099435000109;18099435;BA;1993507;soja;0.0;0.0;0;0.0;0.0;False;False;514;94491.92;05;4014;02;False;0111301;True;0;8;1;1;0;0;0.0;False;0.0;;;;;;3041.8;-0.0835;4445.58;1427.8;0.2926;16;-0.2083;;;;;0
limpo;66156622000111;66156622;MT;3486350;soja;0.0;0.0;0;0.0;0.0;False;False;173;0.0;01;2054;02;False;0116401;True;0;4;2;0;1;0;0.0;False;0.0;65163087.4;3987;16343.89;5719.93;;2279.5;0.0795;14132.81;;;;;;;;;0
divida_ativa;87653536000194;87653536;MG;2246509;soja;50120.18;47817.16;1;0.0;-1351.67;False;False;187;0.0;01;2054;02;False;0115600;True;0;5;2;1;1;1;15310.91;False;0.0;18573077.57;406;45746.5;1183.29;;3809.0;-0.3511;358203.19;;;;;;;;;0
limpo;81707308000173;81707308;TO;2625906;soja;0.0;0.0;0;0.0;0.0;False;False;344;35406.97;01;4014;02;False;0116401;True;0;8;0;0;0;0;0.0;False;0.0;7076252.67;3896;1816.29;5129.4;;4004.9;-0.3294;61983.79;1163.5;-0.1957;26;-0.2281;;;;;0
grupo_societario;54019895000135;54019895;MT;4952487;soja;0.0;0.0;0;0.0;0.0;False;False;308;0.0;03;2240;02;False;0116401;True;0;7;21;9;5;0;0.0;False;0.0;;;;;;4283.3;-0.0501;26781.4;1142.6;-0.1312;16;-0.1184;;;;;0
limpo;17708195000121;17708195;BA;3797806;soja;0.0;0.0;0;0.0;0.0;False;False;227;0.0;05;4014;02;False;0116401;True;0;6;2;1;1;0;0.0;False;0.0;4577751.8;3577;1279.77;1116.86;;3266.8;-0.1381;29664.1;1160.2;-0.1501;25;-0.5722;;;;;0
passivo_ambiental_auto;55121564000174;55121564;MG;2246509;soja;0.0;0.0;0;0.0;0.0;False;False;481;26918.22;01;2062;02;False;0133403;True;1;2;2;2;0;8;57497.01;False;0.0;18573077.57;406;45746.5;1183.29;;3809.0;-0.3511;358203.19;;;;;;;;;0
passivo_ambiental_embargo;77152368000108;77152368;MT;4091416;soja;56009.55;23558.5;7;0.0;-11626.16;True;True;98;1.0;05;2135;02;False;0116401;True;0;1;0;0;0;13;229106.01;True;2548.38;9930345.71;3827;2594.81;2854.45;;2593.6;0.1175;64737.72;;;;;;;;;1
passivo_ambiental_auto;61434502000115;61434502;MT;4952487;soja;192029.52;146044.77;7;0.0;-22779.99;True;True;59;1.0;01;2135;02;False;0111301;True;0;8;2;0;1;12;30660763.77;False;0.0;;;;;;4283.3;-0.0501;26781.4;1142.6;-0.1312;16;-0.1184;;;;;1
limpo;72426074000103;72426074;MT;1342092;soja;0.0;0.0;0;0.0;0.0;False;False;376;0.0;01;4014;02;False;0115600;True;0;6;1;1;0;0;0.0;False;0.0;722846.84;2362;306.03;1988.84;;3594.8;0.0837;14558.01;663.4;-0.0379;31;0.4066;;;;;0
limpo;31112142000174;31112142;BA;1287110;soja;0.0;0.0;0;0.0;0.0;False;False;250;0.0;03;2062;02;False;0116401;True;0;1;1;0;0;0;0.0;False;0.0;7170659.32;281;25518.36;5970.35;;3173.5;-0.0805;35165.31;;;;;;;;;0
divida_ativa;60515843000152;60515843;RS;3466531;soja;260046.61;5643.56;5;0.0;123129.33;True;True;460;0.0;05;2240;02;False;0311601;True;0;8;0;0;0;0;0.0;False;0.0;3897875.17;1357;2872.42;4389.67;;;;;;;;;;;;;1
limpo;27247661000172;27247661;MT;4872493;soja;0.0;0.0;0;0.0;0.0;False;False;362;0.0;01;2240;02;False;0220901;True;0;2;2;1;0;0;0.0;False;0.0;12871579.85;766;16803.63;1283.72;;2678.2;-0.0379;315502.18;1164.2;-0.4814;30;-0.3935;;;;;0
limpo;25210326000174;25210326;PI;3137869;soja;0.0;0.0;0;0.0;0.0;False;False;518;0.0;03;2240;02;False;0121101;True;0;2;2;2;0;0;0.0;False;0.0;10177003.44;1015;10026.6;5071.94;;2744.9;-0.3095;14240.48;640.1;0.0766;0;0.6749;;;;;0
situacao_irregular;45392913000139;45392913;RS;1296511;soja;0.0;0.0;0;0.0;0.0;False;False;331;0.0;05;2240;03;True;0133403;True;0;1;2;0;1;0;0.0;False;0.0;;;;;;;;;;;;;;;;;1
limpo;22181808000155;22181808;PR;4374686;soja;0.0;0.0;0;0.0;0.0;False;False;43;0.0;05;2135;02;False;0133403;True;0;4;0;0;0;0;0.0;False;0.0;;;;;;;;;;;;;;;;;0
grupo_societario;94753864000128;94753864;GO;3763424;soja;0.0;0.0;0;0.0;0.0;False;False;395;0.0;03;2240;02;False;0115600;True;0;2;8;5;2;0;0.0;False;0.0;2844536.11;3158;900.74;4170.84;;3496.6;-0.1391;1857.33;;;;;6;50424.15;135;2;0
limpo;29938369000121;29938369;RS;5323473;soja;0.0;0.0;0;0.0;0.0;False;False;182;0.0;05;2062;02;False;0111301;True;0;8;1;1;0;0;0.0;False;0.0;5770153.78;3796;1520.06;6107.33;;4184.9;0.3046;1406.53;1150.1;-0.4716;32;0.0109;;;;;0
limpo;80889684000163;80889684;MT;3486350;soja;0.0;0.0;0;0.0;0.0;False;False;135;1.0;01;2054;02;False;0220901;True;0;1;0;0;0;0;0.0;False;0.0;65163087.4;3987;16343.89;5719.93;;2279.5;0.0795;14132.81;;;;;;;;;0
passivo_ambiental_auto;23126013000107;23126013;GO;3838683;soja;0.0;0.0;0;0.0;0.0;False;False;406;0.0;01;2054;02;False;0151201;True;0;6;1;0;0;10;510405.71;False;0.0;8577457.59;2126;4034.55;3501.48;;;;;;;;;;;;;0
divida_ativa;11281676000117;11281676;MT;1342092;soja;136976.9;39448.34;2;0.0;-17730.86;False;False;112;17387.48;03;2135;02;False;0111301;True;0;1;1;1;0;0;0.0;False;0.0;722846.84;2362;306.03;1988.84;;3594.8;0.0837;14558.01;663.4;-0.0379;31;0.4066;;;;;0
limpo;53114723000188;53114723;MA;1849363;soja;0.0;0.0;0;0.0;0.0;False;False;20;0.0;05;2240;02;False;0151201;True;0;8;0;0;0;0;0.0;False;0.0;1890436.06;790;2392.96;3254.5;;2951.6;0.2319;11567.52;1244.5;-0.2244;14;0.2749;;;;;0
limpo;45898504000109;45898504;GO;2856025;soja;0.0;0.0;0;0.0;0.0;False;False;448;1.0;03;2062;02;False;0111301;True;0;6;2;0;1;0;0.0;False;0.0;4215365.78;477;8837.24;5811.42;;1816.6;-0.0367;157568.54;1022.2;-0.0563;11;-0.2071;;;;;0
limpo;74919405000164;74919405;PR;4542087;soja;0.0;0.0;0;0.0;0.0;False;False;24;0.0;05;2062;02;False;0220901;True;0;7;1;1;0;0;0.0;False;0.0;2139970.45;3795;563.89;4484.0;;;;;;;;;;;;;0
limpo;85787297000130;85787297;TO;2625906;soja;14102.34;458.46;6;0.0;2205.8;False;False;463;1.0;03;2054;02;False;0220901;True;0;4;2;2;0;0;0.0;False;0.0;7076252.67;3896;1816.29;5129.4;;4004.9;-0.3294;61983.79;1163.5;-0.1957;26;-0.2281;;;;;0
situacao_irregular;22730453000106;22730453;MT;3486350;soja;0.0;0.0;0;0.0;0.0;False;False;396;0.0;03;4014;03;True;0311601;True;0;1;0;0;0;0;0.0;False;0.0;65163087.4;3987;16343.89;5719.93;;2279.5;0.0795;14132.81;;;;;;;;;0
limpo;26473634000155;26473634;TO;1926828;soja;0.0;0.0;0;0.0;0.0;False;False;158;1.0;01;2135;02;False;0116401;True;2;3;0;0;0;0;0.0;False;0.0;1592038.63;3955;402.54;2086.07;;2103.1;-0.0625;2779.51;847.2;0.0075;25;0.3455;;;;;0
limpo;56468357000153;56468357;GO;2856025;soja;8719.81;3740.09;7;0.0;596.39;True;False;100;0.0;01;2054;02;False;0133403;True;0;4;0;0;0;0;0.0;False;0.0;4215365.78;477;8837.24;5811.42;;1816.6;-0.0367;157568.54;1022.2;-0.0563;11;-0.2071;;;;;0
limpo;75776715000130;75776715;GO;2856025;soja;0.0;0.0;0;0.0;0.0;False;False;264;0.0;03;4014;02;False;0116401;True;1;5;0;0;0;0;0.0;False;0.0;4215365.78;477;8837.24;5811.42;;1816.6;-0.0367;157568.54;1022.2;-0.0563;11;-0.2071;;;;;0
limpo;18792006000104;18792006;TO;1628136;soja;0.0;0.0;0;0.0;0.0;False;False;145;0.0;03;2135;02;False;0115600;True;1;6;0;0;0;0;0.0;False;0.0;22713744.04;630;36053.56;4855.95;;;;;;;;;;;;;0
limpo;76353255000108;76353255;PA;3572518;soja;0.0;0.0;0;0.0;0.0;False;False;506;0.0;05;2240;02;False;0133403;True;0;2;2;1;0;0;0.0;False;0.0;8421494.89;3910;2153.84;5580.08;;;;;;;;;;;;;0
limpo;53032827000143;53032827;TO;2782512;soja;0.0;0.0;0;0.0;0.0;False;False;36;0.0;01;2240;02;False;0115600;True;0;5;2;1;1;0;0.0;False;0.0;;;;;;2863.3;-0.1129;5150.27;910.7;0.2631;25;0.1329;4;25438.35;855;2;0
limpo;28714500000104;28714500;PI;3137869;soja;0.0;0.0;0;0.0;0.0;False;False;261;0.0;03;2054;02;False;0115600;True;1;5;0;0;0;0;0.0;False;0.0;10177003.44;1015;10026.6;5071.94;;2744.9;-0.3095;14240.48;640.1;0.0766;0;0.6749;;;;;0
limpo;11602218000132;11602218;PI;3137869;soja;0.0;0.0;0;0.0;0.0;False;False;179;0.0;01;2054;02;False;0220901;True;0;7;2;2;0;0;0.0;False;0.0;10177003.44;1015;10026.6;5071.94;;2744.9;-0.3095;14240.48;640.1;0.0766;0;0.6749;;;;;0
passivo_ambiental_embargo;90001444000134;90001444;TO;2625906;soja;0.0;0.0;0;0.0;0.0;False;False;314;0.0;05;4014;02;False;0220901;True;1;4;0;0;0;6;24928.06;True;1915.66;7076252.67;3896;1816.29;5129.4;;4004.9;-0.3294;61983.79;1163.5;-0.1957;26;-0.2281;5;23381.89;451;3;0
limpo;39975121000194;39975121;MA;1849363;soja;0.0;0.0;0;0.0;0.0;False;False;381;0.0;01;2054;02;False;0133403;True;1;1;2;0;1;0;0.0;False;0.0;1890436.06;790;2392.96;3254.5;;2951.6;0.2319;11567.52;1244.5;-0.2244;14;0.2749;;;;;0
limpo;78143074000174;78143074;MT;5020745;soja;0.0;0.0;0;0.0;0.0;False;False;529;0.0;05;2135;02;False;0311601;True;0;4;1;1;0;0;0.0;False;0.0;16832610.2;2938;5729.28;2659.43;;2865.5;-0.0685;23248.53;1087.1;-0.1985;10;0.5319;;;;;0
divida_ativa;81798741000161;81798741;GO;2092240;soja;6614.24;2252.88;8;0.0;-824.5;True;True;307;0.0;01;2135;02;False;0115600;True;0;1;1;1;0;0;0.0;False;0.0;3025600.14;2445;1237.46;6478.28;;;;;;;;;;;;;0
limpo;98919392000191;98919392;GO;2856025;soja;0.0;0.0;0;0.0;0.0;False;False;447;0.0;01;4014;02;False;0210101;True;0;4;0;0;0;0;0.0;False;0.0;4215365.78;477;8837.24;5811.42;;1816.6;-0.0367;157568.54;1022.2;-0.0563;11;-0.2071;0;0.0;;0;0
limpo;25312753000163;25312753;GO;2856025;soja;0.0;0.0;0;0.0;0.0;False;False;483;0.0;01;2054;02;False;0311601;True;0;4;0;0;0;0;0.0;False;0.0;4215365.78;477;8837.24;5811.42;;1816.6;-0.0367;157568.54;1022.2;-0.0563;11;-0.2071;;;;;0
passivo_ambiental_auto;87941557000105;87941557;PI;3137869;soja;0.0;0.0;0;0.0;0.0;False;False;52;0.0;01;2054;02;False;0113000;True;1;8;0;0;0;1;22607.85;False;0.0;10177003.44;1015;10026.6;5071.94;;2744.9;-0.3095;14240.48;640.1;0.0766;0;0.6749;;;;;0
limpo;67928247000143;67928247;TO;5373788;soja;0.0;0.0;0;0.0;0.0;False;False;68;1.0;03;2135;02;False;0311601;True;0;1;0;0;0;0;0.0;False;0.0;;;;;;;;;;;;;;;;;0
limpo;69211131000114;69211131;BA;1287110;soja;0.0;0.0;0;0.0;0.0;False;False;41;0.0;03;4014;02;False;0311601;True;0;4;0;0;0;0;0.0;False;0.0;7170659.32;281;25518.36;5970.35;;3173.5;-0.0805;35165.31;;;;;;;;;0
limpo;82089621000158;82089621;TO;4589069;soja;0.0;0.0;0;0.0;0.0;False;False;275;0.0;03;2240;02;False;0133403;True;4;2;1;1;0;0;0.0;False;0.0;2443446.14;2744;890.47;4703.19;;2024.4;-0.0039;12496.35;1038.3;-0.1626;18;-0.1071;;;;;0
limpo;52224123000100;52224123;MT;4952487;soja;0.0;0.0;0;0.0;0.0;False;False;384;17251.06;03;2062;02;False;0311601;True;1;1;2;0;1;0;0.0;False;0.0;;;;;;4283.3;-0.0501;26781.4;1142.6;-0.1312;16;-0.1184;;;;;0
limpo;90094777000155;90094777;MT;4881066;soja;0.0;0.0;0;0.0;0.0;False;False;86;0.0;01;2240;02;False;0220901;True;0;8;0;0;0;0;0.0;False;0.0;;;;;;;;;;;;;0;0.0;;0;0
divida_ativa;46476216000129;46476216;PI;1498259;soja;8882.57;2286.22;1;1435370.32;-583.49;False;False;263;0.0;03;4014;02;False;0116401;True;0;8;1;1;0;0;0.0;False;0.0;5961831.05;452;13189.89;2292.48;;3510.9;-0.3402;43788.4;;;;;;;;;0
limpo;84034055000102;84034055;TO;2395181;soja;0.0;0.0;0;0.0;0.0;False;False;67;0.0;01;4014;02;False;0115600;True;0;6;1;0;0;0;0.0;False;0.0;5222030.27;3113;1677.49;5412.59;;4009.6;0.3374;16612.29;725.4;0.2591;36;-0.1239;;;;;0
limpo;24330053000139;24330053;PR;4374686;soja;0.0;0.0;0;0.0;0.0;False;False;126;0.0;03;4014;02;False;0115600;True;0;2;0;0;0;0;0.0;False;0.0;;;;;;;;;;;;;;;;;0
limpo;19480896000181;19480896;TO;2395181;soja;0.0;0.0;0;0.0;0.0;False;False;501;1.0;05;2054;02;False;0116401;True;1;2;2;2;0;0;0.0;False;0.0;5222030.27;3113;1677.49;5412.59;;4009.6;0.3374;16612.29;725.4;0.2591;36;-0.1239;;;;;0
divida_ativa;30979544000108;30979544;BA;1287110;soja;32737.69;13160.57;1;0.0;-1773.36;True;True;266;27444.86;03;2240;02;False;0220901;True;0;3;0;0;0;0;0.0;False;0.0;7170659.32;281;25518.36;5970.35;;3173.5;-0.0805;35165.31;;;;;;;;;0
limpo;99157731000102;99157731;TO;5373788;soja;0.0;0.0;0;0.0;0.0;False;False;460;0.0;03;2240;02;False;0133403;True;1;3;0;0;0;0;0.0;False;0.0;;;;;;;;;;;;;;;;;0
divida_ativa;53569057000172;53569057;BA;3797806;soja;485458.1;129206.96;5;0.0;207577.57;False;True;11;0.0;03;2054;02;False;0210101;True;1;5;0;0;0;0;0.0;False;0.0;4577751.8;3577;1279.77;1116.86;;3266.8;-0.1381;29664.1;1160.2;-0.1501;25;-0.5722;;;;;0
situacao_irregular;87851575000104;87851575;RS;2897684;soja;0.0;0.0;0;0.0;0.0;False;False;494;1.0;03;2054;03;True;0133403;True;0;5;2;2;1;0;0.0;False;0.0;25576731.08;1000;25576.73;5293.87;;3022.4;-0.1789;34484.31;791.9;0.1416;23;-0.3386;;;;;0
limpo;53168319000197;53168319;RS;5323473;soja;0.0;0.0;0;0.0;0.0;False;False;131;0.0;05;4014;02;False;0133403;True;0;7;1;1;0;0;0.0;False;0.0;5770153.78;3796;1520.06;6107.33;;4184.9;0.3046;1406.53;1150.1;-0.4716;32;0.0109;3;17818.18;61;3;0
limpo;35464669000119;35464669;MT;1342092;soja;0.0;0.0;0;0.0;0.0;False;False;221;0.0;03;4014;02;False;0133403;True;1;1;1;1;0;0;0.0;False;0.0;722846.84;2362;306.03;1988.84;;3594.8;0.0837;14558.01;663.4;-0.0379;31;0.4066;;;;;0
limpo;25673404000177;25673404;RS;5323473;soja;8143.22;6402.48;7;0.0;1866.91;False;False;494;3457571.46;03;2062;02;False;0210101;True;1;8;2;0;0;0;0.0;False;0.0;5770153.78;3796;1520.06;6107.33;;4184.9;0.3046;1406.53;1150.1;-0.4716;32;0.0109;;;;;0
divida_ativa;58315061000128;58315061;TO;2395181;soja;2488.44;702.17;9;0.0;870.44;True;True;227;0.0;03;4014;02;False;0151201;True;0;6;1;1;0;0;0.0;False;0.0;5222030.27;3113;1677.49;5412.59;;4009.6;0.3374;16612.29;725.4;0.2591;36;-0.1239;;;;;0
limpo;42484152000157;42484152;PA;3572518;soja;0.0;0.0;0;0.0;0.0;False;False;355;63454.14;01;2054;02;False;0133403;True;0;3;0;0;0;0;0.0;False;0.0;8421494.89;3910;2153.84;5580.08;;;;;;;;;3;3189.91;401;3;0
situacao_irregular;76837687000186;76837687;BA;3889457;soja;0.0;0.0;0;0.0;0.0;False;False;442;1.0;01;2135;03;True;0121101;True;1;1;1;0;0;0;0.0;False;0.0;;;;;;3266.5;0.0304;5248.27;1073.2;0.0666;5;0.3658;;;;;0
limpo;33149789000104;33149789;TO;5373788;soja;0.0;0.0;0;0.0;0.0;False;False;499;0.0;03;2062;02;False;0121101;True;0;8;1;1;0;0;0.0;False;0.0;;;;;;;;;;;;;;;;;0
limpo;75897219000134;75897219;PI;1498259;soja;0.0;0.0;0;0.0;0.0;False;False;444;0.0;01;2054;02;False;0113000;True;0;3;2;1;0;0;0.0;False;0.0;5961831.05;452;13189.89;2292.48;;3510.9;-0.3402;43788.4;;;;;;;;;0
limpo;67323280000140;67323280;GO;3838683;soja;0.0;0.0;0;0.0;0.0;False;False;53;0.0;01;2135;02;False;0116401;True;0;5;1;0;0;0;0.0;False;0.0;8577457.59;2126;4034.55;3501.48;;;;;;;;;;;;;0
limpo;33870618000161;33870618;RS;1296511;soja;0.0;0.0;0;0.0;0.0;False;False;106;0.0;01;2054;02;False;0311601;True;0;2;2;0;0;0;0.0;False;0.0;;;;;;;;;;;;;;;;;0
limpo;45278113000191;45278113;TO;5373788;soja;4963.48;4495.32;5;0.0;-70.57;True;False;154;0.0;01;2135;02;False;0311601;True;1;1;0;0;0;0;0.0;False;0.0;;;;;;;;;;;;;;;;;0
grupo_societario;68011786000186;68011786;GO;3838683;soja;0.0;0.0;0;0.0;0.0;False;False;199;0.0;01;2054;02;False;0210101;True;1;5;11;2;4;0;0.0;False;0.0;8577457.59;2126;4034.55;3501.48;;;;;;;;;;;;;0
limpo;74336045000178;74336045;MS;2167433;soja;0.0;0.0;0;0.0;0.0;False;False;189;1.0;03;2135;02;False;0111301;True;3;4;2;0;1;0;0.0;False;0.0;45698908.98;37;1235105.65;4640.03;;3388.1;-0.041;1178.06;747.3;0.3091;29;-0.1134;;;;;0
grupo_societario;54292729000108;54292729;GO;3355082;soja;0.0;0.0;0;0.0;0.0;False;False;318;0.0;05;4014;02;False;0116401;True;0;3;17;12;8;0;0.0;False;0.0;344902.69;1555;221.8;1341.28;;3426.5;-0.1292;14743.52;1302.6;0.1067;12;-0.0223;;;;;0
limpo;42291775000103;42291775;GO;2856025;soja;0.0;0.0;0;0.0;0.0;False;False;181;1.0;03;2054;02;False;0113000;True;0;8;2;1;1;0;0.0;False;0.0;4215365.78;477;8837.24;5811.42;;1816.6;-0.0367;157568.54;1022.2;-0.0563;11;-0.2071;;;;;0
situacao_irregular;21202489000154;21202489;MS;2167433;soja;0.0;0.0;0;0.0;0.0;False;False;396;0.0;05;2240;03;True;0111301;True;0;8;2;0;0;0;0.0;False;0.0;45698908.98;37;1235105.65;4640.03;;3388.1;-0.041;1178.06;747.3;0.3091;29;-0.1134;;;;;0
limpo;48340773000143;48340773;MA;2547930;soja;24656.96;2522.03;2;0.0;7901.9;True;False;260;0.0;01;2054;02;False;0210101;True;0;2;0;0;0;0;0.0;False;0.0;3056399.2;3421;893.42;2943.06;;3413.0;0.1153;12947.73;1079.8;-0.105;39;-0.2894;;;;;0
limpo;57996867000166;57996867;PI;4630374;soja;0.0;0.0;0;0.0;0.0;False;False;37;1.0;05;2240;02;False;0220901;True;0;7;0;0;0;0;0.0;False;0.0;13048266.74;1086;12014.98;3730.29;;4454.7;0.2245;24466.93;1518.2;0.2463;22;-0.0198;;;;;0
grupo_societario;22298178000101;22298178;BA;1287110;soja;0.0;0.0;0;0.0;0.0;False;False;478;0.0;01;2062;02;False;0133403;True;0;1;25;25;7;0;0.0;False;0.0;7170659.32;281;25518.36;5970.35;;3173.5;-0.0805;35165.31;;;;;1;1092568.04;725;1;0
limpo;89935336000150;89935336;SP;4469177;soja;0.0;0.0;0;1128004.66;0.0;False;False;302;0.0;03;2135;02;False;0111301;True;1;3;0;0;0;0;0.0;False;0.0;;;;;;;;;;;;;6;110335.03;270;1;0
limpo;80359371000101;80359371;BA;1993507;soja;0.0;0.0;0;0.0;0.0;False;False;326;1.0;03;2135;02;False;0210101;True;0;1;2;1;1;0;0.0;False;0.0;;;;;;3041.8;-0.0835;4445.58;1427.8;0.2926;16;-0.2083;;;;;0
divida_ativa;14152491000109;14152491;MT;3047606;soja;515512.28;174738.97;2;0.0;153152.51;False;False;341;0.0;05;2054;02;False;0115600;True;1;3;0;0;0;0;0.0;False;0.0;3490150.22;1814;1924.01;3376.09;;;;;;;;;;;;;0
divida_ativa;46779698000196;46779698;GO;3838683;soja;526390.25;446034.87;5;0.0;196945.57;True;True;489;0.0;03;2135;02;False;0113000;True;0;5;1;0;0;0;0.0;False;0.0;8577457.59;2126;4034.55;3501.48;;;;;;;;;;;;;0
limpo;77140067000156;77140067;PI;1498259;soja;0.0;0.0;0;0.0;0.0;False;False;114;1.0;01;2054;02;False;0133403;True;0;2;2;1;0;0;0.0;False;0.0;5961831.05;452;13189.89;2292.48;;3510.9;-0.3402;43788.4;;;;;;;;;0
grupo_societario;12826793000181;12826793;MT;4091416;soja;0.0;0.0;0;0.0;0.0;False;False;49;0.0;03;2054;02;False;0220901;True;0;6;24;1;4;0;0.0;False;0.0;9930345.71;3827;2594.81;2854.45;;2593.6;0.1175;64737.72;;;;;;;;;0
limpo;50130906000107;50130906;GO;2631798;soja;0.0;0.0;0;0.0;0.0;False;False;420;0.0;05;2062;02;False;0220901;True;0;6;0;0;0;0;0.0;False;0.0;14413700.4;13;1108746.18;6417.73;;3194.9;-0.0821;19788.09;1403.2;-0.2716;20;0.8262;;;;;0
limpo;26624072000101;26624072;PR;4542087;soja;0.0;0.0;0;0.0;0.0;False;False;528;0.0;05;2054;02;False;0115600;True;0;5;2;0;1;0;0.0;False;0.0;2139970.45;3795;563.89;4484.0;;;;;;;;;;;;;0
limpo;49569133000172;49569133;GO;3763424;soja;0.0;0.0;0;0.0;0.0;False;False;455;0.0;01;2054;02;False;0220901;True;0;5;0;0;0;0;0.0;False;0.0;2844536.11;3158;900.74;4170.84;;3496.6;-0.1391;1857.33;;;;;;;;;0
limpo;30691202000198;30691202;MT;4091416;soja;0.0;0.0;0;0.0;0.0;False;False;113;0.0;03;2240;02;False;0111301;True;1;2;2;1;0;0;0.0;False;0.0;9930345.71;3827;2594.81;2854.45;;2593.6;0.1175;64737.72;;;;;;;;;0
limpo;20781419000135;20781419;GO;2856025;soja;0.0;0.0;0;0.0;0.0;False;False;12;0.0;03;2054;02;False;0220901;True;0;5;1;1;0;0;0.0;False;0.0;4215365.78;477;8837.24;5811.42;;1816.6;-0.0367;157568.54;1022.2;-0.0563;11;-0.2071;;;;;0
limpo;67430990000179;67430990;PI;3137869;soja;0.0;0.0;0;0.0;0.0;False;False;169;1.0;01;4014;02;False;0116401;True;0;2;0;0;0;0;0.0;False;0.0;10177003.44;1015;10026.6;5071.94;;2744.9;-0.3095;14240.48;640.1;0.0766;0;0.6749;;;;;0
grupo_societario;89439447000175;89439447;MA;1813278;soja;0.0;0.0;0;0.0;0.0;False;False;502;0.0;01;2054;02;False;0133403;True;1;5;8;0;4;0;0.0;False;0.0;;;;;;3988.3;0.1576;4152.02;852.3;0.0456;18;-0.0187;;;;;0
limpo;16031589000125;16031589;PI;3137869;soja;0.0;0.0;0;0.0;0.0;False;False;406;0.0;05;4014;02;False;0115600;True;0;3;1;1;0;0;0.0;False;0.0;10177003.44;1015;10026.6;5071.94;;2744.9;-0.3095;14240.48;640.1;0.0766;0;0.6749;;;;;0
limpo;65692507000107;65692507;MA;2547930;soja;0.0;0.0;0;0.0;0.0;False;False;45;1.0;03;2135;02;False;0115600;True;0;7;2;2;0;9;85026.95;False;0.0;3056399.2;3421;893.42;2943.06;;3413.0;0.1153;12947.73;1079.8;-0.105;39;-0.2894;3;593978.02;348;3;0
limpo;26542297000100;26542297;TO;2625906;soja;0.0;0.0;0;0.0;0.0;False;False;421;1.0;03;4014;02;False;0121101;True;1;4;0;0;0;0;0.0;False;0.0;7076252.67;3896;1816.29;5129.4;;4004.9;-0.3294;61983.79;1163.5;-0.1957;26;-0.2281;;;;;0
limpo;58284174000103;58284174;MA;2547930;soja;0.0;0.0;0;0.0;0.0;False;False;157;0.0;03;2240;02;False;0115600;True;1;1;2;1;1;0;0.0;False;0.0;3056399.2;3421;893.42;2943.06;;3413.0;0.1153;12947.73;1079.8;-0.105;39;-0.2894;;;;;1
limpo;72154431000113;72154431;RS;5323473;soja;0.0;0.0;0;0.0;0.0;False;False;554;148799.82;05;2240;02;False;0111301;True;0;1;2;2;0;0;0.0;False;0.0;5770153.78;3796;1520.06;6107.33;;4184.9;0.3046;1406.53;1150.1;-0.4716;32;0.0109;;;;;0
limpo;79158928000159;79158928;MT;4881066;soja;0.0;0.0;0;0.0;0.0;False;False;242;42148.26;01;2135;02;False;0210101;True;1;7;0;0;0;0;0.0;False;0.0;;;;;;;;;;;;;;;;;1
limpo;94384831000158;94384831;MA;1849363;soja;0.0;0.0;0;0.0;0.0;False;False;387;0.0;01;2240;02;False;0151201;True;0;1;1;1;0;0;0.0;False;0.0;1890436.06;790;2392.96;3254.5;;2951.6;0.2319;11567.52;1244.5;-0.2244;14;0.2749;;;;;0
limpo;75575207000193;75575207;RS;1296511;soja;0.0;0.0;0;0.0;0.0;False;False;198;0.0;01;2240;02;False;0115600;True;1;2;0;0;0;0;0.0;False;0.0;;;;;;;;;;;;;;;;;0
situacao_irregular;53992848000100;53992848;MA;1849363;soja;0.0;0.0;0;0.0;0.0;False;False;502;0.0;03;2135;04;True;0220901;True;0;6;2;0;1;0;0.0;False;0.0;1890436.06;790;2392.96;3254.5;;2951.6;0.2319;11567.52;1244.5;-0.2244;14;0.2749;;;;;0
limpo;11764648000150;11764648;MT;4881066;soja;0.0;0.0;0;0.0;0.0;False;False;63;0.0;03;2135;02;False;0151201;True;0;2;2;1;1;0;0.0;False;0.0;;;;;;;;;;;;;;;;;0
limpo;58512142000118;58512142;MT;5020745;soja;0.0;0.0;0;0.0;0.0;False;False;279;0.0;01;2240;02;False;0111301;True;1;2;2;0;0;0;0.0;False;0.0;16832610.2;2938;5729.28;2659.43;;2865.5;-0.0685;23248.53;1087.1;-0.1985;10;0.5319;;;;;0
limpo;94818933000134;94818933;MA;1813278;soja;0.0;0.0;0;0.0;0.0;False;False;223;0.0;01;2054;02;False;0121101;True;0;3;2;1;1;0;0.0;False;0.0;;;;;;3988.3;0.1576;4152.02;852.3;0.0456;18;-0.0187;;;;;0
limpo;92107937000189;92107937;BA;3889457;soja;0.0;0.0;0;0.0;0.0;False;False;55;0.0;01;2240;02;False;0121101;True;0;1;0;0;0;0;0.0;False;0.0;;;;;;3266.5;0.0304;5248.27;1073.2;0.0666;5;0.3658;;;;;0
limpo;26521968000157;26521968;TO;2782512;soja;0.0;0.0;0;0.0;0.0;False;False;77;0.0;03;2054;02;False;0311601;True;0;4;1;1;0;0;0.0;False;0.0;;;;;;2863.3;-0.1129;5150.27;910.7;0.2631;25;0.1329;;;;;0
limpo;36166926000107;36166926;MT;3486350;soja;0.0;0.0;0;0.0;0.0;False;False;292;0.0;03;4014;02;False;0111301;True;0;6;2;0;1;0;0.0;False;0.0;65163087.4;3987;16343.89;5719.93;;2279.5;0.0795;14132.81;;;;;;;;;0
divida_ativa;24467198000186;24467198;BA;1287110;soja;10582.32;5068.12;7;0.0;-1144.13;False;True;209;0.0;01;2135;02;False;0116401;True;1;4;2;0;1;0;0.0;False;0.0;7170659.32;281;25518.36;5970.35;;3173.5;-0.0805;35165.31;;;;;;;;;1
limpo;91950973000147;91950973;TO;2782512;soja;0.0;0.0;0;0.0;0.0;False;False;257;1.0;05;2054;02;False;0121101;True;0;5;1;1;0;0;0.0;False;0.0;;;;;;2863.3;-0.1129;5150.27;910.7;0.2631;25;0.1329;6;12645.26;46;3;1
limpo;77946312000117;77946312;MT;4881066;soja;0.0;0.0;0;0.0;0.0;False;False;503;0.0;01;4014;02;False;0220901;True;2;3;0;0;0;0;0.0;False;0.0;;;;;;;;;;;;;;;;;0
limpo;13965137000122;13965137;GO;3355082;soja;0.0;0.0;0;0.0;0.0;False;False;483;0.0;05;2054;02;False;0113000;True;0;7;2;0;1;0;0.0;False;0.0;344902.69;1555;221.8;1341.28;;3426.5;-0.1292;14743.52;1302.6;0.1067;12;-0.0223;;;;;0
limpo;97096070000127;97096070;PA;3572518;soja;0.0;0.0;0;902550.07;0.0;False;False;414;1.0;05;4014;02;False;0111301;True;1;3;2;1;0;0;0.0;False;0.0;8421494.89;3910;2153.84;5580.08;;;;;;;;;;;;;0
limpo;83054486000178;83054486;SP;1144522;soja;0.0;0.0;0;0.0;0.0;False;False;466;0.0;01;2240;02;False;0111301;True;0;8;2;2;1;0;0.0;False;0.0;22685314.17;3452;6571.64;4478.12;;3859.7;-0.1003;15013.11;975.4;-0.3231;19;-0.3987;;;;;1
limpo;18360197000135;18360197;PR;4374686;soja;0.0;0.0;0;0.0;0.0;False;False;270;0.0;05;2054;02;False;0220901;True;0;5;2;2;0;0;0.0;False;0.0;;;;;;;;;;;;;1;27126.79;328;1;0
situacao_irregular;95147938000145;95147938;BA;3797806;soja;0.0;0.0;0;0.0;0.0;False;False;438;0.0;05;2054;03;True;0151201;True;0;8;0;0;0;0;0.0;False;0.0;4577751.8;3577;1279.77;1116.86;;3266.8;-0.1381;29664.1;1160.2;-0.1501;25;-0.5722;5;749246.49;703;2;1
limpo;84595839000100;84595839;TO;2395181;soja;805.44;269.36;4;0.0;-159.98;False;False;546;0.0;03;2062;02;False;0210101;True;1;6;1;1;0;0;0.0;False;0.0;5222030.27;3113;1677.49;5412.59;;4009.6;0.3374;16612.29;725.4;0.2591;36;-0.1239;;;;;0
limpo;20445712000121;20445712;RS;5323473;soja;0.0;0.0;0;0.0;0.0;False;False;146;0.0;05;4014;02;False;0151201;True;2;5;0;0;0;0;0.0;False;0.0;5770153.78;3796;1520.06;6107.33;;4184.9;0.3046;1406.53;1150.1;-0.4716;32;0.0109;;;;;0
limpo;83097247000103;83097247;PR;4374686;soja;0.0;0.0;0;0.0;0.0;False;False;451;0.0;05;2240;02;False;0115600;True;1;8;0;0;0;0;0.0;False;0.0;;;;;;;;;;;;;;;;;0
limpo;11819010000170;11819010;PI;4630374;soja;0.0;0.0;0;0.0;0.0;False;False;503;0.0;03;2054;02;False;0210101;True;0;6;1;1;0;0;0.0;False;0.0;13048266.74;1086;12014.98;3730.29;;4454.7;0.2245;24466.93;1518.2;0.2463;22;-0.0198;;;;;0
limpo;66627916000184;66627916;MT;4872493;soja;0.0;0.0;0;0.0;0.0;False;False;144;23211.08;03;2054;02;False;0311601;True;0;7;0;0;0;0;0.0;False;0.0;12871579.85;766;16803.63;1283.72;;2678.2;-0.0379;315502.18;1164.2;-0.4814;30;-0.3935;;;;;0
limpo;44867659000115;44867659;PI;3137869;soja;0.0;0.0;0;0.0;0.0;False;False;556;0.0;01;4014;02;False;0113000;True;1;7;1;0;0;0;0.0;False;0.0;10177003.44;1015;10026.6;5071.94;;2744.9;-0.3095;14240.48;640.1;0.0766;0;0.6749;;;;;0
limpo;77242150000136;77242150;PI;1498259;soja;0.0;0.0;0;0.0;0.0;False;False;375;0.0;03;2240;02;False;0220901;True;0;5;1;0;0;0;0.0;False;0.0;5961831.05;452;13189.89;2292.48;;3510.9;-0.3402;43788.4;;;;;;;;;0
divida_ativa;87795602000160;87795602;TO;2599733;soja;3658.31;1458.89;1;0.0;-662.46;False;False;405;0.0;01;4014;02;False;0121101;True;0;1;0;0;0;0;0.0;False;0.0;1134944.18;1648;688.68;2399.35;;3673.1;0.0845;644740.4;;;;;4;38533.47;880;1;1
limpo;62643935000143;62643935;GO;3838683;soja;0.0;0.0;0;0.0;0.0;False;False;260;0.0;01;2054;02;False;0220901;True;1;7;1;0;0;0;0.0;False;0.0;8577457.59;2126;4034.55;3501.48;;;;;;;;;;;;;0
divida_ativa;10570202000122;10570202;TO;1628136;soja;149140.24;100637.25;9;0.0;9872.99;False;True;517;1.0;01;2135;02;False;0111301;True;0;7;1;1;0;0;0.0;False;0.0;22713744.04;630;36053.56;4855.95;;;;;;;;;;;;;0
limpo;70053637000121;70053637;PI;3137869;soja;596311.2;541257.67;2;0.0;-134429.28;False;True;156;0.0;01;2054;02;False;0151201;True;0;8;2;1;1;0;0.0;False;0.0;10177003.44;1015;10026.6;5071.94;;2744.9;-0.3095;14240.48;640.1;0.0766;0;0.6749;;;;;1
limpo;65552368000108;65552368;RS;4372021;soja;0.0;0.0;0;0.0;0.0;False;False;203;0.0;03;2240;02;False;0111301;True;0;7;2;0;0;0;0.0;False;0.0;4702656.59;2724;1726.38;4444.47;;2871.3;-0.1436;6684.69;1363.1;-0.0476;4;-0.0304;;;;;0
limpo;57292535000109;57292535;TO;4589069;soja;0.0;0.0;0;0.0;0.0;False;False;511;3578.53;01;2240;02;False;0111301;True;0;6;2;0;0;0;0.0;False;0.0;2443446.14;2744;890.47;4703.19;;2024.4;-0.0039;12496.35;1038.3;-0.1626;18;-0.1071;;;;;0
passivo_ambiental_auto;23283516000196;23283516;MA;2547930;soja;0.0;0.0;0;0.0;0.0;False;False;143;0.0;03;2054;02;False;0151201;True;0;5;1;0;0;12;25063.96;False;0.0;3056399.2;3421;893.42;2943.06;;3413.0;0.1153;12947.73;1079.8;-0.105;39;-0.2894;;;;;0
limpo;51484355000134;51484355;TO;2782512;soja;0.0;0.0;0;0.0;0.0;False;False;295;1.0;01;2240;02;False;0133403;True;2;3;1;1;0;0;0.0;False;0.0;;;;;;2863.3;-0.1129;5150.27;910.7;0.2631;25;0.1329;;;;;0
limpo;78442251000113;78442251;TO;2625906;soja;0.0;0.0;0;0.0;0.0;False;False;82;0.0;05;4014;02;False;0133403;True;0;5;0;0;0;0;0.0;False;0.0;7076252.67;3896;1816.29;5129.4;;4004.9;-0.3294;61983.79;1163.5;-0.1957;26;-0.2281;;;;;0
limpo;87704028000198;87704028;TO;2625906;soja;0.0;0.0;0;0.0;0.0;False;False;439;0.0;03;4014;02;False;0133403;True;2;1;2;0;1;0;0.0;False;0.0;7076252.67;3896;1816.29;5129.4;;4004.9;-0.3294;61983.79;1163.5;-0.1957;26;-0.2281;;;;;0
limpo;96336102000151;96336102;PR;4542087;soja;0.0;0.0;0;0.0;0.0;False;False;273;0.0;05;2240;02;False;0121101;True;0;2;2;2;0;0;0.0;False;0.0;2139970.45;3795;563.89;4484.0;;;;;;;;;6;35617.18;274;2;1
divida_ativa;79003005000128;79003005;BA;3797806;soja;149450.0;32349.25;4;0.0;28138.59;True;True;466;0.0;05;2240;02;False;0210101;True;0;8;1;0;0;0;0.0;False;0.0;4577751.8;3577;1279.77;1116.86;;3266.8;-0.1381;29664.1;1160.2;-0.1501;25;-0.5722;;;;;1
limpo;23523012000104;23523012;SP;1144522;soja;0.0;0.0;0;0.0;0.0;False;False;86;0.0;03;2054;02;False;0220901;True;0;4;1;1;0;0;0.0;False;0.0;22685314.17;3452;6571.64;4478.12;;3859.7;-0.1003;15013.11;975.4;-0.3231;19;-0.3987;;;;;0
limpo;13792897000185;13792897;MA;2547930;soja;0.0;0.0;0;0.0;0.0;False;False;400;0.0;01;2054;02;False;0121101;True;0;5;2;2;0;0;0.0;False;0.0;3056399.2;3421;893.42;2943.06;;3413.0;0.1153;12947.73;1079.8;-0.105;39;-0.2894;;;;;0
limpo;10445154000140;10445154;MT;4872493;soja;0.0;0.0;0;0.0;0.0;False;False;531;0.0;05;2135;02;False;0133403;True;0;8;2;1;1;0;0.0;False;0.0;12871579.85;766;16803.63;1283.72;;2678.2;-0.0379;315502.18;1164.2;-0.4814;30;-0.3935;1;15374.77;638;1;0
limpo;24607786000178;24607786;TO;1926828;soja;0.0;0.0;0;0.0;0.0;False;False;235;4379.6;03;2054;02;False;0311601;True;0;3;1;1;0;0;0.0;False;0.0;1592038.63;3955;402.54;2086.07;;2103.1;-0.0625;2779.51;847.2;0.0075;25;0.3455;;;;;0
limpo;57231543000137;57231543;TO;2395181;soja;0.0;0.0;0;0.0;0.0;False;False;511;15892.47;01;2135;02;False;0116401;True;0;8;2;2;0;0;0.0;False;0.0;5222030.27;3113;1677.49;5412.59;;4009.6;0.3374;16612.29;725.4;0.2591;36;-0.1239;;;;;0
limpo;50098801000100;50098801;GO;3763424;soja;0.0;0.0;0;0.0;0.0;False;False;103;1.0;03;2240;02;False;0115600;True;0;1;1;0;0;0;0.0;False;0.0;2844536.11;3158;900.74;4170.84;;3496.6;-0.1391;1857.33;;;;;;;;;0
limpo;98974513000106;98974513;RS;3466531;soja;0.0;0.0;0;0.0;0.0;False;False;63;1.0;03;2062;02;False;0113000;True;1;4;2;2;0;0;0.0;False;0.0;3897875.17;1357;2872.42;4389.67;;;;;;;;;;;;;0
limpo;92418608000159;92418608;BA;1993507;soja;0.0;0.0;0;0.0;0.0;False;False;219;0.0;05;2054;02;False;0311601;True;1;3;0;0;0;0;0.0;False;0.0;;;;;;3041.8;-0.0835;4445.58;1427.8;0.2926;16;-0.2083;;;;;0
limpo;61646980000199;61646980;GO;2856025;soja;0.0;0.0;0;0.0;0.0;False;False;84;1.0;03;2135;02;False;0151201;True;0;4;2;2;1;0;0.0;False;0.0;4215365.78;477;8837.24;5811.42;;1816.6;-0.0367;157568.54;1022.2;-0.0563;11;-0.2071;;;;;0
limpo;53643792000189;53643792;GO;3763424;soja;0.0;0.0;0;0.0;0.0;False;False;280;1.0;01;4014;02;False;0311601;True;0;5;0;0;0;0;0.0;False;0.0;2844536.11;3158;900.74;4170.84;;3496.6;-0.1391;1857.33;;;;;;;;;0
limpo;97462955000100;97462955;PA;3572518;soja;0.0;0.0;0;0.0;0.0;False;False;150;1.0;03;2062;02;False;0210101;True;0;4;2;2;1;0;0.0;False;0.0;8421494.89;3910;2153.84;5580.08;;;;;;;;;;;;;0
limpo;17890941000140;17890941;MA;1813278;soja;0.0;0.0;0;0.0;0.0;False;False;37;120159.74;01;4014;02;False;0121101;True;0;1;2;1;1;0;0.0;False;0.0;;;;;;3988.3;0.1576;4152.02;852.3;0.0456;18;-0.0187;;;;;0
limpo;60101486000186;60101486;MG;2246509;soja;0.0;0.0;0;0.0;0.0;False;False;391;1.0;01;2240;02;False;0115600;True;0;4;0;0;0;0;0.0;False;0.0;18573077.57;406;45746.5;1183.29;;3809.0;-0.3511;358203.19;;;;;;;;;0
divida_ativa;10135406000135;10135406;MA;1813278;soja;17682.19;5377.12;6;0.0;3782.55;False;False;377;1.0;01;2135;02;False;0311601;True;0;8;1;1;0;0;0.0;False;0.0;;;;;;3988.3;0.1576;4152.02;852.3;0.0456;18;-0.0187;;;;;0
limpo;79746518000129;79746518;MT;4872493;soja;0.0;0.0;0;0.0;0.0;False;False;442;1.0;01;2062;02;False;0151201;True;0;1;2;1;0;3;19927.52;False;0.0;12871579.85;766;16803.63;1283.72;;2678.2;-0.0379;315502.18;1164.2;-0.4814;30;-0.3935;;;;;0
limpo;72123490000124;72123490;MT;4872493;soja;0.0;0.0;0;0.0;0.0;False;False;174;0.0;01;2054;02;False;0220901;True;0;7;0;0;0;0;0.0;False;0.0;12871579.85;766;16803.63;1283.72;;2678.2;-0.0379;315502.18;1164.2;-0.4814;30;-0.3935;;;;;0
limpo;87242425000195;87242425;TO;1926828;soja;0.0;0.0;0;0.0;0.0;False;False;57;0.0;01;2054;02;False;0311601;True;0;7;1;1;0;0;0.0;False;0.0;1592038.63;3955;402.54;2086.07;;2103.1;-0.0625;2779.51;847.2;0.0075;25;0.3455;;;;;0
limpo;26055780000160;26055780;MA;2547930;soja;0.0;0.0;0;0.0;0.0;False;False;213;0.0;05;2240;02;False;0121101;True;0;7;2;2;0;0;0.0;False;0.0;3056399.2;3421;893.42;2943.06;;3413.0;0.1153;12947.73;1079.8;-0.105;39;-0.2894;;;;;0
limpo;19291420000100;19291420;MG;2246509;soja;0.0;0.0;0;0.0;0.0;False;False;560;0.0;05;2054;02;False;0133403;True;1;3;2;1;0;0;0.0;False;0.0;18573077.57;406;45746.5;1183.29;;3809.0;-0.3511;358203.19;;;;;;;;;0
limpo;81273514000112;81273514;TO;2625906;soja;0.0;0.0;0;0.0;0.0;False;False;520;0.0;05;2135;02;False;0115600;True;1;1;1;1;0;0;0.0;False;0.0;7076252.67;3896;1816.29;5129.4;;4004.9;-0.3294;61983.79;1163.5;-0.1957;26;-0.2281;;;;;0
limpo;54687759000113;54687759;PI;1498259;soja;0.0;0.0;0;0.0;0.0;False;False;227;0.0;01;2062;02;False;0111301;True;1;7;0;0;0;0;0.0;False;0.0;5961831.05;452;13189.89;2292.48;;3510.9;-0.3402;43788.4;;;;;;;;;0
grupo_societario;47181449000167;47181449;RS;3466531;soja;83460.62;25754.73;2;0.0;4966.26;False;True;291;0.0;01;2135;02;False;0111301;True;0;7;20;20;3;0;0.0;False;0.0;3897875.17;1357;2872.42;4389.67;;;;;;;;;;;;;0
limpo;39891837000103;39891837;MA;1849363;soja;0.0;0.0;0;0.0;0.0;False;False;253;0.0;05;2062;02;False;0115600;True;0;8;2;2;0;0;0.0;False;0.0;1890436.06;790;2392.96;3254.5;;2951.6;0.2319;11567.52;1244.5;-0.2244;14;0.2749;2;93828.8;445;2;0
limpo;56589213000155;56589213;PI;1498259;soja;0.0;0.0;0;0.0;0.0;False;False;165;0.0;05;2062;02;False;0111301;True;0;3;1;1;0;0;0.0;False;0.0;5961831.05;452;13189.89;2292.48;;3510.9;-0.3402;43788.4;;;;;0;0.0;;0;0
grupo_societario;16708244000163;16708244;MT;3486350;soja;0.0;0.0;0;0.0;0.0;False;False;88;0.0;05;2054;02;False;0121101;True;0;8;19;14;2;0;0.0;False;0.0;65163087.4;3987;16343.89;5719.93;;2279.5;0.0795;14132.81;;;;;6;15012.15;5;2;0
limpo;13999571000123;13999571;RS;1296511;soja;0.0;0.0;0;0.0;0.0;False;False;267;0.0;03;2054;02;False;0311601;True;2;6;1;1;0;0;0.0;False;0.0;;;;;;;;;;;;;;;;;0
limpo;17881243000189;17881243;MA;1813278;soja;0.0;0.0;0;0.0;0.0;False;False;361;0.0;05;2054;02;False;0113000;True;1;5;2;2;1;0;0.0;False;0.0;;;;;;3988.3;0.1576;4152.02;852.3;0.0456;18;-0.0187;;;;;0
limpo;96606400000114;96606400;BA;3797806;soja;0.0;0.0;0;0.0;0.0;False;False;222;0.0;03;2062;02;False;0311601;True;0;2;2;0;0;0;0.0;False;0.0;4577751.8;3577;1279.77;1116.86;;3266.8;-0.1381;29664.1;1160.2;-0.1501;25;-0.5722;;;;;0
limpo;45213023000112;45213023;PI;4630374;soja;0.0;0.0;0;0.0;0.0;False;False;490;0.0;03;4014;02;False;0151201;True;1;3;0;0;0;0;0.0;False;0.0;13048266.74;1086;12014.98;3730.29;;4454.7;0.2245;24466.93;1518.2;0.2463;22;-0.0198;;;;;0
limpo;98411989000120;98411989;MT;4952487;soja;0.0;0.0;0;0.0;0.0;False;False;192;0.0;05;2062;02;False;0111301;True;0;6;1;1;0;0;0.0;False;0.0;;;;;;4283.3;-0.0501;26781.4;1142.6;-0.1312;16;-0.1184;;;;;0
limpo;59748834000122;59748834;PI;3137869;soja;0.0;0.0;0;0.0;0.0;False;False;260;0.0;01;2054;02;False;0210101;True;0;4;2;2;1;0;0.0;False;0.0;10177003.44;1015;10026.6;5071.94;;2744.9;-0.3095;14240.48;640.1;0.0766;0;0.6749;;;;;0
limpo;32392242000164;32392242;BA;3797806;soja;0.0;0.0;0;0.0;0.0;False;False;154;0.0;01;4014;02;False;0210101;True;1;8;2;2;1;0;0.0;False;0.0;4577751.8;3577;1279.77;1116.86;;3266.8;-0.1381;29664.1;1160.2;-0.1501;25;-0.5722;;;;;0
limpo;10870749000143;10870749;MT;3486350;soja;0.0;0.0;0;0.0;0.0;False;False;339;1.0;05;4014;02;False;0115600;True;4;5;1;0;0;0;0.0;False;0.0;65163087.4;3987;16343.89;5719.93;;2279.5;0.0795;14132.81;;;;;0;0.0;;0;0
limpo;79711586000152;79711586;PA;3572518;soja;0.0;0.0;0;0.0;0.0;False;False;468;0.0;03;2135;02;False;0210101;True;1;8;1;0;0;0;0.0;False;0.0;8421494.89;3910;2153.84;5580.08;;;;;;;;;;;;;0
limpo;82275179000154;82275179;MA;2547930;soja;0.0;0.0;0;0.0;0.0;False;False;90;21828.79;03;2240;02;False;0115600;True;0;6;1;0;0;0;0.0;False;0.0;3056399.2;3421;893.42;2943.06;;3413.0;0.1153;12947.73;1079.8;-0.105;39;-0.2894;;;;;0
divida_ativa;38860488000108;38860488;RS;5323473;soja;260237.13;115500.61;6;0.0;99136.6;False;False;437;0.0;03;2062;02;False;0116401;True;3;8;0;0;0;0;0.0;False;0.0;5770153.78;3796;1520.06;6107.33;;4184.9;0.3046;1406.53;1150.1;-0.4716;32;0.0109;;;;;1
passivo_ambiental_auto;54663800000111;54663800;TO;2395181;soja;0.0;0.0;0;0.0;0.0;False;False;186;0.0;05;2135;02;False;0311601;True;0;6;0;0;0;9;2516.06;False;0.0;5222030.27;3113;1677.49;5412.59;;4009.6;0.3374;16612.29;725.4;0.2591;36;-0.1239;;;;;0
passivo_ambiental_auto;96591665000196;96591665;MT;4091416;soja;0.0;0.0;0;0.0;0.0;False;False;341;69251.68;01;4014;02;False;0116401;True;1;7;1;1;0;5;245942.2;False;0.0;9930345.71;3827;2594.81;2854.45;;2593.6;0.1175;64737.72;;;;;;;;;0
limpo;61894485000107;61894485;GO;2092240;soja;0.0;0.0;0;0.0;0.0;False;False;51;5665.94;05;2135;02;False;0311601;True;0;6;1;0;0;0;0.0;False;0.0;3025600.14;2445;1237.46;6478.28;;;;;;;;;3;68592.06;676;3;0
limpo;19476204000121;19476204;TO;2782512;soja;0.0;0.0;0;0.0;0.0;False;False;195;0.0;03;2054;02;False;0111301;True;0;4;2;1;0;0;0.0;False;0.0;;;;;;2863.3;-0.1129;5150.27;910.7;0.2631;25;0.1329;;;;;0
limpo;54701874000103;54701874;MT;4091416;soja;0.0;0.0;0;63807.97;0.0;False;False;81;0.0;03;2135;02;False;0220901;True;0;1;1;1;0;0;0.0;False;0.0;9930345.71;3827;2594.81;2854.45;;2593.6;0.1175;64737.72;;;;;;;;;0
situacao_irregular;10486611000145;10486611;TO;2599733;soja;0.0;0.0;0;0.0;0.0;False;False;256;1.0;03;4014;04;True;0115600;True;0;6;0;0;0;0;0.0;False;0.0;1134944.18;1648;688.68;2399.35;;3673.1;0.0845;644740.4;;;;;;;;;0
limpo;45040356000197;45040356;GO;3763424;soja;0.0;0.0;0;0.0;0.0;False;False;447;1.0;05;2054;02;False;0133403;True;1;4;1;0;0;0;0.0;False;0.0;2844536.11;3158;900.74;4170.84;;3496.6;-0.1391;1857.33;;;;;;;;;0
divida_ativa;77686323000105;77686323;PR;4542087;soja;13378.54;11932.42;4;0.0;2314.73;False;False;343;6585.2;03;2135;02;False;0111301;True;0;1;1;0;0;0;0.0;False;0.0;2139970.45;3795;563.89;4484.0;;;;;;;;;;;;;0
limpo;40655028000181;40655028;SP;1144522;soja;0.0;0.0;0;0.0;0.0;False;False;13;0.0;01;2135;02;False;0111301;True;0;8;1;0;0;0;0.0;False;0.0;22685314.17;3452;6571.64;4478.12;;3859.7;-0.1003;15013.11;975.4;-0.3231;19;-0.3987;;;;;0
limpo;42815948000145;42815948;TO;2395181;soja;0.0;0.0;0;0.0;0.0;False;False;551;0.0;01;2062;02;False;0121101;True;0;5;1;0;0;0;0.0;False;0.0;5222030.27;3113;1677.49;5412.59;;4009.6;0.3374;16612.29;725.4;0.2591;36;-0.1239;;;;;0
limpo;63182841000187;63182841;BA;3797806;soja;0.0;0.0;0;0.0;0.0;False;False;49;0.0;01;2054;02;False;0311601;True;0;3;0;0;0;0;0.0;False;0.0;4577751.8;3577;1279.77;1116.86;;3266.8;-0.1381;29664.1;1160.2;-0.1501;25;-0.5722;6;160064.09;334;1;1
limpo;36168209000106;36168209;PR;4168991;soja;0.0;0.0;0;13344.54;0.0;False;False;99;1.0;03;2062;02;False;0111301;True;1;5;0;0;0;11;16835.49;False;0.0;;;;;;3272.2;-0.2374;11409.04;801.1;0.1095;21;-0.0934;;;;;0
limpo;41704978000111;41704978;MS;2167433;soja;0.0;0.0;0;0.0;0.0;False;False;295;0.0;05;4014;02;False;0220901;True;0;4;1;1;0;0;0.0;False;0.0;45698908.98;37;1235105.65;4640.03;;3388.1;-0.041;1178.06;747.3;0.3091;29;-0.1134;;;;;0
limpo;25037081000125;25037081;SP;4469177;soja;0.0;0.0;0;4419952.2;0.0;False;False;392;6964.47;03;2135;02;False;0115600;True;1;6;1;0;0;0;0.0;False;0.0;;;;;;;;;;;;;;;;;0
limpo;13935025000129;13935025;BA;1287110;soja;0.0;0.0;0;0.0;0.0;False;False;159;0.0;01;2054;02;False;0151201;True;0;4;0;0;0;0;0.0;False;0.0;7170659.32;281;25518.36;5970.35;;3173.5;-0.0805;35165.31;;;;;;;;;0
divida_ativa;65683336000141;65683336;PR;4168991;soja;13879.71;9173.59;9;0.0;-145.42;True;True;109;0.0;05;2062;02;False;0115600;True;0;5;0;0;0;0;0.0;False;0.0;;;;;;3272.2;-0.2374;11409.04;801.1;0.1095;21;-0.0934;;;;;1
divida_ativa;75517389000146;75517389;TO;2782512;soja;27414.55;11802.64;4;0.0;-2346.9;True;False;24;0.0;03;2240;02;False;0210101;True;0;5;0;0;0;0;0.0;False;0.0;;;;;;2863.3;-0.1129;5150.27;910.7;0.2631;25;0.1329;;;;;0
limpo;17872454000155;17872454;GO;2631798;soja;0.0;0.0;0;0.0;0.0;False;False;8;0.0;03;2062;02;False;0311601;True;0;1;2;1;0;0;0.0;False;0.0;14413700.4;13;1108746.18;6417.73;;3194.9;-0.0821;19788.09;1403.2;-0.2716;20;0.8262;;;;;0
passivo_ambiental_auto;56849992000180;56849992;PR;4374686;soja;1912408.72;745615.48;8;0.0;-31639.67;True;True;406;0.0;05;2135;02;False;0220901;True;0;5;1;0;0;10;4497291.4;False;0.0;;;;;;;;;;;;;;;;;1
passivo_ambiental_auto;95423995000100;95423995;MA;1849363;soja;0.0;0.0;0;0.0;0.0;False;False;9;0.0;05;2054;02;False;0111301;True;1;4;2;1;1;8;124721.05;False;0.0;1890436.06;790;2392.96;3254.5;;2951.6;0.2319;11567.52;1244.5;-0.2244;14;0.2749;;;;;0
limpo;29146991000105;29146991;TO;2599733;soja;0.0;0.0;0;0.0;0.0;False;False;454;249990.79;03;2135;02;False;0111301;True;1;6;2;2;1;0;0.0;False;0.0;1134944.18;1648;688.68;2399.35;;3673.1;0.0845;644740.4;;;;;;;;;0
grupo_societario;16676058000190;16676058;MT;3047606;soja;0.0;0.0;0;0.0;0.0;False;False;487;0.0;03;2054;02;False;0151201;True;0;8;3;1;1;0;0.0;False;0.0;3490150.22;1814;1924.01;3376.09;;;;;;;;;;;;;0
limpo;91899686000150;91899686;PR;4168991;soja;43117.18;11387.95;7;0.0;2309.46;True;True;12;0.0;01;2054;02;False;0115600;True;1;1;0;0;0;0;0.0;False;0.0;;;;;;3272.2;-0.2374;11409.04;801.1;0.1095;21;-0.0934;;;;;1
limpo;53352344000126;53352344;MT;4091416;soja;0.0;0.0;0;0.0;0.0;False;False;437;0.0;01;4014;02;False;0115600;True;1;6;2;1;0;0;0.0;False;0.0;9930345.71;3827;2594.81;2854.45;;2593.6;0.1175;64737.72;;;;;3;50019.25;381;2;0
limpo;70281349000124;70281349;PI;3137869;soja;0.0;0.0;0;0.0;0.0;False;False;198;0.0;01;4014;02;False;0121101;True;0;2;2;0;0;0;0.0;False;0.0;10177003.44;1015;10026.6;5071.94;;2744.9;-0.3095;14240.48;640.1;0.0766;0;0.6749;;;;;0
limpo;57506330000170;57506330;MT;3486350;soja;0.0;0.0;0;0.0;0.0;False;False;290;0.0;03;2054;02;False;0151201;True;0;6;0;0;0;0;0.0;False;0.0;65163087.4;3987;16343.89;5719.93;;2279.5;0.0795;14132.81;;;;;;;;;0
situacao_irregular;84501656000188;84501656;MT;4872493;soja;0.0;0.0;0;0.0;0.0;False;False;319;0.0;05;4014;04;True;0311601;True;0;8;2;0;0;0;0.0;False;0.0;12871579.85;766;16803.63;1283.72;;2678.2;-0.0379;315502.18;1164.2;-0.4814;30;-0.3935;4;25157.11;536;2;0
limpo;80962614000193;80962614;PI;3137869;soja;0.0;0.0;0;0.0;0.0;False;False;560;1.0;03;4014;02;False;0111301;True;0;2;2;2;0;0;0.0;False;0.0;10177003.44;1015;10026.6;5071.94;;2744.9;-0.3095;14240.48;640.1;0.0766;0;0.6749;;;;;0
limpo;37535807000139;37535807;MT;4952487;soja;0.0;0.0;0;1012421.08;0.0;False;False;449;0.0;01;4014;02;False;0116401;True;1;4;0;0;0;0;0.0;False;0.0;;;;;;4283.3;-0.0501;26781.4;1142.6;-0.1312;16;-0.1184;;;;;0
limpo;24039638000102;24039638;RS;3466531;soja;0.0;0.0;0;0.0;0.0;False;False;72;0.0;05;2062;02;False;0115600;True;0;8;1;0;0;0;0.0;False;0.0;3897875.17;1357;2872.42;4389.67;;;;;;;;;;;;;1
grupo_societario;49357654000166;49357654;MT;5020745;soja;0.0;0.0;0;0.0;0.0;False;False;125;1.0;01;4014;02;False;0133403;True;1;8;14;3;4;0;0.0;False;0.0;16832610.2;2938;5729.28;2659.43;;2865.5;-0.0685;23248.53;1087.1;-0.1985;10;0.5319;;;;;0
situacao_irregular;52604474000146;52604474;TO;4589069;soja;0.0;0.0;0;0.0;0.0;False;False;173;0.0;01;2054;08;True;0116401;True;0;8;1;0;0;0;0.0;False;0.0;2443446.14;2744;890.47;4703.19;;2024.4;-0.0039;12496.35;1038.3;-0.1626;18;-0.1071;;;;;0
limpo;15756641000148;15756641;BA;1287110;soja;0.0;0.0;0;0.0;0.0;False;False;424;0.0;03;2062;02;False;0151201;True;0;4;2;1;0;0;0.0;False;0.0;7170659.32;281;25518.36;5970.35;;3173.5;-0.0805;35165.31;;;;;0;0.0;;0;0
limpo;40960879000138;40960879;PI;4630374;soja;0.0;0.0;0;0.0;0.0;False;False;447;0.0;03;2062;02;False;0311601;True;0;1;2;0;1;0;0.0;False;0.0;13048266.74;1086;12014.98;3730.29;;4454.7;0.2245;24466.93;1518.2;0.2463;22;-0.0198;;;;;0
limpo;42254534000194;42254534;RS;2897684;soja;0.0;0.0;0;0.0;0.0;False;False;83;0.0;03;2135;02;False;0151201;True;0;6;0;0;0;0;0.0;False;0.0;25576731.08;1000;25576.73;5293.87;;3022.4;-0.1789;34484.31;791.9;0.1416;23;-0.3386;;;;;0
divida_ativa;68712168000163;68712168;RS;1296511;soja;25506.38;7319.06;7;0.0;-4171.31;False;True;557;0.0;01;2240;02;False;0151201;True;0;6;0;0;0;0;0.0;False;0.0;;;;;;;;;;;;;;;;;0
passivo_ambiental_auto;70675054000132;70675054;BA;1993507;soja;0.0;0.0;0;0.0;0.0;False;False;340;0.0;03;2054;02;False;0116401;True;0;1;0;0;0;2;131361.07;False;0.0;;;;;;3041.8;-0.0835;4445.58;1427.8;0.2926;16;-0.2083;;;;;1
limpo;91123666000192;91123666;TO;1628136;soja;0.0;0.0;0;0.0;0.0;False;False;525;1.0;01;2054;02;False;0210101;True;1;1;0;0;0;0;0.0;False;0.0;22713744.04;630;36053.56;4855.95;;;;;;;;;;;;;0
situacao_irregular;45514329000109;45514329;MA;2547930;soja;0.0;0.0;0;0.0;0.0;False;False;195;0.0;01;2054;03;True;0111301;True;0;5;2;2;1;0;0.0;False;0.0;3056399.2;3421;893.42;2943.06;;3413.0;0.1153;12947.73;1079.8;-0.105;39;-0.2894;;;;;1
limpo;68241151000175;68241151;MA;1849363;soja;0.0;0.0;0;0.0;0.0;False;False;468;1.0;01;4014;02;False;0116401;True;0;1;2;1;1;0;0.0;False;0.0;1890436.06;790;2392.96;3254.5;;2951.6;0.2319;11567.52;1244.5;-0.2244;14;0.2749;;;;;1
limpo;96193073000116;96193073;BA;1287110;soja;0.0;0.0;0;0.0;0.0;False;False;507;0.0;05;2135;02;False;0133403;True;0;7;1;0;0;0;0.0;False;0.0;7170659.32;281;25518.36;5970.35;;3173.5;-0.0805;35165.31;;;;;;;;;0
limpo;31658059000103;31658059;RS;1296511;soja;0.0;0.0;0;0.0;0.0;False;False;218;0.0;01;2240;02;False;0220901;True;0;1;2;0;0;0;0.0;False;0.0;;;;;;;;;;;;;1;19429.3;55;1;0
limpo;73560263000129;73560263;TO;5373788;soja;0.0;0.0;0;0.0;0.0;False;False;20;0.0;03;2240;02;False;0220901;True;0;1;0;0;0;0;0.0;False;0.0;;;;;;;;;;;;;;;;;0
limpo;21821384000183;21821384;TO;2395181;soja;0.0;0.0;0;0.0;0.0;False;False;232;0.0;05;2240;02;False;0311601;True;0;1;0;0;0;0;0.0;False;0.0;5222030.27;3113;1677.49;5412.59;;4009.6;0.3374;16612.29;725.4;0.2591;36;-0.1239;;;;;0
grupo_societario;34674103000159;34674103;TO;2782512;soja;0.0;0.0;0;0.0;0.0;False;False;330;0.0;03;4014;02;False;0220901;True;0;4;19;5;0;0;0.0;False;0.0;;;;;;2863.3;-0.1129;5150.27;910.7;0.2631;25;0.1329;3;41564.97;174;3;0
limpo;21475230000187;21475230;BA;3889457;soja;0.0;0.0;0;0.0;0.0;False;False;59;1.0;03;2054;02;False;0220901;True;0;5;2;1;1;0;0.0;False;0.0;;;;;;3266.5;0.0304;5248.27;1073.2;0.0666;5;0.3658;;;;;1
limpo;20396516000104;20396516;TO;2599733;soja;0.0;0.0;0;0.0;0.0;False;False;168;0.0;05;2135;02;False;0121101;True;0;8;0;0;0;0;0.0;False;0.0;1134944.18;1648;688.68;2399.35;;3673.1;0.0845;644740.4;;;;;;;;;0
limpo;38731561000133;38731561;MT;4872493;soja;0.0;0.0;0;0.0;0.0;False;False;139;1.0;03;2054;02;False;0115600;True;0;4;2;2;1;0;0.0;False;0.0;12871579.85;766;16803.63;1283.72;;2678.2;-0.0379;315502.18;1164.2;-0.4814;30;-0.3935;;;;;0
limpo;86371369000126;86371369;RS;2897684;soja;0.0;0.0;0;0.0;0.0;False;False;263;0.0;03;2054;02;False;0116401;True;0;8;1;1;0;0;0.0;False;0.0;25576731.08;1000;25576.73;5293.87;;3022.4;-0.1789;34484.31;791.9;0.1416;23;-0.3386;;;;;0
limpo;39719626000198;39719626;BA;3889457;soja;0.0;0.0;0;0.0;0.0;False;False;289;7656.49;05;4014;02;False;0116401;True;0;5;2;2;0;0;0.0;False;0.0;;;;;;3266.5;0.0304;5248.27;1073.2;0.0666;5;0.3658;;;;;0
situacao_irregular;60644341000121;60644341;TO;2625906;soja;0.0;0.0;0;0.0;0.0;False;False;514;0.0;01;2062;03;True;0133403;True;1;3;1;1;0;0;0.0;False;0.0;7076252.67;3896;1816.29;5129.4;;4004.9;-0.3294;61983.79;1163.5;-0.1957;26;-0.2281;3;28545.45;780;1;0
limpo;65168159000165;65168159;BA;1287110;soja;0.0;0.0;0;0.0;0.0;False;False;37;0.0;03;2240;02;False;0111301;True;0;7;1;0;0;0;0.0;False;0.0;7170659.32;281;25518.36;5970.35;;3173.5;-0.0805;35165.31;;;;;2;21808.82;539;2;0
limpo;89669913000109;89669913;PI;3137869;soja;0.0;0.0;0;0.0;0.0;False;False;217;0.0;01;2135;02;False;0311601;True;0;3;1;1;0;0;0.0;False;0.0;10177003.44;1015;10026.6;5071.94;;2744.9;-0.3095;14240.48;640.1;0.0766;0;0.6749;;;;;0
limpo;15745364000178;15745364;MT;4952487;soja;0.0;0.0;0;0.0;0.0;False;False;539;0.0;05;2135;02;False;0220901;True;0;1;1;1;0;0;0.0;False;0.0;;;;;;4283.3;-0.0501;26781.4;1142.6;-0.1312;16;-0.1184;;;;;0
limpo;55282905000193;55282905;PI;4630374;soja;0.0;0.0;0;0.0;0.0;False;False;124;0.0;03;2062;02;False;0115600;True;0;7;2;0;1;0;0.0;False;0.0;13048266.74;1086;12014.98;3730.29;;4454.7;0.2245;24466.93;1518.2;0.2463;22;-0.0198;;;;;0
passivo_ambiental_auto;98582540000125;98582540;PA;3572518;soja;0.0;0.0;0;0.0;0.0;False;False;306;0.0;03;2054;02;False;0311601;True;0;2;0;0;0;8;225420.4;False;0.0;8421494.89;3910;2153.84;5580.08;;;;;;;;;;;;;0
limpo;61951154000153;61951154;GO;2631798;soja;0.0;0.0;0;0.0;0.0;False;False;408;1.0;03;4014;02;False;0116401;True;0;3;1;1;0;0;0.0;False;0.0;14413700.4;13;1108746.18;6417.73;;3194.9;-0.0821;19788.09;1403.2;-0.2716;20;0.8262;;;;;0
passivo_ambiental_auto;83356755000150;83356755;RS;2897684;soja;0.0;0.0;0;0.0;0.0;False;False;415;0.0;01;4014;02;False;0111301;True;0;6;2;2;0;5;60614.2;False;0.0;25576731.08;1000;25576.73;5293.87;;3022.4;-0.1789;34484.31;791.9;0.1416;23;-0.3386;;;;;1
passivo_ambiental_embargo;51044643000178;51044643;BA;1993507;soja;0.0;0.0;0;0.0;0.0;False;False;252;1.0;05;2062;02;False;0113000;True;0;4;1;0;0;6;447701.79;True;886.45;;;;;;3041.8;-0.0835;4445.58;1427.8;0.2926;16;-0.2083;0;0.0;;0;0
divida_ativa;46866651000160;46866651;TO;2599733;soja;9899.62;5905.79;1;0.0;-256.29;True;False;502;0.0;01;2062;02;False;0121101;True;0;7;2;1;1;0;0.0;False;0.0;1134944.18;1648;688.68;2399.35;;3673.1;0.0845;644740.4;;;;;;;;;0
limpo;19891997000145;19891997;TO;1926828;soja;0.0;0.0;0;0.0;0.0;False;False;500;596647.12;03;4014;02;False;0210101;True;1;4;0;0;0;0;0.0;False;0.0;1592038.63;3955;402.54;2086.07;;2103.1;-0.0625;2779.51;847.2;0.0075;25;0.3455;;;;;0
limpo;90728890000145;90728890;GO;2092240;soja;0.0;0.0;0;0.0;0.0;False;False;468;0.0;01;2135;02;False;0115600;True;1;5;0;0;0;0;0.0;False;0.0;3025600.14;2445;1237.46;6478.28;;;;;;;;;;;;;0
limpo;31909297000136;31909297;GO;3763424;soja;0.0;0.0;0;0.0;0.0;False;False;547;0.0;05;2054;02;False;0121101;True;0;2;2;0;1;0;0.0;False;0.0;2844536.11;3158;900.74;4170.84;;3496.6;-0.1391;1857.33;;;;;;;;;0
divida_ativa;79914874000104;79914874;MG;2246509;soja;6814.96;55.58;8;0.0;-779.93;False;False;310;0.0;05;2135;02;False;0210101;True;0;5;2;2;0;0;0.0;False;0.0;18573077.57;406;45746.5;1183.29;;3809.0;-0.3511;358203.19;;;;;;;;;0
limpo;47424925000123;47424925;GO;2631798;soja;0.0;0.0;0;0.0;0.0;False;False;497;0.0;01;2062;02;False;0311601;True;0;8;0;0;0;0;0.0;False;0.0;14413700.4;13;1108746.18;6417.73;;3194.9;-0.0821;19788.09;1403.2;-0.2716;20;0.8262;;;;;0
limpo;47213976000106;47213976;SP;1144522;soja;0.0;0.0;0;0.0;0.0;False;False;264;0.0;01;2135;02;False;0133403;True;0;1;0;0;0;0;0.0;False;0.0;22685314.17;3452;6571.64;4478.12;;3859.7;-0.1003;15013.11;975.4;-0.3231;19;-0.3987;;;;;0
limpo;90306501000193;90306501;BA;1993507;soja;0.0;0.0;0;0.0;0.0;False;False;497;0.0;05;2054;02;False;0210101;True;0;4;0;0;0;0;0.0;False;0.0;;;;;;3041.8;-0.0835;4445.58;1427.8;0.2926;16;-0.2083;;;;;0
limpo;90615241000138;90615241;PA;3572518;soja;0.0;0.0;0;0.0;0.0;False;False;495;0.0;03;2054;02;False;0116401;True;0;8;1;1;0;0;0.0;False;0.0;8421494.89;3910;2153.84;5580.08;;;;;;;;;;;;;0
limpo;69007642000119;69007642;MT;4952487;soja;0.0;0.0;0;0.0;0.0;False;False;407;0.0;05;2062;02;False;0116401;True;0;4;1;0;0;0;0.0;False;0.0;;;;;;4283.3;-0.0501;26781.4;1142.6;-0.1312;16;-0.1184;1;8949.37;313;1;0
limpo;63218259000123;63218259;TO;2625906;soja;0.0;0.0;0;0.0;0.0;False;False;409;0.0;01;2240;02;False;0311601;True;0;5;2;0;0;0;0.0;False;0.0;7076252.67;3896;1816.29;5129.4;;4004.9;-0.3294;61983.79;1163.5;-0.1957;26;-0.2281;;;;;0
limpo;16495690000137;16495690;BA;3797806;soja;0.0;0.0;0;0.0;0.0;False;False;266;44748.34;01;4014;02;False;0113000;True;1;6;0;0;0;0;0.0;False;0.0;4577751.8;3577;1279.77;1116.86;;3266.8;-0.1381;29664.1;1160.2;-0.1501;25;-0.5722;;;;;0
limpo;48766825000148;48766825;MS;2167433;soja;0.0;0.0;0;1161829.87;0.0;False;False;87;0.0;01;2135;02;False;0111301;True;1;6;1;0;0;0;0.0;False;0.0;45698908.98;37;1235105.65;4640.03;;3388.1;-0.041;1178.06;747.3;0.3091;29;-0.1134;;;;;1
situacao_irregular;26486098000122;26486098;MG;2246509;soja;0.0;0.0;0;0.0;0.0;False;False;535;0.0;01;2135;04;True;0133403;True;0;4;2;0;0;0;0.0;False;0.0;18573077.57;406;45746.5;1183.29;;3809.0;-0.3511;358203.19;;;;;;;;;0
limpo;92617998000196;92617998;MT;4872493;soja;0.0;0.0;0;0.0;0.0;False;False;409;648785.6;05;2135;02;False;0311601;True;1;6;0;0;0;0;0.0;False;0.0;12871579.85;766;16803.63;1283.72;;2678.2;-0.0379;315502.18;1164.2;-0.4814;30;-0.3935;;;;;0
limpo;11864258000152;11864258;BA;1993507;soja;0.0;0.0;0;0.0;0.0;False;False;257;0.0;05;2054;02;False;0210101;True;1;4;0;0;0;0;0.0;False;0.0;;;;;;3041.8;-0.0835;4445.58;1427.8;0.2926;16;-0.2083;;;;;0
limpo;58587342000130;58587342;MT;3486350;soja;0.0;0.0;0;0.0;0.0;False;False;560;0.0;03;2054;02;False;0113000;True;0;5;0;0;0;0;0.0;False;0.0;65163087.4;3987;16343.89;5719.93;;2279.5;0.0795;14132.81;;;;;;;;;0
passivo_ambiental_auto;78855398000135;78855398;PR;4542087;soja;0.0;0.0;0;0.0;0.0;False;False;221;1.0;01;2240;02;False;0151201;True;1;6;2;2;1;9;684942.14;False;0.0;2139970.45;3795;563.89;4484.0;;;;;;;;;;;;;0
limpo;66752122000142;66752122;MA;1849363;soja;0.0;0.0;0;0.0;0.0;False;False;260;1.0;05;2240;02;False;0133403;True;1;2;1;0;0;0;0.0;False;0.0;1890436.06;790;2392.96;3254.5;;2951.6;0.2319;11567.52;1244.5;-0.2244;14;0.2749;;;;;0
limpo;93005306000111;93005306;BA;3797806;soja;0.0;0.0;0;0.0;0.0;False;False;147;0.0;01;2240;02;False;0210101;True;1;7;1;1;0;0;0.0;False;0.0;4577751.8;3577;1279.77;1116.86;;3266.8;-0.1381;29664.1;1160.2;-0.1501;25;-0.5722;1;207587.61;680;1;0
grupo_societario;56812216000106;56812216;TO;2625906;soja;0.0;0.0;0;0.0;0.0;False;False;243;0.0;05;2240;02;False;0121101;True;0;5;23;8;2;0;0.0;False;0.0;7076252.67;3896;1816.29;5129.4;;4004.9;-0.3294;61983.79;1163.5;-0.1957;26;-0.2281;;;;;0
limpo;12263579000164;12263579;TO;4589069;soja;0.0;0.0;0;0.0;0.0;False;False;54;89806.94;05;2054;02;False;0116401;True;0;6;2;2;0;0;0.0;False;0.0;2443446.14;2744;890.47;4703.19;;2024.4;-0.0039;12496.35;1038.3;-0.1626;18;-0.1071;;;;;0
limpo;46449077000144;46449077;GO;3355082;soja;0.0;0.0;0;0.0;0.0;False;False;403;0.0;03;2240;02;False;0210101;True;0;7;0;0;0;0;0.0;False;0.0;344902.69;1555;221.8;1341.28;;3426.5;-0.1292;14743.52;1302.6;0.1067;12;-0.0223;;;;;0
limpo;76817037000179;76817037;BA;3889457;soja;0.0;0.0;0;0.0;0.0;False;False;240;0.0;05;4014;02;False;0151201;True;0;1;2;2;1;0;0.0;False;0.0;;;;;;3266.5;0.0304;5248.27;1073.2;0.0666;5;0.3658;;;;;0
limpo;57444596000136;57444596;MA;1849363;soja;0.0;0.0;0;0.0;0.0;False;False;21;0.0;05;2240;02;False;0133403;True;0;4;2;2;1;0;0.0;False;0.0;1890436.06;790;2392.96;3254.5;;2951.6;0.2319;11567.52;1244.5;-0.2244;14;0.2749;;;;;0
divida_ativa;19554390000170;19554390;MA;1813278;soja;9530.84;8169.9;9;0.0;2904.03;False;False;467;1.0;03;2054;02;False;0113000;True;0;7;2;2;1;0;0.0;False;0.0;;;;;;3988.3;0.1576;4152.02;852.3;0.0456;18;-0.0187;;;;;1
situacao_irregular;70063654000140;70063654;SP;4469177;soja;0.0;0.0;0;0.0;0.0;False;False;60;1.0;05;2062;03;True;0113000;True;0;6;2;2;0;0;0.0;False;0.0;;;;;;;;;;;;;;;;;1
divida_ativa;88573772000163;88573772;PI;4630374;soja;91050.6;18952.83;1;0.0;32842.5;False;True;512;0.0;01;2062;02;False;0113000;True;0;5;1;1;0;0;0.0;False;0.0;13048266.74;1086;12014.98;3730.29;;4454.7;0.2245;24466.93;1518.2;0.2463;22;-0.0198;;;;;0
limpo;87062082000187;87062082;RS;2897684;soja;0.0;0.0;0;0.0;0.0;False;False;191;0.0;01;2054;02;False;0133403;True;1;2;2;2;1;0;0.0;False;0.0;25576731.08;1000;25576.73;5293.87;;3022.4;-0.1789;34484.31;791.9;0.1416;23;-0.3386;;;;;0
limpo;26820875000123;26820875;PR;4168991;soja;0.0;0.0;0;0.0;0.0;False;False;287;0.0;01;2054;02;False;0311601;True;0;3;2;1;1;0;0.0;False;0.0;;;;;;3272.2;-0.2374;11409.04;801.1;0.1095;21;-0.0934;;;;;0
passivo_ambiental_embargo;13347310000129;13347310;GO;2092240;soja;0.0;0.0;0;0.0;0.0;False;False;11;0.0;03;2062;02;False;0220901;True;0;2;0;0;0;11;4872.38;True;2805.01;3025600.14;2445;1237.46;6478.28;;;;;;;;;;;;;1
limpo;61430193000105;61430193;GO;2856025;soja;0.0;0.0;0;0.0;0.0;False;False;309;0.0;05;2135;02;False;0111301;True;0;3;1;0;0;0;0.0;False;0.0;4215365.78;477;8837.24;5811.42;;1816.6;-0.0367;157568.54;1022.2;-0.0563;11;-0.2071;;;;;0
limpo;43840797000148;43840797;TO;5373788;soja;0.0;0.0;0;0.0;0.0;False;False;471;2695363.0;01;2054;02;False;0133403;True;0;3;0;0;0;0;0.0;False;0.0;;;;;;;;;;;;;;;;;0
limpo;15282137000153;15282137;PR;4374686;soja;613690.61;497059.59;9;0.0;172528.07;False;True;359;1.0;03;2054;02;False;0121101;True;0;6;2;1;1;0;0.0;False;0.0;;;;;;;;;;;;;;;;;0
situacao_irregular;40188089000186;40188089;TO;2395181;soja;0.0;0.0;0;0.0;0.0;False;False;506;58153.39;01;2062;04;True;0311601;True;1;4;1;1;0;0;0.0;False;0.0;5222030.27;3113;1677.49;5412.59;;4009.6;0.3374;16612.29;725.4;0.2591;36;-0.1239;;;;;0
limpo;39153741000148;39153741;PI;4630374;soja;0.0;0.0;0;0.0;0.0;False;False;223;0.0;05;4014;02;False;0113000;True;0;8;1;0;0;0;0.0;False;0.0;13048266.74;1086;12014.98;3730.29;;4454.7;0.2245;24466.93;1518.2;0.2463;22;-0.0198;;;;;0
grupo_societario;72895999000195;72895999;PI;4630374;soja;0.0;0.0;0;0.0;0.0;False;False;303;1.0;01;2054;02;False;0116401;True;0;6;14;1;1;0;0.0;False;0.0;13048266.74;1086;12014.98;3730.29;;4454.7;0.2245;24466.93;1518.2;0.2463;22;-0.0198;;;;;0
passivo_ambiental_auto;95182020000137;95182020;TO;2782512;soja;0.0;0.0;0;0.0;0.0;False;False;185;416438.7;01;4014;02;False;0115600;True;1;5;0;0;0;14;39723.58;False;0.0;;;;;;2863.3;-0.1129;5150.27;910.7;0.2631;25;0.1329;;;;;0
passivo_ambiental_embargo;11746396000137;11746396;PR;4168991;soja;0.0;0.0;0;0.0;0.0;False;False;176;1.0;05;2062;02;False;0151201;True;0;4;2;0;1;9;1816415.7;True;2337.63;;;;;;3272.2;-0.2374;11409.04;801.1;0.1095;21;-0.0934;;;;;0
limpo;27923223000187;27923223;GO;2092240;soja;0.0;0.0;0;0.0;0.0;False;False;470;30244.33;03;2135;02;False;0210101;True;0;6;2;0;1;0;0.0;False;0.0;3025600.14;2445;1237.46;6478.28;;;;;;;;;3;57407.43;120;1;0
situacao_irregular;81689927000182;81689927;MA;1813278;soja;0.0;0.0;0;0.0;0.0;False;False;490;1.0;03;4014;04;True;0151201;True;0;6;1;0;0;0;0.0;False;0.0;;;;;;3988.3;0.1576;4152.02;852.3;0.0456;18;-0.0187;;;;;0
limpo;52615260000175;52615260;MT;4952487;soja;0.0;0.0;0;0.0;0.0;False;False;499;1.0;01;4014;02;False;0210101;True;0;7;2;0;0;0;0.0;False;0.0;;;;;;4283.3;-0.0501;26781.4;1142.6;-0.1312;16;-0.1184;;;;;0
limpo;98125636000164;98125636;GO;3763424;soja;0.0;0.0;0;0.0;0.0;False;False;367;0.0;01;2054;02;False;0111301;True;0;2;0;0;0;0;0.0;False;0.0;2844536.11;3158;900.74;4170.84;;3496.6;-0.1391;1857.33;;;;;;;;;0
divida_ativa;94714232000155;94714232;MS;2167433;soja;549377.26;357369.96;8;0.0;-98471.6;False;True;99;0.0;05;4014;02;False;0210101;True;0;4;0;0;0;0;0.0;False;0.0;45698908.98;37;1235105.65;4640.03;;3388.1;-0.041;1178.06;747.3;0.3091;29;-0.1134;;;;;1
divida_ativa;22297845000123;22297845;BA;3889457;soja;135873.16;105208.77;7;0.0;39143.46;False;True;424;0.0;05;2135;02;False;0115600;True;2;1;2;1;0;0;0.0;False;0.0;;;;;;3266.5;0.0304;5248.27;1073.2;0.0666;5;0.3658;;;;;0
limpo;36848219000192;36848219;SP;4469177;soja;0.0;0.0;0;0.0;0.0;False;False;540;0.0;05;2135;02;False;0151201;True;0;5;1;1;0;0;0.0;False;0.0;;;;;;;;;;;;;;;;;0
limpo;22661870000144;22661870;BA;3797806;soja;0.0;0.0;0;0.0;0.0;False;False;314;0.0;05;2135;02;False;0113000;True;0;4;1;1;0;0;0.0;False;0.0;4577751.8;3577;1279.77;1116.86;;3266.8;-0.1381;29664.1;1160.2;-0.1501;25;-0.5722;;;;;1
limpo;55043374000186;55043374;PR;4168991;soja;0.0;0.0;0;0.0;0.0;False;False;277;0.0;01;2054;02;False;0113000;True;0;4;2;0;0;0;0.0;False;0.0;;;;;;3272.2;-0.2374;11409.04;801.1;0.1095;21;-0.0934;;;;;0
limpo;22908675000176;22908675;MT;4952487;soja;0.0;0.0;0;0.0;0.0;False;False;278;0.0;01;4014;02;False;0133403;True;2;5;2;1;1;0;0.0;False;0.0;;;;;;4283.3;-0.0501;26781.4;1142.6;-0.1312;16;-0.1184;;;;;0
passivo_ambiental_auto;27321780000128;27321780;MT;4952487;soja;0.0;0.0;0;0.0;0.0;False;False;428;0.0;01;2054;02;False;0210101;True;0;2;2;0;1;7;5616.64;False;0.0;;;;;;4283.3;-0.0501;26781.4;1142.6;-0.1312;16;-0.1184;;;;;0
limpo;49872333000108;49872333;TO;2782512;soja;0.0;0.0;0;46279531.12;0.0;False;False;456;0.0;03;4014;02;False;0115600;True;0;7;0;0;0;0;0.0;False;0.0;;;;;;2863.3;-0.1129;5150.27;910.7;0.2631;25;0.1329;;;;;0
limpo;25439239000193;25439239;BA;3797806;soja;0.0;0.0;0;0.0;0.0;False;False;246;0.0;05;2240;02;False;0220901;True;0;3;0;0;0;0;0.0;False;0.0;4577751.8;3577;1279.77;1116.86;;3266.8;-0.1381;29664.1;1160.2;-0.1501;25;-0.5722;;;;;0
limpo;82622819000155;82622819;MT;4091416;soja;0.0;0.0;0;0.0;0.0;False;False;322;0.0;03;2240;02;False;0151201;True;0;5;0;0;0;0;0.0;False;0.0;9930345.71;3827;2594.81;2854.45;;2593.6;0.1175;64737.72;;;;;;;;;0
divida_ativa;98018133000190;98018133;TO;1628136;soja;71950.65;48464.72;8;0.0;11119.11;False;False;179;1.0;05;2135;02;False;0210101;True;0;5;2;2;0;0;0.0;False;0.0;22713744.04;630;36053.56;4855.95;;;;;;;;;5;115757.05;78;1;0
divida_ativa;53176515000103;53176515;GO;2856025;soja;143917.11;28011.37;1;0.0;-32109.47;False;True;264;0.0;05;2062;02;False;0116401;True;0;3;2;0;0;0;0.0;False;0.0;4215365.78;477;8837.24;5811.42;;1816.6;-0.0367;157568.54;1022.2;-0.0563;11;-0.2071;;;;;0
passivo_ambiental_auto;91204662000139;91204662;PI;1498259;soja;0.0;0.0;0;0.0;0.0;False;False;256;0.0;03;2240;02;False;0113000;True;1;6;1;1;0;6;958.28;False;0.0;5961831.05;452;13189.89;2292.48;;3510.9;-0.3402;43788.4;;;;;;;;;0
limpo;33947074000199;33947074;MS;2167433;soja;0.0;0.0;0;0.0;0.0;False;False;129;1.0;05;4014;02;False;0115600;True;0;4;0;0;0;0;0.0;False;0.0;45698908.98;37;1235105.65;4640.03;;3388.1;-0.041;1178.06;747.3;0.3091;29;-0.1134;;;;;1
situacao_irregular;71211957000125;71211957;MT;4872493;soja;0.0;0.0;0;0.0;0.0;False;False;164;0.0;01;2062;08;True;0133403;True;0;2;2;1;0;0;0.0;False;0.0;12871579.85;766;16803.63;1283.72;;2678.2;-0.0379;315502.18;1164.2;-0.4814;30;-0.3935;;;;;0
passivo_ambiental_auto;89231068000195;89231068;SP;4469177;soja;0.0;0.0;0;0.0;0.0;False;False;75;22665.14;05;2062;02;False;0133403;True;0;3;2;1;0;7;37248.85;False;0.0;;;;;;;;;;;;;;;;;0
limpo;30761330000160;30761330;GO;3838683;soja;0.0;0.0;0;0.0;0.0;False;False;177;0.0;03;2135;02;False;0220901;True;0;8;1;1;0;0;0.0;False;0.0;8577457.59;2126;4034.55;3501.48;;;;;;;;;;;;;0
limpo;28897262000110;28897262;TO;2599733;soja;0.0;0.0;0;0.0;0.0;False;False;472;1.0;01;4014;02;False;0116401;True;0;4;0;0;0;0;0.0;False;0.0;1134944.18;1648;688.68;2399.35;;3673.1;0.0845;644740.4;;;;;;;;;0
limpo;68341179000184;68341179;GO;3838683;soja;0.0;0.0;0;0.0;0.0;False;False;218;0.0;05;2135;02;False;0311601;True;0;5;1;0;0;0;0.0;False;0.0;8577457.59;2126;4034.55;3501.48;;;;;;;;;;;;;0
limpo;94183676000101;94183676;BA;3797806;soja;0.0;0.0;0;0.0;0.0;False;False;104;0.0;03;4014;02;False;0111301;True;1;2;0;0;0;0;0.0;False;0.0;4577751.8;3577;1279.77;1116.86;;3266.8;-0.1381;29664.1;1160.2;-0.1501;25;-0.5722;;;;;0
limpo;55256485000170;55256485;SP;1144522;soja;0.0;0.0;0;0.0;0.0;False;False;51;0.0;01;2054;02;False;0113000;True;0;7;2;1;0;0;0.0;False;0.0;22685314.17;3452;6571.64;4478.12;;3859.7;-0.1003;15013.11;975.4;-0.3231;19;-0.3987;;;;;0
limpo;12873138000184;12873138;GO;2856025;soja;0.0;0.0;0;363261.52;0.0;False;False;515;0.0;01;2240;02;False;0133403;True;0;3;2;2;0;0;0.0;False;0.0;4215365.78;477;8837.24;5811.42;;1816.6;-0.0367;157568.54;1022.2;-0.0563;11;-0.2071;2;6413.04;717;2;0
limpo;83449368000169;83449368;BA;1993507;soja;0.0;0.0;0;0.0;0.0;False;False;119;0.0;01;2054;02;False;0113000;True;0;3;2;1;1;0;0.0;False;0.0;;;;;;3041.8;-0.0835;4445.58;1427.8;0.2926;16;-0.2083;6;301064.67;498;3;1
grupo_societario;56298907000133;56298907;GO;2092240;soja;0.0;0.0;0;0.0;0.0;False;False;281;1.0;01;4014;02;False;0210101;True;1;8;15;15;2;0;0.0;False;0.0;3025600.14;2445;1237.46;6478.28;;;;;;;;;;;;;0
limpo;48768136000172;48768136;MA;1849363;soja;0.0;0.0;0;0.0;0.0;False;False;141;0.0;05;2062;02;False;0311601;True;0;1;0;0;0;0;0.0;False;0.0;1890436.06;790;2392.96;3254.5;;2951.6;0.2319;11567.52;1244.5;-0.2244;14;0.2749;;;;;0
passivo_ambiental_auto;43533745000129;43533745;TO;4589069;soja;0.0;0.0;0;0.0;0.0;False;False;276;1.0;01;2062;02;False;0113000;True;0;1;1;1;0;5;431879.35;False;0.0;2443446.14;2744;890.47;4703.19;;2024.4;-0.0039;12496.35;1038.3;-0.1626;18;-0.1071;;;;;0
passivo_ambiental_embargo;97574323000120;97574323;MT;3486350;soja;0.0;0.0;0;0.0;0.0;False;False;371;0.0;03;4014;02;False;0121101;True;0;7;2;2;1;14;18989.58;True;78.29;65163087.4;3987;16343.89;5719.93;;2279.5;0.0795;14132.81;;;;;;;;;0
limpo;77238242000142;77238242;MS;2167433;soja;0.0;0.0;0;0.0;0.0;False;False;235;0.0;01;2135;02;False;0210101;True;0;7;1;1;0;0;0.0;False;0.0;45698908.98;37;1235105.65;4640.03;;3388.1;-0.041;1178.06;747.3;0.3091;29;-0.1134;;;;;0
limpo;93443712000166;93443712;RS;2897684;soja;0.0;0.0;0;0.0;0.0;False;False;472;0.0;01;2240;02;False;0210101;True;0;7;1;0;0;0;0.0;False;0.0;25576731.08;1000;25576.73;5293.87;;3022.4;-0.1789;34484.31;791.9;0.1416;23;-0.3386;;;;;0
limpo;54944588000160;54944588;MT;3486350;soja;0.0;0.0;0;0.0;0.0;False;False;553;0.0;03;4014;02;False;0210101;True;0;5;2;0;0;0;0.0;False;0.0;65163087.4;3987;16343.89;5719.93;;2279.5;0.0795;14132.81;;;;;4;15020.1;198;1;0
limpo;20275301000135;20275301;TO;1628136;soja;0.0;0.0;0;768941.21;0.0;False;False;116;0.0;03;2054;02;False;0133403;True;0;4;1;1;0;0;0.0;False;0.0;22713744.04;630;36053.56;4855.95;;;;;;;;;;;;;0
limpo;10338962000109;10338962;MA;1849363;soja;0.0;0.0;0;0.0;0.0;False;False;431;0.0;03;2054;02;False;0151201;True;4;4;2;2;1;0;0.0;False;0.0;1890436.06;790;2392.96;3254.5;;2951.6;0.2319;11567.52;1244.5;-0.2244;14;0.2749;;;;;0
divida_ativa;79360964000109;79360964;MS;2167433;soja;30022.69;22135.99;9;0.0;10331.97;True;False;329;0.0;01;4014;02;False;0151201;True;0;7;0;0;0;0;0.0;False;0.0;45698908.98;37;1235105.65;4640.03;;3388.1;-0.041;1178.06;747.3;0.3091;29;-0.1134;;;;;0
divida_ativa;69998690000116;69998690;SP;1144522;soja;7230.74;5698.73;6;0.0;-1794.46;False;True;332;0.0;03;2240;02;False;0115600;True;0;5;2;1;1;0;0.0;False;0.0;22685314.17;3452;6571.64;4478.12;;3859.7;-0.1003;15013.11;975.4;-0.3231;19;-0.3987;4;39758.02;436;3;1
passivo_ambiental_auto;22626119000107;22626119;RS;4372021;soja;0.0;0.0;0;0.0;0.0;False;False;467;1.0;01;4014;02;False;0116401;True;0;5;1;0;0;9;767.63;False;0.0;4702656.59;2724;1726.38;4444.47;;2871.3;-0.1436;6684.69;1363.1;-0.0476;4;-0.0304;5;37318.57;270;2;0
limpo;59631085000159;59631085;MT;4952487;soja;0.0;0.0;0;0.0;0.0;False;False;85;554599.84;03;2135;02;False;0133403;True;0;4;2;1;0;0;0.0;False;0.0;;;;;;4283.3;-0.0501;26781.4;1142.6;-0.1312;16;-0.1184;;;;;0
limpo;79031416000127;79031416;GO;2631798;soja;0.0;0.0;0;0.0;0.0;False;False;268;0.0;01;2135;02;False;0220901;True;0;1;1;1;0;0;0.0;False;0.0;14413700.4;13;1108746.18;6417.73;;3194.9;-0.0821;19788.09;1403.2;-0.2716;20;0.8262;;;;;0
limpo;49829218000142;49829218;GO;2856025;soja;0.0;0.0;0;0.0;0.0;False;False;390;78112.02;03;2240;02;False;0111301;True;0;3;2;2;1;0;0.0;False;0.0;4215365.78;477;8837.24;5811.42;;1816.6;-0.0367;157568.54;1022.2;-0.0563;11;-0.2071;;;;;0
limpo;22702081000104;22702081;SP;1144522;soja;0.0;0.0;0;0.0;0.0;False;False;365;1.0;01;2054;02;False;0113000;True;0;7;0;0;0;0;0.0;False;0.0;22685314.17;3452;6571.64;4478.12;;3859.7;-0.1003;15013.11;975.4;-0.3231;19;-0.3987;;;;;0
limpo;98463964000170;98463964;MT;4091416;soja;0.0;0.0;0;0.0;0.0;False;False;257;0.0;05;2054;02;False;0113000;True;1;5;1;0;0;0;0.0;False;0.0;9930345.71;3827;2594.81;2854.45;;2593.6;0.1175;64737.72;;;;;5;306995.18;371;1;1
situacao_irregular;25559073000149;25559073;PI;4630374;soja;0.0;0.0;0;0.0;0.0;False;False;175;0.0;01;4014;03;True;0133403;True;0;6;1;1;0;11;130337.82;False;0.0;13048266.74;1086;12014.98;3730.29;;4454.7;0.2245;24466.93;1518.2;0.2463;22;-0.0198;;;;;0
limpo;89197336000108;89197336;RS;2897684;soja;0.0;0.0;0;0.0;0.0;False;False;455;0.0;03;4014;02;False;0220901;True;0;6;0;0;0;0;0.0;False;0.0;25576731.08;1000;25576.73;5293.87;;3022.4;-0.1789;34484.31;791.9;0.1416;23;-0.3386;;;;;0
divida_ativa;37984488000149;37984488;GO;2856025;soja;242840.24;800.86;3;0.0;2586.46;False;True;317;0.0;03;2062;02;False;0111301;True;0;6;0;0;0;0;0.0;False;0.0;4215365.78;477;8837.24;5811.42;;1816.6;-0.0367;157568.54;1022.2;-0.0563;11;-0.2071;;;;;1
limpo;62570183000138;62570183;BA;1993507;soja;0.0;0.0;0;0.0;0.0;False;False;413;0.0;03;4014;02;False;0133403;True;1;3;2;0;0;0;0.0;False;0.0;;;;;;3041.8;-0.0835;4445.58;1427.8;0.2926;16;-0.2083;;;;;0
limpo;42243271000118;42243271;MT;4952487;soja;98186.69;42179.63;8;0.0;-21543.72;False;True;253;0.0;01;2062;02;False;0151201;True;2;3;2;0;0;0;0.0;False;0.0;;;;;;4283.3;-0.0501;26781.4;1142.6;-0.1312;16;-0.1184;4;39570.03;410;1;1
limpo;84326116000105;84326116;TO;2782512;soja;0.0;0.0;0;0.0;0.0;False;False;300;30646.07;05;4014;02;False;0113000;True;0;4;0;0;0;0;0.0;False;0.0;;;;;;2863.3;-0.1129;5150.27;910.7;0.2631;25;0.1329;;;;;0
divida_ativa;17479376000123;17479376;BA;1287110;soja;118051.84;62145.61;3;0.0;28056.56;True;True;68;0.0;03;4014;02;False;0111301;True;0;4;0;0;0;4;15968.73;False;0.0;7170659.32;281;25518.36;5970.35;;3173.5;-0.0805;35165.31;;;;;;;;;0
limpo;75054513000184;75054513;MS;2167433;soja;0.0;0.0;0;0.0;0.0;False;False;505;1.0;03;2062;02;False;0220901;True;0;8;1;1;0;0;0.0;False;0.0;45698908.98;37;1235105.65;4640.03;;3388.1;-0.041;1178.06;747.3;0.3091;29;-0.1134;;;;;0
situacao_irregular;10466556000121;10466556;PR;4542087;soja;0.0;0.0;0;0.0;0.0;False;False;249;0.0;01;2054;08;True;0116401;True;1;6;0;0;0;0;0.0;False;0.0;2139970.45;3795;563.89;4484.0;;;;;;;;;;;;;0
limpo;75751000000122;75751000;SP;1144522;soja;0.0;0.0;0;0.0;0.0;False;False;487;0.0;03;2135;02;False;0220901;True;0;3;0;0;0;0;0.0;False;0.0;22685314.17;3452;6571.64;4478.12;;3859.7;-0.1003;15013.11;975.4;-0.3231;19;-0.3987;;;;;0
grupo_societario;30964776000192;30964776;TO;1926828;soja;0.0;0.0;0;0.0;0.0;False;False;548;1.0;01;4014;02;False;0111301;True;0;6;22;5;11;0;0.0;False;0.0;1592038.63;3955;402.54;2086.07;;2103.1;-0.0625;2779.51;847.2;0.0075;25;0.3455;;;;;1
limpo;13751110000137;13751110;MT;4872493;soja;0.0;0.0;0;0.0;0.0;False;False;49;1.0;05;2062;02;False;0151201;True;0;3;0;0;0;0;0.0;False;0.0;12871579.85;766;16803.63;1283.72;;2678.2;-0.0379;315502.18;1164.2;-0.4814;30;-0.3935;;;;;0
limpo;30783091000140;30783091;SP;1144522;soja;0.0;0.0;0;0.0;0.0;False;False;231;0.0;01;2240;02;False;0115600;True;0;3;1;0;0;0;0.0;False;0.0;22685314.17;3452;6571.64;4478.12;;3859.7;-0.1003;15013.11;975.4;-0.3231;19;-0.3987;;;;;0
limpo;57300289000181;57300289;BA;3797806;soja;0.0;0.0;0;0.0;0.0;False;False;245;0.0;05;2054;02;False;0220901;True;0;6;2;2;0;0;0.0;False;0.0;4577751.8;3577;1279.77;1116.86;;3266.8;-0.1381;29664.1;1160.2;-0.1501;25;-0.5722;;;;;0
limpo;42522192000146;42522192;TO;2625906;soja;0.0;0.0;0;0.0;0.0;False;False;359;0.0;05;2135;02;False;0210101;True;1;8;2;0;0;0;0.0;False;0.0;7076252.67;3896;1816.29;5129.4;;4004.9;-0.3294;61983.79;1163.5;-0.1957;26;-0.2281;;;;;0
divida_ativa;11880225000104;11880225;TO;4589069;soja;610190.22;542142.67;9;0.0;213999.84;False;True;473;0.0;05;2240;02;False;0113000;True;0;2;0;0;0;9;75222.94;False;0.0;2443446.14;2744;890.47;4703.19;;2024.4;-0.0039;12496.35;1038.3;-0.1626;18;-0.1071;;;;;1
limpo;58728782000160;58728782;TO;1628136;soja;174373.92;115883.99;3;0.0;78637.7;False;True;182;0.0;01;2240;02;False;0151201;True;1;2;1;0;0;0;0.0;False;0.0;22713744.04;630;36053.56;4855.95;;;;;;;;;;;;;0
limpo;65093650000174;65093650;MT;4091416;soja;0.0;0.0;0;0.0;0.0;False;False;525;0.0;05;4014;02;False;0151201;True;2;6;0;0;0;0;0.0;False;0.0;9930345.71;3827;2594.81;2854.45;;2593.6;0.1175;64737.72;;;;;;;;;0
limpo;43333667000119;43333667;TO;5373788;soja;0.0;0.0;0;0.0;0.0;False;False;209;103018.18;03;2135;02;False;0113000;True;2;2;0;0;0;0;0.0;False;0.0;;;;;;;;;;;;;;;;;0
limpo;17872866000195;17872866;BA;1287110;soja;0.0;0.0;0;0.0;0.0;False;False;278;0.0;01;2062;02;False;0311601;True;0;7;0;0;0;0;0.0;False;0.0;7170659.32;281;25518.36;5970.35;;3173.5;-0.0805;35165.31;;;;;;;;;0
situacao_irregular;93093667000167;93093667;TO;1628136;soja;0.0;0.0;0;0.0;0.0;False;False;173;1.0;03;2240;08;True;0311601;True;0;8;0;0;0;0;0.0;False;0.0;22713744.04;630;36053.56;4855.95;;;;;;;;;;;;;0
limpo;97312082000141;97312082;MA;2547930;soja;0.0;0.0;0;0.0;0.0;False;False;244;0.0;05;2062;02;False;0133403;True;0;1;1;0;0;0;0.0;False;0.0;3056399.2;3421;893.42;2943.06;;3413.0;0.1153;12947.73;1079.8;-0.105;39;-0.2894;;;;;0
passivo_ambiental_embargo;48922276000153;48922276;GO;2631798;soja;0.0;0.0;0;0.0;0.0;False;False;113;0.0;05;2054;02;False;0151201;True;0;1;0;0;0;6;523629.4;True;81.43;14413700.4;13;1108746.18;6417.73;;3194.9;-0.0821;19788.09;1403.2;-0.2716;20;0.8262;;;;;0
passivo_ambiental_auto;98301036000100;98301036;PR;4542087;soja;0.0;0.0;0;0.0;0.0;False;False;306;48181.09;05;4014;02;False;0116401;True;0;7;2;1;0;1;140107.45;False;0.0;2139970.45;3795;563.89;4484.0;;;;;;;;;;;;;0
limpo;17918347000110;17918347;TO;2599733;soja;0.0;0.0;0;96670.92;0.0;False;False;228;0.0;05;4014;02;False;0220901;True;0;6;1;0;0;0;0.0;False;0.0;1134944.18;1648;688.68;2399.35;;3673.1;0.0845;644740.4;;;;;;;;;0
limpo;58012833000152;58012833;MT;3486350;soja;0.0;0.0;0;0.0;0.0;False;False;418;0.0;03;2062;02;False;0151201;True;0;8;1;1;0;0;0.0;False;0.0;65163087.4;3987;16343.89;5719.93;;2279.5;0.0795;14132.81;;;;;;;;;0
limpo;40914918000160;40914918;PR;4542087;soja;0.0;0.0;0;0.0;0.0;False;False;184;1.0;03;2062;02;False;0151201;True;0;6;1;0;0;0;0.0;False;0.0;2139970.45;3795;563.89;4484.0;;;;;;;;;;;;;0
limpo;66621300000104;66621300;PI;4630374;soja;0.0;0.0;0;0.0;0.0;False;False;226;0.0;05;2062;02;False;0133403;True;0;2;1;0;0;12;1581189.19;False;0.0;13048266.74;1086;12014.98;3730.29;;4454.7;0.2245;24466.93;1518.2;0.2463;22;-0.0198;;;;;1
limpo;14273658000181;14273658;TO;2782512;soja;0.0;0.0;0;0.0;0.0;False;False;26;0.0;03;2062;02;False;0311601;True;0;3;1;1;0;0;0.0;False;0.0;;;;;;2863.3;-0.1129;5150.27;910.7;0.2631;25;0.1329;;;;;0
limpo;12004468000133;12004468;BA;1993507;soja;0.0;0.0;0;0.0;0.0;False;False;106;28133.65;01;2062;02;False;0311601;True;0;2;2;0;1;0;0.0;False;0.0;;;;;;3041.8;-0.0835;4445.58;1427.8;0.2926;16;-0.2083;;;;;0
passivo_ambiental_embargo;88816856000180;88816856;PR;4374686;soja;0.0;0.0;0;0.0;0.0;False;False;319;1.0;03;4014;02;False;0151201;True;0;6;2;1;0;14;19673.54;True;897.07;;;;;;;;;;;;;;;;;0
limpo;67226784000141;67226784;GO;3355082;soja;0.0;0.0;0;0.0;0.0;False;False;409;1.0;03;4014;02;False;0111301;True;1;1;0;0;0;0;0.0;False;0.0;344902.69;1555;221.8;1341.28;;3426.5;-0.1292;14743.52;1302.6;0.1067;12;-0.0223;;;;;0
limpo;28209374000130;28209374;SP;1144522;soja;0.0;0.0;0;0.0;0.0;False;False;515;0.0;01;2054;02;False;0133403;True;0;2;1;0;0;0;0.0;False;0.0;22685314.17;3452;6571.64;4478.12;;3859.7;-0.1003;15013.11;975.4;-0.3231;19;-0.3987;;;;;1
situacao_irregular;43748247000101;43748247;TO;4589069;soja;0.0;0.0;0;0.0;0.0;False;False;230;0.0;01;2240;03;True;0133403;True;0;1;2;2;0;0;0.0;False;0.0;2443446.14;2744;890.47;4703.19;;2024.4;-0.0039;12496.35;1038.3;-0.1626;18;-0.1071;;;;;0
limpo;61992603000101;61992603;MT;3486350;soja;0.0;0.0;0;0.0;0.0;False;False;339;1.0;05;2135;02;False;0121101;True;0;7;1;0;0;14;665080.51;False;0.0;65163087.4;3987;16343.89;5719.93;;2279.5;0.0795;14132.81;;;;;;;;;0
passivo_ambiental_auto;12671076000128;12671076;TO;2599733;soja;0.0;0.0;0;0.0;0.0;False;False;494;0.0;03;2135;02;False;0121101;True;0;7;0;0;0;11;47715.64;False;0.0;1134944.18;1648;688.68;2399.35;;3673.1;0.0845;644740.4;;;;;;;;;0
limpo;88277785000195;88277785;SP;4469177;soja;0.0;0.0;0;0.0;0.0;False;False;511;0.0;05;2240;02;False;0210101;True;0;1;0;0;0;0;0.0;False;0.0;;;;;;;;;;;;;;;;;0
passivo_ambiental_auto;16532056000127;16532056;MT;4872493;soja;0.0;0.0;0;0.0;0.0;False;False;375;0.0;05;4014;02;False;0220901;True;1;6;0;0;0;9;15000352.7;False;0.0;12871579.85;766;16803.63;1283.72;;2678.2;-0.0379;315502.18;1164.2;-0.4814;30;-0.3935;;;;;0
limpo;20446456000197;20446456;GO;2631798;soja;0.0;0.0;0;0.0;0.0;False;False;407;0.0;01;2135;02;False;0311601;True;0;1;0;0;0;0;0.0;False;0.0;14413700.4;13;1108746.18;6417.73;;3194.9;-0.0821;19788.09;1403.2;-0.2716;20;0.8262;;;;;0
limpo;94603878000165;94603878;TO;2599733;soja;0.0;0.0;0;0.0;0.0;False;False;540;0.0;01;2135;02;False;0113000;True;1;2;1;1;0;0;0.0;False;0.0;1134944.18;1648;688.68;2399.35;;3673.1;0.0845;644740.4;;;;;;;;;0
limpo;25958464000136;25958464;TO;4589069;soja;0.0;0.0;0;0.0;0.0;False;False;47;0.0;03;2240;02;False;0116401;True;0;2;1;1;0;0;0.0;False;0.0;2443446.14;2744;890.47;4703.19;;2024.4;-0.0039;12496.35;1038.3;-0.1626;18;-0.1071;;;;;0
passivo_ambiental_auto;33805265000116;33805265;GO;3763424;soja;0.0;0.0;0;0.0;0.0;False;False;208;26155.17;01;2135;02;False;0121101;True;0;7;0;0;0;12;15390.08;False;0.0;2844536.11;3158;900.74;4170.84;;3496.6;-0.1391;1857.33;;;;;;;;;0
passivo_ambiental_auto;53619520000143;53619520;MT;4091416;soja;0.0;0.0;0;0.0;0.0;False;False;297;0.0;01;2054;02;False;0115600;True;0;3;1;0;0;4;176299.85;False;0.0;9930345.71;3827;2594.81;2854.45;;2593.6;0.1175;64737.72;;;;;;;;;0
limpo;82447153000146;82447153;TO;2395181;soja;0.0;0.0;0;2299357.85;0.0;False;False;105;1.0;03;2062;02;False;0311601;True;0;1;0;0;0;4;301470.81;False;0.0;5222030.27;3113;1677.49;5412.59;;4009.6;0.3374;16612.29;725.4;0.2591;36;-0.1239;;;;;0
limpo;79827495000187;79827495;MT;5020745;soja;0.0;0.0;0;0.0;0.0;False;False;516;1.0;03;2240;02;False;0151201;True;1;1;0;0;0;0;0.0;False;0.0;16832610.2;2938;5729.28;2659.43;;2865.5;-0.0685;23248.53;1087.1;-0.1985;10;0.5319;;;;;0
limpo;63509768000105;63509768;MT;1342092;soja;0.0;0.0;0;0.0;0.0;False;False;460;0.0;01;2062;02;False;0210101;True;0;1;2;0;1;0;0.0;False;0.0;722846.84;2362;306.03;1988.84;;3594.8;0.0837;14558.01;663.4;-0.0379;31;0.4066;;;;;0
limpo;50570534000121;50570534;MT;4952487;soja;0.0;0.0;0;0.0;0.0;False;False;549;0.0;03;4014;02;False;0220901;True;1;5;2;2;0;0;0.0;False;0.0;;;;;;4283.3;-0.0501;26781.4;1142.6;-0.1312;16;-0.1184;;;;;0
limpo;46833176000125;46833176;GO;3763424;soja;0.0;0.0;0;0.0;0.0;False;False;457;0.0;05;2240;02;False;0151201;True;0;4;0;0;0;0;0.0;False;0.0;2844536.11;3158;900.74;4170.84;;3496.6;-0.1391;1857.33;;;;;;;;;0
situacao_irregular;60699756000100;60699756;RS;5323473;soja;0.0;0.0;0;0.0;0.0;False;False;485;0.0;03;2054;08;True;0116401;True;0;4;0;0;0;0;0.0;False;0.0;5770153.78;3796;1520.06;6107.33;;4184.9;0.3046;1406.53;1150.1;-0.4716;32;0.0109;;;;;0
divida_ativa;12152527000110;12152527;MT;4952487;soja;120891.64;96250.5;3;0.0;-7698.11;False;False;330;0.0;01;2062;02;False;0121101;True;0;1;1;1;0;8;54811.97;False;0.0;;;;;;4283.3;-0.0501;26781.4;1142.6;-0.1312;16;-0.1184;;;;;1
grupo_societario;67337518000196;67337518;MS;2167433;soja;0.0;0.0;0;0.0;0.0;False;False;138;1.0;03;2240;02;False;0220901;True;0;4;22;17;5;0;0.0;False;0.0;45698908.98;37;1235105.65;4640.03;;3388.1;-0.041;1178.06;747.3;0.3091;29;-0.1134;;;;;0
situacao_irregular;94282500000107;94282500;PR;4168991;soja;0.0;0.0;0;0.0;0.0;False;False;414;0.0;01;2240;08;True;0121101;True;2;7;1;0;0;0;0.0;False;0.0;;;;;;3272.2;-0.2374;11409.04;801.1;0.1095;21;-0.0934;2;18082.51;47;1;0
divida_ativa;40216279000160;40216279;PI;4630374;soja;378774.44;84441.43;2;0.0;169861.49;True;True;112;0.0;03;4014;02;False;0133403;True;0;1;2;0;1;0;0.0;False;0.0;13048266.74;1086;12014.98;3730.29;;4454.7;0.2245;24466.93;1518.2;0.2463;22;-0.0198;;;;;1
passivo_ambiental_auto;42044196000166;42044196;PR;4168991;soja;0.0;0.0;0;0.0;0.0;False;False;263;0.0;01;4014;02;False;0116401;True;0;8;1;0;0;13;12740.83;False;0.0;;;;;;3272.2;-0.2374;11409.04;801.1;0.1095;21;-0.0934;;;;;0
situacao_irregular;13172250000150;13172250;TO;2782512;soja;0.0;0.0;0;0.0;0.0;False;False;370;1.0;01;2062;04;True;0133403;True;0;8;2;1;1;0;0.0;False;0.0;;;;;;2863.3;-0.1129;5150.27;910.7;0.2631;25;0.1329;;;;;0
divida_ativa;35516166000140;35516166;GO;3355082;soja;3917.6;3556.38;7;0.0;869.11;True;True;228;100335.44;03;2054;02;False;0151201;True;0;6;1;0;0;0;0.0;False;0.0;344902.69;1555;221.8;1341.28;;3426.5;-0.1292;14743.52;1302.6;0.1067;12;-0.0223;;;;;0
limpo;68617724000112;68617724;TO;2782512;soja;0.0;0.0;0;0.0;0.0;False;False;166;60784.31;03;2135;02;False;0121101;True;0;6;1;0;0;0;0.0;False;0.0;;;;;;2863.3;-0.1129;5150.27;910.7;0.2631;25;0.1329;;;;;0
limpo;58544559000162;58544559;TO;4589069;soja;0.0;0.0;0;0.0;0.0;False;False;406;0.0;03;2240;02;False;0111301;True;0;5;0;0;0;0;0.0;False;0.0;2443446.14;2744;890.47;4703.19;;2024.4;-0.0039;12496.35;1038.3;-0.1626;18;-0.1071;;;;;0
limpo;88943068000155;88943068;MA;2547930;soja;0.0;0.0;0;0.0;0.0;False;False;442;1.0;03;4014;02;False;0116401;True;0;8;2;1;1;0;0.0;False;0.0;3056399.2;3421;893.42;2943.06;;3413.0;0.1153;12947.73;1079.8;-0.105;39;-0.2894;;;;;0
limpo;40119992000195;40119992;PI;1498259;soja;0.0;0.0;0;0.0;0.0;False;False;285;0.0;01;2135;02;False;0220901;True;0;3;0;0;0;0;0.0;False;0.0;5961831.05;452;13189.89;2292.48;;3510.9;-0.3402;43788.4;;;;;;;;;0
divida_ativa;96552780000151;96552780;MT;5020745;soja;77064.63;36889.15;7;0.0;-318.45;True;False;270;0.0;03;4014;02;False;0220901;True;0;4;1;1;0;0;0.0;False;0.0;16832610.2;2938;5729.28;2659.43;;2865.5;-0.0685;23248.53;1087.1;-0.1985;10;0.5319;;;;;0
limpo;98141123000147;98141123;MT;4872493;soja;0.0;0.0;0;0.0;0.0;False;False;40;0.0;03;2054;02;False;0121101;True;0;4;0;0;0;0;0.0;False;0.0;12871579.85;766;16803.63;1283.72;;2678.2;-0.0379;315502.18;1164.2;-0.4814;30;-0.3935;;;;;0
limpo;85456541000181;85456541;MA;1813278;soja;0.0;0.0;0;0.0;0.0;False;False;285;1.0;05;4014;02;False;0210101;True;1;3;2;2;1;0;0.0;False;0.0;;;;;;3988.3;0.1576;4152.02;852.3;0.0456;18;-0.0187;;;;;0
divida_ativa;79485303000100;79485303;MT;5020745;soja;143417.44;111613.16;4;3486543.57;32957.69;False;True;331;0.0;01;2240;02;False;0115600;True;0;5;2;2;0;0;0.0;False;0.0;16832610.2;2938;5729.28;2659.43;;2865.5;-0.0685;23248.53;1087.1;-0.1985;10;0.5319;;;;;0
limpo;61705455000105;61705455;MT;3486350;soja;0.0;0.0;0;0.0;0.0;False;False;558;0.0;03;2135;02;False;0151201;True;1;3;2;1;0;0;0.0;False;0.0;65163087.4;3987;16343.89;5719.93;;2279.5;0.0795;14132.81;;;;;;;;;0
limpo;57104081000197;57104081;BA;3797806;soja;0.0;0.0;0;0.0;0.0;False;False;422;0.0;03;2135;02;False;0111301;True;0;4;1;1;0;0;0.0;False;0.0;4577751.8;3577;1279.77;1116.86;;3266.8;-0.1381;29664.1;1160.2;-0.1501;25;-0.5722;;;;;0
divida_ativa;76470782000194;76470782;RS;2897684;soja;4766.7;3049.77;4;0.0;740.42;False;True;431;1.0;05;2062;02;False;0121101;True;0;7;1;1;0;0;0.0;False;0.0;25576731.08;1000;25576.73;5293.87;;3022.4;-0.1789;34484.31;791.9;0.1416;23;-0.3386;3;94674.67;517;1;1
limpo;94445788000193;94445788;BA;3797806;soja;0.0;0.0;0;0.0;0.0;False;False;439;0.0;05;2054;02;False;0111301;True;0;8;1;0;0;0;0.0;False;0.0;4577751.8;3577;1279.77;1116.86;;3266.8;-0.1381;29664.1;1160.2;-0.1501;25;-0.5722;;;;;0
limpo;91830476000105;91830476;RS;4372021;soja;0.0;0.0;0;0.0;0.0;False;False;160;0.0;01;2062;02;False;0311601;True;0;2;1;0;0;0;0.0;False;0.0;4702656.59;2724;1726.38;4444.47;;2871.3;-0.1436;6684.69;1363.1;-0.0476;4;-0.0304;;;;;0
limpo;48379798000150;48379798;MT;4872493;soja;0.0;0.0;0;0.0;0.0;False;False;196;1.0;01;4014;02;False;0111301;True;1;6;0;0;0;0;0.0;False;0.0;12871579.85;766;16803.63;1283.72;;2678.2;-0.0379;315502.18;1164.2;-0.4814;30;-0.3935;;;;;0
divida_ativa;10258482000138;10258482;TO;2599733;soja;603740.42;285058.24;7;0.0;111436.75;False;True;105;1.0;03;2240;02;False;0210101;True;0;4;0;0;0;0;0.0;False;0.0;1134944.18;1648;688.68;2399.35;;3673.1;0.0845;644740.4;;;;;;;;;1
limpo;53270968000102;53270968;GO;2631798;soja;0.0;0.0;0;0.0;0.0;False;False;185;1.0;01;2062;02;False;0111301;True;0;5;1;1;0;0;0.0;False;0.0;14413700.4;13;1108746.18;6417.73;;3194.9;-0.0821;19788.09;1403.2;-0.2716;20;0.8262;;;;;0
limpo;87755522000181;87755522;GO;3838683;soja;0.0;0.0;0;0.0;0.0;False;False;244;0.0;03;2062;02;False;0210101;True;0;3;2;1;0;0;0.0;False;0.0;8577457.59;2126;4034.55;3501.48;;;;;;;;;;;;;0
situacao_irregular;39045149000122;39045149;PR;4542087;soja;0.0;0.0;0;0.0;0.0;False;False;533;0.0;01;2054;04;True;0220901;True;0;7;0;0;0;0;0.0;False;0.0;2139970.45;3795;563.89;4484.0;;;;;;;;;;;;;0
passivo_ambiental_embargo;51862710000161;51862710;TO;5373788;soja;0.0;0.0;0;0.0;0.0;False;False;204;1.0;03;2054;02;False;0116401;True;0;1;2;1;0;9;48272.15;True;1743.79;;;;;;;;;;;;;;;;;0
passivo_ambiental_auto;20250078000171;20250078;TO;2625906;soja;0.0;0.0;0;0.0;0.0;False;False;355;0.0;05;2054;02;False;0220901;True;1;1;0;0;0;5;4782635.92;False;0.0;7076252.67;3896;1816.29;5129.4;;4004.9;-0.3294;61983.79;1163.5;-0.1957;26;-0.2281;;;;;0
limpo;28037538000190;28037538;SP;4469177;soja;0.0;0.0;0;0.0;0.0;False;False;523;0.0;05;2062;02;False;0111301;True;0;1;0;0;0;0;0.0;False;0.0;;;;;;;;;;;;;;;;;0
grupo_societario;93440297000197;93440297;PA;3572518;soja;0.0;0.0;0;0.0;0.0;False;False;403;0.0;01;2062;02;False;0151201;True;0;1;16;0;5;0;0.0;False;0.0;8421494.89;3910;2153.84;5580.08;;;;;;;;;5;97969.03;433;3;1
divida_ativa;25905529000185;25905529;TO;4589069;soja;38627.29;9280.17;1;0.0;3664.97;True;True;116;0.0;03;2240;02;False;0311601;True;0;3;1;0;0;0;0.0;False;0.0;2443446.14;2744;890.47;4703.19;;2024.4;-0.0039;12496.35;1038.3;-0.1626;18;-0.1071;;;;;0
limpo;93423606000110;93423606;PI;3137869;soja;0.0;0.0;0;0.0;0.0;False;False;432;0.0;05;4014;02;False;0113000;True;0;6;0;0;0;0;0.0;False;0.0;10177003.44;1015;10026.6;5071.94;;2744.9;-0.3095;14240.48;640.1;0.0766;0;0.6749;;;;;0
limpo;37378385000135;37378385;TO;5373788;soja;0.0;0.0;0;0.0;0.0;False;False;538;0.0;01;2240;02;False;0116401;True;3;7;2;0;1;1;44060.88;False;0.0;;;;;;;;;;;;;;;;;0
limpo;91572233000114;91572233;TO;1926828;soja;0.0;0.0;0;0.0;0.0;False;False;386;0.0;01;2062;02;False;0210101;True;0;6;0;0;0;0;0.0;False;0.0;1592038.63;3955;402.54;2086.07;;2103.1;-0.0625;2779.51;847.2;0.0075;25;0.3455;;;;;0
situacao_irregular;85241371000118;85241371;MT;4952487;soja;0.0;0.0;0;0.0;0.0;False;False;313;331679.41;03;2062;08;True;0151201;True;0;6;2;1;1;0;0.0;False;0.0;;;;;;4283.3;-0.0501;26781.4;1142.6;-0.1312;16;-0.1184;;;;;0
divida_ativa;86527022000120;86527022;PI;3137869;soja;41023.82;31373.9;8;0.0;9754.38;False;True;215;0.0;05;2062;02;False;0115600;True;0;2;0;0;0;0;0.0;False;0.0;10177003.44;1015;10026.6;5071.94;;2744.9;-0.3095;14240.48;640.1;0.0766;0;0.6749;;;;;0
limpo;13564169000116;13564169;PI;4630374;soja;0.0;0.0;0;0.0;0.0;False;False;346;0.0;03;4014;02;False;0115600;True;0;4;1;1;0;0;0.0;False;0.0;13048266.74;1086;12014.98;3730.29;;4454.7;0.2245;24466.93;1518.2;0.2463;22;-0.0198;;;;;0
passivo_ambiental_embargo;79092209000182;79092209;GO;3355082;soja;0.0;0.0;0;0.0;0.0;False;False;558;1.0;03;2054;02;False;0220901;True;1;1;2;0;1;10;54794.81;True;76.0;344902.69;1555;221.8;1341.28;;3426.5;-0.1292;14743.52;1302.6;0.1067;12;-0.0223;;;;;0
divida_ativa;30589584000143;30589584;SP;4469177;soja;71335.69;21819.16;6;0.0;-17888.14;True;True;85;1.0;03;2062;02;False;0311601;True;0;2;2;1;0;0;0.0;False;0.0;;;;;;;;;;;;;;;;;0
limpo;42581919000166;42581919;PR;4542087;soja;0.0;0.0;0;101040.59;0.0;False;False;288;0.0;03;2240;02;False;0111301;True;0;3;0;0;0;0;0.0;False;0.0;2139970.45;3795;563.89;4484.0;;;;;;;;;;;;;0
limpo;23895700000197;23895700;GO;3763424;soja;28102.49;6997.71;7;0.0;10496.13;False;True;109;16818.42;05;4014;02;False;0220901;True;0;2;1;0;0;0;0.0;False;0.0;2844536.11;3158;900.74;4170.84;;3496.6;-0.1391;1857.33;;;;;;;;;0
limpo;89029155000164;89029155;PR;4374686;soja;0.0;0.0;0;0.0;0.0;False;False;533;172630.78;01;4014;02;False;0121101;True;0;3;1;1;0;0;0.0;False;0.0;;;;;;;;;;;;;1;242160.64;129;1;0
passivo_ambiental_embargo;85642022000108;85642022;BA;1993507;soja;0.0;0.0;0;0.0;0.0;False;False;174;0.0;01;2062;02;False;0111301;True;0;7;0;0;0;12;33116.09;True;2960.91;;;;;;3041.8;-0.0835;4445.58;1427.8;0.2926;16;-0.2083;;;;;0
limpo;83598596000109;83598596;RS;2897684;soja;0.0;0.0;0;0.0;0.0;False;False;320;0.0;01;2135;02;False;0220901;True;0;8;0;0;0;0;0.0;False;0.0;25576731.08;1000;25576.73;5293.87;;3022.4;-0.1789;34484.31;791.9;0.1416;23;-0.3386;;;;;0
limpo;52115106000134;52115106;GO;3838683;soja;0.0;0.0;0;0.0;0.0;False;False;382;0.0;05;2240;02;False;0113000;True;0;2;2;1;0;0;0.0;False;0.0;8577457.59;2126;4034.55;3501.48;;;;;;;;;;;;;0
grupo_societario;76013165000160;76013165;MT;4872493;soja;0.0;0.0;0;0.0;0.0;False;False;57;1.0;03;4014;02;False;0111301;True;1;6;19;14;9;8;462600.0;False;0.0;12871579.85;766;16803.63;1283.72;;2678.2;-0.0379;315502.18;1164.2;-0.4814;30;-0.3935;;;;;1
limpo;55117496000170;55117496;TO;2599733;soja;0.0;0.0;0;0.0;0.0;False;False;440;0.0;05;2240;02;False;0113000;True;0;8;1;0;0;0;0.0;False;0.0;1134944.18;1648;688.68;2399.35;;3673.1;0.0845;644740.4;;;;;;;;;0
limpo;80396280000138;80396280;TO;2782512;soja;0.0;0.0;0;0.0;0.0;False;False;164;0.0;05;2054;02;False;0113000;True;0;2;0;0;0;0;0.0;False;0.0;;;;;;2863.3;-0.1129;5150.27;910.7;0.2631;25;0.1329;;;;;0
divida_ativa;29543364000108;29543364;RS;2897684;soja;15417.89;15225.75;4;0.0;-149.28;False;True;387;0.0;01;2062;02;False;0113000;True;0;2;2;0;0;0;0.0;False;0.0;25576731.08;1000;25576.73;5293.87;;3022.4;-0.1789;34484.31;791.9;0.1416;23;-0.3386;;;;;1
limpo;47807962000110;47807962;PR;4374686;soja;0.0;0.0;0;0.0;0.0;False;False;520;0.0;05;2062;02;False;0210101;True;0;3;0;0;0;0;0.0;False;0.0;;;;;;;;;;;;;5;133956.09;139;2;0
grupo_societario;27030337000106;27030337;TO;2395181;soja;0.0;0.0;0;0.0;0.0;False;False;536;24331.09;05;4014;02;False;0121101;True;0;5;21;2;1;0;0.0;False;0.0;5222030.27;3113;1677.49;5412.59;;4009.6;0.3374;16612.29;725.4;0.2591;36;-0.1239;;;;;0
passivo_ambiental_auto;68312495000128;68312495;MA;1813278;soja;0.0;0.0;0;0.0;0.0;False;False;418;0.0;05;2054;02;False;0220901;True;0;1;2;1;0;10;15565.95;False;0.0;;;;;;3988.3;0.1576;4152.02;852.3;0.0456;18;-0.0187;;;;;0
passivo_ambiental_auto;76988422000189;76988422;TO;2625906;soja;0.0;0.0;0;0.0;0.0;False;False;73;0.0;03;2062;02;False;0151201;True;0;6;2;2;0;13;120280.89;False;0.0;7076252.67;3896;1816.29;5129.4;;4004.9;-0.3294;61983.79;1163.5;-0.1957;26;-0.2281;;;;;1
limpo;50873986000182;50873986;MT;3047606;soja;0.0;0.0;0;0.0;0.0;False;False;488;0.0;03;2054;02;False;0311601;True;0;8;0;0;0;0;0.0;False;0.0;3490150.22;1814;1924.01;3376.09;;;;;;;;;;;;;0
passivo_ambiental_embargo;87851734000162;87851734;GO;3838683;soja;0.0;0.0;0;0.0;0.0;False;False;470;0.0;05;2062;02;False;0116401;True;0;6;0;0;0;13;2138039.72;True;1943.31;8577457.59;2126;4034.55;3501.48;;;;;;;;;4;13877.29;311;1;1
divida_ativa;50579039000183;50579039;MT;4952487;soja;87623.93;85884.21;7;0.0;33344.47;False;False;478;0.0;03;2240;02;False;0115600;True;0;1;2;1;1;0;0.0;False;0.0;;;;;;4283.3;-0.0501;26781.4;1142.6;-0.1312;16;-0.1184;;;;;0
situacao_irregular;76802756000116;76802756;PR;4542087;soja;0.0;0.0;0;0.0;0.0;False;False;527;0.0;01;2240;08;True;0151201;True;1;8;0;0;0;0;0.0;False;0.0;2139970.45;3795;563.89;4484.0;;;;;;;;;4;60507.04;441;1;0
divida_ativa;71543781000109;71543781;MA;1849363;soja;8790.46;3578.75;9;0.0;807.17;False;True;462;0.0;05;2054;02;False;0133403;True;2;5;2;1;0;0;0.0;False;0.0;1890436.06;790;2392.96;3254.5;;2951.6;0.2319;11567.52;1244.5;-0.2244;14;0.2749;;;;;0
divida_ativa;42528171000138;42528171;RS;2897684;soja;255503.88;132854.42;6;0.0;-9792.53;True;False;349;0.0;05;2240;02;False;0210101;True;0;8;2;2;0;0;0.0;False;0.0;25576731.08;1000;25576.73;5293.87;;3022.4;-0.1789;34484.31;791.9;0.1416;23;-0.3386;;;;;0
divida_ativa;18191057000180;18191057;GO;3838683;soja;165318.99;137615.52;6;0.0;-21759.59;False;True;206;0.0;03;2062;02;False;0113000;True;0;6;1;0;0;0;0.0;False;0.0;8577457.59;2126;4034.55;3501.48;;;;;;;;;;;;;0
limpo;57966380000130;57966380;RS;4372021;soja;0.0;0.0;0;0.0;0.0;False;False;172;0.0;01;2054;02;False;0133403;True;0;6;1;1;0;0;0.0;False;0.0;4702656.59;2724;1726.38;4444.47;;2871.3;-0.1436;6684.69;1363.1;-0.0476;4;-0.0304;1;115766.76;162;1;0
limpo;28152464000132;28152464;TO;5373788;soja;0.0;0.0;0;0.0;0.0;False;False;421;0.0;01;2054;02;False;0210101;True;0;1;0;0;0;1;34994.34;False;0.0;;;;;;;;;;;;;;;;;0
limpo;47392210000136;47392210;PA;3572518;soja;0.0;0.0;0;0.0;0.0;False;False;388;0.0;05;2135;02;False;0113000;True;2;6;2;1;0;0;0.0;False;0.0;8421494.89;3910;2153.84;5580.08;;;;;;;;;;;;;0
limpo;10143584000108;10143584;MA;2547930;soja;0.0;0.0;0;0.0;0.0;False;False;349;11273.1;03;2135;02;False;0116401;True;0;5;1;0;0;0;0.0;False;0.0;3056399.2;3421;893.42;2943.06;;3413.0;0.1153;12947.73;1079.8;-0.105;39;-0.2894;;;;;0
passivo_ambiental_auto;32902802000183;32902802;TO;2395181;soja;37643.44;28109.8;5;0.0;12481.85;True;False;104;1.0;01;2054;02;False;0210101;True;0;7;2;1;0;7;437819.46;False;0.0;5222030.27;3113;1677.49;5412.59;;4009.6;0.3374;16612.29;725.4;0.2591;36;-0.1239;;;;;0
limpo;20819970000120;20819970;MT;3486350;soja;0.0;0.0;0;215576.75;0.0;False;False;53;1.0;01;2062;02;False;0115600;True;1;8;0;0;0;0;0.0;False;0.0;65163087.4;3987;16343.89;5719.93;;2279.5;0.0795;14132.81;;;;;;;;;0
limpo;44064185000173;44064185;TO;2782512;soja;0.0;0.0;0;0.0;0.0;False;False;504;150041.94;01;2062;02;False;0133403;True;1;8;1;1;0;0;0.0;False;0.0;;;;;;2863.3;-0.1129;5150.27;910.7;0.2631;25;0.1329;;;;;0
limpo;23935976000151;23935976;RS;3466531;soja;0.0;0.0;0;0.0;0.0;False;False;218;0.0;03;2135;02;False;0113000;True;0;8;2;1;0;0;0.0;False;0.0;3897875.17;1357;2872.42;4389.67;;;;;;;;;;;;;0
passivo_ambiental_auto;63355970000120;63355970;RS;3466531;soja;0.0;0.0;0;0.0;0.0;False;False;262;0.0;03;2062;02;False;0113000;True;0;7;2;2;1;3;1436461.31;False;0.0;3897875.17;1357;2872.42;4389.67;;;;;;;;;;;;;0
limpo;88590173000158;88590173;TO;5373788;soja;0.0;0.0;0;0.0;0.0;False;False;310;0.0;01;2054;02;False;0311601;True;1;1;2;1;1;0;0.0;False;0.0;;;;;;;;;;;;;;;;;0
limpo;91969102000175;91969102;PR;4542087;soja;0.0;0.0;0;0.0;0.0;False;False;51;1.0;03;2135;02;False;0133403;True;0;1;2;0;1;0;0.0;False;0.0;2139970.45;3795;563.89;4484.0;;;;;;;;;;;;;0
limpo;37593123000193;37593123;GO;3355082;soja;0.0;0.0;0;0.0;0.0;False;False;286;0.0;03;2240;02;False;0121101;True;0;6;0;0;0;0;0.0;False;0.0;344902.69;1555;221.8;1341.28;;3426.5;-0.1292;14743.52;1302.6;0.1067;12;-0.0223;;;;;0
limpo;14210561000120;14210561;TO;2599733;soja;0.0;0.0;0;0.0;0.0;False;False;419;0.0;01;2062;02;False;0111301;True;1;6;1;0;0;0;0.0;False;0.0;1134944.18;1648;688.68;2399.35;;3673.1;0.0845;644740.4;;;;;;;;;0
divida_ativa;33964049000113;33964049;SP;1144522;soja;384987.39;293652.94;3;0.0;71431.43;False;True;269;0.0;03;2240;02;False;0133403;True;2;7;2;0;1;0;0.0;False;0.0;22685314.17;3452;6571.64;4478.12;;3859.7;-0.1003;15013.11;975.4;-0.3231;19;-0.3987;;;;;0
limpo;31458327000135;31458327;PA;3572518;soja;0.0;0.0;0;0.0;0.0;False;False;247;0.0;01;2054;02;False;0311601;True;0;4;1;1;0;0;0.0;False;0.0;8421494.89;3910;2153.84;5580.08;;;;;;;;;;;;;0
limpo;39278399000102;39278399;TO;1926828;soja;0.0;0.0;0;0.0;0.0;False;False;430;0.0;03;4014;02;False;0115600;True;0;1;1;1;0;0;0.0;False;0.0;1592038.63;3955;402.54;2086.07;;2103.1;-0.0625;2779.51;847.2;0.0075;25;0.3455;;;;;0
limpo;16638614000133;16638614;RS;2897684;soja;0.0;0.0;0;0.0;0.0;False;False;22;0.0;01;4014;02;False;0113000;True;0;4;1;0;0;0;0.0;False;0.0;25576731.08;1000;25576.73;5293.87;;3022.4;-0.1789;34484.31;791.9;0.1416;23;-0.3386;6;76990.92;92;2;1
limpo;73387208000189;73387208;PR;4374686;soja;0.0;0.0;0;0.0;0.0;False;False;153;0.0;05;4014;02;False;0311601;True;0;6;1;1;0;0;0.0;False;0.0;;;;;;;;;;;;;;;;;0
divida_ativa;26906298000197;26906298;BA;1993507;soja;37624.83;21600.71;9;0.0;11347.77;True;True;533;0.0;05;2240;02;False;0311601;True;0;7;2;0;0;0;0.0;False;0.0;;;;;;3041.8;-0.0835;4445.58;1427.8;0.2926;16;-0.2083;;;;;0
passivo_ambiental_auto;14135520000116;14135520;BA;3889457;soja;0.0;0.0;0;0.0;0.0;False;False;409;0.0;03;2135;02;False;0151201;True;1;6;2;0;0;12;20249.15;False;0.0;;;;;;3266.5;0.0304;5248.27;1073.2;0.0666;5;0.3658;3;14358.08;402;2;0
divida_ativa;75011680000148;75011680;GO;2092240;soja;132143.75;41674.68;6;0.0;-5805.24;False;True;198;1.0;01;4014;02;False;0133403;True;0;2;0;0;0;0;0.0;False;0.0;3025600.14;2445;1237.46;6478.28;;;;;;;;;0;0.0;;0;0
limpo;19193409000108;19193409;PI;4630374;soja;0.0;0.0;0;0.0;0.0;False;False;338;1.0;01;2135;02;False;0311601;True;0;1;0;0;0;0;0.0;False;0.0;13048266.74;1086;12014.98;3730.29;;4454.7;0.2245;24466.93;1518.2;0.2463;22;-0.0198;;;;;0
passivo_ambiental_auto;53447248000161;53447248;MT;4872493;soja;0.0;0.0;0;0.0;0.0;False;False;496;0.0;05;2062;02;False;0220901;True;0;3;2;2;0;10;25649.0;False;0.0;12871579.85;766;16803.63;1283.72;;2678.2;-0.0379;315502.18;1164.2;-0.4814;30;-0.3935;;;;;0
divida_ativa;82120270000109;82120270;MT;1342092;soja;63223.02;23072.96;1;0.0;28438.3;False;False;526;0.0;01;2054;02;False;0133403;True;1;7;1;1;0;0;0.0;False;0.0;722846.84;2362;306.03;1988.84;;3594.8;0.0837;14558.01;663.4;-0.0379;31;0.4066;;;;;0
limpo;90120675000167;90120675;MT;1342092;soja;0.0;0.0;0;0.0;0.0;False;False;208;0.0;03;4014;02;False;0311601;True;1;6;2;2;0;0;0.0;False;0.0;722846.84;2362;306.03;1988.84;;3594.8;0.0837;14558.01;663.4;-0.0379;31;0.4066;;;;;0
limpo;10608061000190;10608061;RS;2897684;soja;0.0;0.0;0;0.0;0.0;False;False;434;0.0;01;2062;02;False;0133403;True;0;5;2;2;1;0;0.0;False;0.0;25576731.08;1000;25576.73;5293.87;;3022.4;-0.1789;34484.31;791.9;0.1416;23;-0.3386;;;;;0
limpo;34955084000139;34955084;TO;2782512;soja;0.0;0.0;0;0.0;0.0;False;False;497;0.0;05;2062;02;False;0311601;True;0;4;2;1;1;0;0.0;False;0.0;;;;;;2863.3;-0.1129;5150.27;910.7;0.2631;25;0.1329;1;86545.49;35;1;0
limpo;85097306000160;85097306;MT;4091416;soja;0.0;0.0;0;2955697.41;0.0;False;False;327;0.0;03;2062;02;False;0116401;True;0;7;0;0;0;0;0.0;False;0.0;9930345.71;3827;2594.81;2854.45;;2593.6;0.1175;64737.72;;;;;;;;;0
divida_ativa;40222198000172;40222198;PA;3572518;soja;490599.34;474046.3;7;0.0;169318.54;False;True;93;0.0;03;2135;02;False;0116401;True;1;3;1;1;0;0;0.0;False;0.0;8421494.89;3910;2153.84;5580.08;;;;;;;;;;;;;1
limpo;28890075000104;28890075;BA;1993507;soja;0.0;0.0;0;0.0;0.0;False;False;266;0.0;05;2062;02;False;0113000;True;1;5;1;1;0;0;0.0;False;0.0;;;;;;3041.8;-0.0835;4445.58;1427.8;0.2926;16;-0.2083;;;;;0
limpo;23418988000109;23418988;MT;3047606;soja;0.0;0.0;0;0.0;0.0;False;False;306;0.0;01;2062;02;False;0151201;True;0;7;2;1;0;0;0.0;False;0.0;3490150.22;1814;1924.01;3376.09;;;;;;;;;;;;;0
grupo_societario;24895355000154;24895355;RS;3466531;soja;0.0;0.0;0;0.0;0.0;False;False;445;1.0;03;2240;02;False;0116401;True;0;1;25;15;12;0;0.0;False;0.0;3897875.17;1357;2872.42;4389.67;;;;;;;;;;;;;0
passivo_ambiental_auto;61345428000160;61345428;TO;4589069;soja;0.0;0.0;0;0.0;0.0;False;False;389;24207.2;01;2135;02;False;0111301;True;0;5;0;0;0;8;559110.26;False;0.0;2443446.14;2744;890.47;4703.19;;2024.4;-0.0039;12496.35;1038.3;-0.1626;18;-0.1071;;;;;0
limpo;89736214000134;89736214;RS;5323473;soja;0.0;0.0;0;0.0;0.0;False;False;206;0.0;01;2054;02;False;0133403;True;0;8;0;0;0;0;0.0;False;0.0;5770153.78;3796;1520.06;6107.33;;4184.9;0.3046;1406.53;1150.1;-0.4716;32;0.0109;;;;;0
situacao_irregular;61690832000171;61690832;TO;4589069;soja;0.0;0.0;0;0.0;0.0;False;False;153;0.0;03;2135;08;True;0111301;True;0;6;0;0;0;0;0.0;False;0.0;2443446.14;2744;890.47;4703.19;;2024.4;-0.0039;12496.35;1038.3;-0.1626;18;-0.1071;;;;;0
limpo;23798509000127;23798509;MA;1813278;soja;0.0;0.0;0;0.0;0.0;False;False;56;0.0;03;2135;02;False;0121101;True;0;5;0;0;0;0;0.0;False;0.0;;;;;;3988.3;0.1576;4152.02;852.3;0.0456;18;-0.0187;;;;;0
passivo_ambiental_auto;94859916000145;94859916;BA;1993507;soja;5594.6;1990.47;1;0.0;77.51;False;False;229;0.0;05;2240;02;False;0113000;True;0;3;1;0;0;2;258763.71;False;0.0;;;;;;3041.8;-0.0835;4445.58;1427.8;0.2926;16;-0.2083;;;;;0
limpo;39016033000165;39016033;MT;3486350;soja;0.0;0.0;0;0.0;0.0;False;False;379;0.0;01;4014;02;False;0133403;True;1;8;0;0;0;0;0.0;False;0.0;65163087.4;3987;16343.89;5719.93;;2279.5;0.0795;14132.81;;;;;;;;;0
limpo;62587653000176;62587653;BA;3889457;soja;0.0;0.0;0;0.0;0.0;False;False;282;0.0;05;2054;02;False;0116401;True;0;3;0;0;0;0;0.0;False;0.0;;;;;;3266.5;0.0304;5248.27;1073.2;0.0666;5;0.3658;;;;;0
limpo;25552431000191;25552431;PI;3137869;soja;0.0;0.0;0;0.0;0.0;False;False;361;28724.16;05;2240;02;False;0210101;True;1;7;0;0;0;0;0.0;False;0.0;10177003.44;1015;10026.6;5071.94;;2744.9;-0.3095;14240.48;640.1;0.0766;0;0.6749;;;;;0
limpo;77451493000100;77451493;RS;3466531;soja;0.0;0.0;0;0.0;0.0;False;False;478;0.0;05;2240;02;False;0210101;True;0;5;1;0;0;0;0.0;False;0.0;3897875.17;1357;2872.42;4389.67;;;;;;;;;;;;;0
passivo_ambiental_auto;92711050000103;92711050;TO;4589069;soja;0.0;0.0;0;0.0;0.0;False;False;168;1.0;03;2240;02;False;0151201;True;0;1;0;0;0;2;12745.34;False;0.0;2443446.14;2744;890.47;4703.19;;2024.4;-0.0039;12496.35;1038.3;-0.1626;18;-0.1071;;;;;0
situacao_irregular;83852744000161;83852744;TO;5373788;soja;0.0;0.0;0;0.0;0.0;False;False;502;0.0;03;2062;04;True;0116401;True;0;8;0;0;0;0;0.0;False;0.0;;;;;;;;;;;;;;;;;0
limpo;70770718000142;70770718;BA;1287110;soja;0.0;0.0;0;0.0;0.0;False;False;6;0.0;03;2240;02;False;0111301;True;0;5;1;0;0;0;0.0;False;0.0;7170659.32;281;25518.36;5970.35;;3173.5;-0.0805;35165.31;;;;;;;;;0
limpo;64779503000190;64779503;BA;1287110;soja;0.0;0.0;0;0.0;0.0;False;False;531;0.0;01;2135;02;False;0115600;True;0;6;1;0;0;0;0.0;False;0.0;7170659.32;281;25518.36;5970.35;;3173.5;-0.0805;35165.31;;;;;4;13433.3;32;1;0
limpo;18593301000131;18593301;TO;4589069;soja;0.0;0.0;0;0.0;0.0;False;False;186;0.0;01;2240;02;False;0210101;True;0;4;1;1;0;0;0.0;False;0.0;2443446.14;2744;890.47;4703.19;;2024.4;-0.0039;12496.35;1038.3;-0.1626;18;-0.1071;;;;;0
limpo;76375439000160;76375439;TO;2395181;soja;0.0;0.0;0;0.0;0.0;False;False;145;1.0;01;2135;02;False;0116401;True;1;4;1;1;0;0;0.0;False;0.0;5222030.27;3113;1677.49;5412.59;;4009.6;0.3374;16612.29;725.4;0.2591;36;-0.1239;;;;;0
situacao_irregular;37806762000190;37806762;RS;4372021;soja;0.0;0.0;0;0.0;0.0;False;False;126;0.0;01;2054;08;True;0151201;True;0;5;0;0;0;0;0.0;False;0.0;4702656.59;2724;1726.38;4444.47;;2871.3;-0.1436;6684.69;1363.1;-0.0476;4;-0.0304;;;;;0
limpo;95741381000176;95741381;GO;3355082;soja;0.0;0.0;0;0.0;0.0;False;False;501;1.0;05;2135;02;False;0116401;True;0;4;1;0;0;0;0.0;False;0.0;344902.69;1555;221.8;1341.28;;3426.5;-0.1292;14743.52;1302.6;0.1067;12;-0.0223;;;;;0
passivo_ambiental_auto;23404645000195;23404645;TO;2782512;soja;0.0;0.0;0;245222.82;0.0;False;False;174;60724.16;01;4014;02;False;0121101;True;0;2;2;2;0;3;12555.79;False;0.0;;;;;;2863.3;-0.1129;5150.27;910.7;0.2631;25;0.1329;4;2792.7;824;1;0
situacao_irregular;84773899000175;84773899;RS;2897684;soja;0.0;0.0;0;0.0;0.0;False;False;370;0.0;03;2135;03;True;0210101;True;0;5;2;2;0;0;0.0;False;0.0;25576731.08;1000;25576.73;5293.87;;3022.4;-0.1789;34484.31;791.9;0.1416;23;-0.3386;;;;;0
limpo;35401357000166;35401357;GO;3838683;soja;0.0;0.0;0;0.0;0.0;False;False;407;0.0;01;2135;02;False;0116401;True;0;5;1;0;0;0;0.0;False;0.0;8577457.59;2126;4034.55;3501.48;;;;;;;;;;;;;0
limpo;93623038000100;93623038;RS;1296511;soja;0.0;0.0;0;0.0;0.0;False;False;379;1.0;01;4014;02;False;0121101;True;0;6;2;0;0;0;0.0;False;0.0;;;;;;;;;;;;;0;0.0;;0;0
limpo;38597836000198;38597836;RS;1296511;soja;0.0;0.0;0;0.0;0.0;False;False;308;0.0;01;2135;02;False;0151201;True;0;7;1;0;0;0;0.0;False;0.0;;;;;;;;;;;;;;;;;0
limpo;54452916000101;54452916;MT;4091416;soja;0.0;0.0;0;0.0;0.0;False;False;378;0.0;03;2240;02;False;0220901;True;1;8;0;0;0;11;77718.37;False;0.0;9930345.71;3827;2594.81;2854.45;;2593.6;0.1175;64737.72;;;;;;;;;0
limpo;83734832000169;83734832;MT;4091416;soja;0.0;0.0;0;0.0;0.0;False;False;468;0.0;05;4014;02;False;0115600;True;0;5;0;0;0;0;0.0;False;0.0;9930345.71;3827;2594.81;2854.45;;2593.6;0.1175;64737.72;;;;;;;;;0
limpo;81084036000100;81084036;PR;4168991;soja;0.0;0.0;0;0.0;0.0;False;False;59;0.0;03;2135;02;False;0220901;True;1;1;0;0;0;0;0.0;False;0.0;;;;;;3272.2;-0.2374;11409.04;801.1;0.1095;21;-0.0934;;;;;0
limpo;89918506000198;89918506;GO;3838683;soja;0.0;0.0;0;0.0;0.0;False;False;447;0.0;01;2062;02;False;0133403;True;1;7;1;0;0;0;0.0;False;0.0;8577457.59;2126;4034.55;3501.48;;;;;;;;;;;;;0
limpo;23888210000163;23888210;MT;4952487;soja;0.0;0.0;0;0.0;0.0;False;False;506;0.0;01;2062;02;False;0116401;True;0;6;2;2;1;0;0.0;False;0.0;;;;;;4283.3;-0.0501;26781.4;1142.6;-0.1312;16;-0.1184;;;;;0
limpo;59328546000119;59328546;PR;4168991;soja;0.0;0.0;0;0.0;0.0;False;False;339;1.0;01;4014;02;False;0311601;True;0;5;1;0;0;0;0.0;False;0.0;;;;;;3272.2;-0.2374;11409.04;801.1;0.1095;21;-0.0934;;;;;0
divida_ativa;67390662000196;67390662;SP;4469177;soja;41155.91;37332.88;3;0.0;1396.71;True;False;444;1.0;03;2054;02;False;0121101;True;0;6;1;1;0;0;0.0;False;0.0;;;;;;;;;;;;;;;;;0
limpo;64604273000128;64604273;MT;4881066;soja;0.0;0.0;0;0.0;0.0;False;False;429;59135.79;03;4014;02;False;0115600;True;0;3;0;0;0;0;0.0;False;0.0;;;;;;;;;;;;;;;;;0
limpo;71252679000154;71252679;MT;4872493;soja;27204.1;26045.95;8;0.0;-7151.71;False;True;312;0.0;03;2062;02;False;0121101;True;0;3;1;1;0;0;0.0;False;0.0;12871579.85;766;16803.63;1283.72;;2678.2;-0.0379;315502.18;1164.2;-0.4814;30;-0.3935;;;;;0
limpo;72369093000137;72369093;PI;3137869;soja;0.0;0.0;0;0.0;0.0;False;False;190;0.0;01;2135;02;False;0116401;True;0;3;2;2;1;0;0.0;False;0.0;10177003.44;1015;10026.6;5071.94;;2744.9;-0.3095;14240.48;640.1;0.0766;0;0.6749;;;;;0
grupo_societario;28040874000191;28040874;MS;2167433;soja;0.0;0.0;0;0.0;0.0;False;False;529;0.0;05;2054;02;False;0111301;True;0;2;13;2;5;0;0.0;False;0.0;45698908.98;37;1235105.65;4640.03;;3388.1;-0.041;1178.06;747.3;0.3091;29;-0.1134;;;;;0
limpo;85202936000158;85202936;MT;4872493;soja;0.0;0.0;0;0.0;0.0;False;False;238;0.0;05;2240;02;False;0311601;True;0;2;2;1;1;0;0.0;False;0.0;12871579.85;766;16803.63;1283.72;;2678.2;-0.0379;315502.18;1164.2;-0.4814;30;-0.3935;;;;;0
situacao_irregular;96587707000115;96587707;MT;5020745;soja;0.0;0.0;0;0.0;0.0;False;False;87;0.0;01;4014;08;True;0115600;True;0;2;0;0;0;0;0.0;False;0.0;16832610.2;2938;5729.28;2659.43;;2865.5;-0.0685;23248.53;1087.1;-0.1985;10;0.5319;;;;;0
divida_ativa;71406267000121;71406267;TO;5373788;soja;130342.7;31127.99;7;0.0;19763.19;False;True;61;0.0;01;2240;02;False;0210101;True;0;7;0;0;0;0;0.0;False;0.0;;;;;;;;;;;;;;;;;0
limpo;70704548000106;70704548;PI;3137869;soja;0.0;0.0;0;0.0;0.0;False;False;381;1.0;01;2240;02;False;0151201;True;0;5;0;0;0;0;0.0;False;0.0;10177003.44;1015;10026.6;5071.94;;2744.9;-0.3095;14240.48;640.1;0.0766;0;0.6749;1;70812.87;94;1;0
limpo;78306683000105;78306683;SP;1144522;soja;0.0;0.0;0;0.0;0.0;False;False;334;0.0;01;2054;02;False;0220901;True;0;6;2;1;0;0;0.0;False;0.0;22685314.17;3452;6571.64;4478.12;;3859.7;-0.1003;15013.11;975.4;-0.3231;19;-0.3987;;;;;0
limpo;26213131000140;26213131;TO;5373788;soja;0.0;0.0;0;0.0;0.0;False;False;8;251639.42;05;2054;02;False;0115600;True;3;7;1;0;0;0;0.0;False;0.0;;;;;;;;;;;;;;;;;0
limpo;58996225000120;58996225;PR;4374686;soja;0.0;0.0;0;0.0;0.0;False;False;326;3719.45;03;4014;02;False;0210101;True;0;3;2;1;1;0;0.0;False;0.0;;;;;;;;;;;;;;;;;0
limpo;93131998000144;93131998;TO;4589069;soja;0.0;0.0;0;0.0;0.0;False;False;403;0.0;05;2240;02;False;0311601;True;0;1;1;0;0;0;0.0;False;0.0;2443446.14;2744;890.47;4703.19;;2024.4;-0.0039;12496.35;1038.3;-0.1626;18;-0.1071;;;;;0
limpo;40241394000194;40241394;TO;2395181;soja;0.0;0.0;0;0.0;0.0;False;False;380;26648.21;01;2240;02;False;0133403;True;0;5;0;0;0;0;0.0;False;0.0;5222030.27;3113;1677.49;5412.59;;4009.6;0.3374;16612.29;725.4;0.2591;36;-0.1239;4;7208.23;270;1;0
limpo;36902350000190;36902350;PR;4168991;soja;0.0;0.0;0;0.0;0.0;False;False;254;1.0;05;2054;02;False;0220901;True;0;1;2;0;0;0;0.0;False;0.0;;;;;;3272.2;-0.2374;11409.04;801.1;0.1095;21;-0.0934;;;;;0
divida_ativa;21731472000194;21731472;GO;3763424;soja;55460.94;37075.73;3;0.0;-12478.17;True;True;458;0.0;03;2062;02;False;0113000;True;0;8;0;0;0;0;0.0;False;0.0;2844536.11;3158;900.74;4170.84;;3496.6;-0.1391;1857.33;;;;;;;;;0
limpo;78436350000192;78436350;BA;1993507;soja;0.0;0.0;0;0.0;0.0;False;False;182;0.0;01;4014;02;False;0113000;True;0;1;2;1;1;0;0.0;False;0.0;;;;;;3041.8;-0.0835;4445.58;1427.8;0.2926;16;-0.2083;4;162498.58;303;3;0
passivo_ambiental_auto;25061300000101;25061300;RS;2897684;soja;0.0;0.0;0;0.0;0.0;False;False;267;0.0;03;2062;02;False;0115600;True;1;3;2;2;1;13;1301454.95;False;0.0;25576731.08;1000;25576.73;5293.87;;3022.4;-0.1789;34484.31;791.9;0.1416;23;-0.3386;;;;;1
limpo;49548066000100;49548066;PR;4168991;soja;0.0;0.0;0;0.0;0.0;False;False;234;1.0;01;2135;02;False;0133403;True;0;5;0;0;0;0;0.0;False;0.0;;;;;;3272.2;-0.2374;11409.04;801.1;0.1095;21;-0.0934;;;;;0
limpo;17956269000149;17956269;GO;3355082;soja;0.0;0.0;0;0.0;0.0;False;False;99;0.0;01;2135;02;False;0210101;True;0;4;1;1;0;0;0.0;False;0.0;344902.69;1555;221.8;1341.28;;3426.5;-0.1292;14743.52;1302.6;0.1067;12;-0.0223;;;;;0
limpo;54918988000100;54918988;MA;2547930;soja;0.0;0.0;0;0.0;0.0;False;False;300;0.0;01;2062;02;False;0121101;True;2;1;2;2;0;0;0.0;False;0.0;3056399.2;3421;893.42;2943.06;;3413.0;0.1153;12947.73;1079.8;-0.105;39;-0.2894;;;;;0
limpo;24196141000190;24196141;GO;3355082;soja;0.0;0.0;0;0.0;0.0;False;False;351;0.0;01;2054;02;False;0113000;True;1;3;1;0;0;0;0.0;False;0.0;344902.69;1555;221.8;1341.28;;3426.5;-0.1292;14743.52;1302.6;0.1067;12;-0.0223;;;;;0
limpo;23476926000153;23476926;MT;4872493;soja;0.0;0.0;0;0.0;0.0;False;False;340;0.0;01;4014;02;False;0111301;True;1;5;2;2;1;0;0.0;False;0.0;12871579.85;766;16803.63;1283.72;;2678.2;-0.0379;315502.18;1164.2;-0.4814;30;-0.3935;;;;;0
situacao_irregular;88376399000150;88376399;GO;3763424;soja;0.0;0.0;0;0.0;0.0;False;False;62;0.0;03;2240;04;True;0113000;True;0;8;1;1;0;0;0.0;False;0.0;2844536.11;3158;900.74;4170.84;;3496.6;-0.1391;1857.33;;;;;;;;;0
limpo;45283131000161;45283131;PI;1498259;soja;0.0;0.0;0;0.0;0.0;False;False;377;0.0;05;2062;02;False;0151201;True;0;3;1;1;0;0;0.0;False;0.0;5961831.05;452;13189.89;2292.48;;3510.9;-0.3402;43788.4;;;;;;;;;0
divida_ativa;81691261000105;81691261;BA;3889457;soja;39649.57;12608.64;1;0.0;7466.06;False;True;90;0.0;05;2240;02;False;0113000;True;0;2;1;0;0;0;0.0;False;0.0;;;;;;3266.5;0.0304;5248.27;1073.2;0.0666;5;0.3658;;;;;0
grupo_societario;55665287000160;55665287;TO;2625906;soja;0.0;0.0;0;0.0;0.0;False;False;457;1.0;03;2240;02;False;0113000;True;0;2;9;2;2;0;0.0;False;0.0;7076252.67;3896;1816.29;5129.4;;4004.9;-0.3294;61983.79;1163.5;-0.1957;26;-0.2281;;;;;0
divida_ativa;80740167000128;80740167;MA;1813278;soja;47436.94;8558.94;8;0.0;-12577.74;True;True;500;0.0;03;2062;02;False;0115600;True;1;4;1;0;0;0;0.0;False;0.0;;;;;;3988.3;0.1576;4152.02;852.3;0.0456;18;-0.0187;;;;;0
limpo;94156410000170;94156410;GO;3838683;soja;0.0;0.0;0;0.0;0.0;False;False;6;0.0;05;2135;02;False;0133403;True;0;3;1;1;0;0;0.0;False;0.0;8577457.59;2126;4034.55;3501.48;;;;;;;;;;;;;0
limpo;47734938000107;47734938;TO;2599733;soja;0.0;0.0;0;0.0;0.0;False;False;360;1.0;05;4014;02;False;0220901;True;2;2;1;0;0;0;0.0;False;0.0;1134944.18;1648;688.68;2399.35;;3673.1;0.0845;644740.4;;;;;;;;;0
limpo;34339581000102;34339581;GO;3838683;soja;0.0;0.0;0;0.0;0.0;False;False;8;0.0;01;2135;02;False;0311601;True;0;6;2;1;0;0;0.0;False;0.0;8577457.59;2126;4034.55;3501.48;;;;;;;;;;;;;0
limpo;85677075000164;85677075;TO;1926828;soja;0.0;0.0;0;0.0;0.0;False;False;226;0.0;01;2240;02;False;0116401;True;1;1;2;0;0;0;0.0;False;0.0;1592038.63;3955;402.54;2086.07;;2103.1;-0.0625;2779.51;847.2;0.0075;25;0.3455;;;;;0
limpo;60490027000131;60490027;BA;3797806;soja;0.0;0.0;0;0.0;0.0;False;False;515;1.0;01;2240;02;False;0151201;True;0;4;2;2;0;0;0.0;False;0.0;4577751.8;3577;1279.77;1116.86;;3266.8;-0.1381;29664.1;1160.2;-0.1501;25;-0.5722;;;;;0
situacao_irregular;21215335000105;21215335;PR;4374686;soja;0.0;0.0;0;0.0;0.0;False;False;85;0.0;03;2062;03;True;0311601;True;3;3;2;1;0;0;0.0;False;0.0;;;;;;;;;;;;;;;;;0
limpo;58312017000164;58312017;GO;2631798;soja;0.0;0.0;0;0.0;0.0;False;False;152;1.0;05;2135;02;False;0111301;True;0;8;1;1;0;0;0.0;False;0.0;14413700.4;13;1108746.18;6417.73;;3194.9;-0.0821;19788.09;1403.2;-0.2716;20;0.8262;;;;;0
limpo;17562566000100;17562566;PI;4630374;soja;0.0;0.0;0;0.0;0.0;False;False;153;0.0;03;2062;02;False;0111301;True;0;3;0;0;0;0;0.0;False;0.0;13048266.74;1086;12014.98;3730.29;;4454.7;0.2245;24466.93;1518.2;0.2463;22;-0.0198;1;11470.33;102;1;0
limpo;13288813000170;13288813;RS;1296511;soja;0.0;0.0;0;0.0;0.0;False;False;325;0.0;03;2135;02;False;0220901;True;0;8;1;0;0;14;165986.7;False;0.0;;;;;;;;;;;;;;;;;0
limpo;16369710000123;16369710;MS;2167433;soja;0.0;0.0;0;0.0;0.0;False;False;204;9409.55;03;2135;02;False;0210101;True;1;2;2;0;0;0;0.0;False;0.0;45698908.98;37;1235105.65;4640.03;;3388.1;-0.041;1178.06;747.3;0.3091;29;-0.1134;;;;;0
grupo_societario;21600740000139;21600740;SP;4469177;soja;9159.64;4161.77;5;0.0;4086.54;False;True;162;0.0;03;2240;02;False;0121101;True;0;5;10;7;3;0;0.0;False;0.0;;;;;;;;;;;;;;;;;1
limpo;22380569000162;22380569;PR;4542087;soja;0.0;0.0;0;0.0;0.0;False;False;236;0.0;05;2240;02;False;0113000;True;1;4;2;1;0;0;0.0;False;0.0;2139970.45;3795;563.89;4484.0;;;;;;;;;;;;;0
limpo;70652376000166;70652376;PI;1498259;soja;0.0;0.0;0;0.0;0.0;False;False;81;0.0;05;2054;02;False;0311601;True;0;6;0;0;0;0;0.0;False;0.0;5961831.05;452;13189.89;2292.48;;3510.9;-0.3402;43788.4;;;;;;;;;0
situacao_irregular;29168628000182;29168628;MT;4872493;soja;0.0;0.0;0;0.0;0.0;False;False;156;0.0;05;2054;04;True;0220901;True;0;5;0;0;0;0;0.0;False;0.0;12871579.85;766;16803.63;1283.72;;2678.2;-0.0379;315502.18;1164.2;-0.4814;30;-0.3935;;;;;0
limpo;97912453000126;97912453;TO;2599733;soja;0.0;0.0;0;0.0;0.0;False;False;503;69569.14;01;2062;02;False;0111301;True;0;2;2;1;1;0;0.0;False;0.0;1134944.18;1648;688.68;2399.35;;3673.1;0.0845;644740.4;;;;;;;;;0
situacao_irregular;85987734000169;85987734;RS;2897684;soja;0.0;0.0;0;0.0;0.0;False;False;331;0.0;01;2240;08;True;0115600;True;0;1;0;0;0;0;0.0;False;0.0;25576731.08;1000;25576.73;5293.87;;3022.4;-0.1789;34484.31;791.9;0.1416;23;-0.3386;;;;;0
limpo;95808694000102;95808694;PI;1498259;soja;0.0;0.0;0;0.0;0.0;False;False;549;1.0;01;2240;02;False;0220901;True;0;6;0;0;0;0;0.0;False;0.0;5961831.05;452;13189.89;2292.48;;3510.9;-0.3402;43788.4;;;;;;;;;0
limpo;40119082000102;40119082;BA;3889457;soja;0.0;0.0;0;0.0;0.0;False;False;500;0.0;03;2240;02;False;0113000;True;0;1;2;2;1;0;0.0;False;0.0;;;;;;3266.5;0.0304;5248.27;1073.2;0.0666;5;0.3658;;;;;0
limpo;74080099000115;74080099;RS;3466531;soja;0.0;0.0;0;0.0;0.0;False;False;69;1.0;03;4014;02;False;0121101;True;1;8;2;0;1;0;0.0;False;0.0;3897875.17;1357;2872.42;4389.67;;;;;;;;;;;;;0
limpo;81127307000150;81127307;BA;3889457;soja;2046.11;535.14;2;0.0;948.07;False;True;168;1.0;03;2054;02;False;0111301;True;0;3;1;1;0;0;0.0;False;0.0;;;;;;3266.5;0.0304;5248.27;1073.2;0.0666;5;0.3658;;;;;0
situacao_irregular;12720894000173;12720894;RS;5323473;soja;0.0;0.0;0;0.0;0.0;False;False;400;0.0;01;4014;03;True;0133403;True;0;1;2;1;0;0;0.0;False;0.0;5770153.78;3796;1520.06;6107.33;;4184.9;0.3046;1406.53;1150.1;-0.4716;32;0.0109;;;;;0
limpo;42975313000105;42975313;GO;3355082;soja;0.0;0.0;0;0.0;0.0;False;False;286;1.0;01;4014;02;False;0133403;True;0;5;2;0;0;0;0.0;False;0.0;344902.69;1555;221.8;1341.28;;3426.5;-0.1292;14743.52;1302.6;0.1067;12;-0.0223;1;20814.52;440;1;0
limpo;39814382000122;39814382;MA;1813278;soja;0.0;0.0;0;9461738.23;0.0;False;False;200;1.0;01;2054;02;False;0115600;True;0;2;2;2;1;0;0.0;False;0.0;;;;;;3988.3;0.1576;4152.02;852.3;0.0456;18;-0.0187;;;;;0
limpo;84073296000160;84073296;BA;3797806;soja;0.0;0.0;0;0.0;0.0;False;False;432;1.0;01;2054;02;False;0210101;True;0;8;0;0;0;0;0.0;False;0.0;4577751.8;3577;1279.77;1116.86;;3266.8;-0.1381;29664.1;1160.2;-0.1501;25;-0.5722;;;;;0
limpo;12177558000126;12177558;MA;2547930;soja;0.0;0.0;0;0.0;0.0;False;False;479;0.0;05;2135;02;False;0113000;True;0;7;2;1;0;0;0.0;False;0.0;3056399.2;3421;893.42;2943.06;;3413.0;0.1153;12947.73;1079.8;-0.105;39;-0.2894;;;;;0
limpo;80685419000163;80685419;MS;2167433;soja;0.0;0.0;0;0.0;0.0;False;False;108;0.0;01;2135;02;False;0113000;True;0;3;1;1;0;0;0.0;False;0.0;45698908.98;37;1235105.65;4640.03;;3388.1;-0.041;1178.06;747.3;0.3091;29;-0.1134;6;19932.94;631;1;0
limpo;20288463000108;20288463;GO;3355082;soja;0.0;0.0;0;0.0;0.0;False;False;120;0.0;03;2054;02;False;0121101;True;0;8;0;0;0;0;0.0;False;0.0;344902.69;1555;221.8;1341.28;;3426.5;-0.1292;14743.52;1302.6;0.1067;12;-0.0223;;;;;0
passivo_ambiental_auto;24748298000180;24748298;GO;3355082;soja;0.0;0.0;0;0.0;0.0;False;False;441;0.0;01;4014;02;False;0113000;True;0;6;1;0;0;2;85666.22;False;0.0;344902.69;1555;221.8;1341.28;;3426.5;-0.1292;14743.52;1302.6;0.1067;12;-0.0223;4;67260.81;340;3;0
limpo;29576173000134;29576173;PR;4374686;soja;0.0;0.0;0;0.0;0.0;False;False;265;1.0;05;2054;02;False;0210101;True;0;3;1;1;0;0;0.0;False;0.0;;;;;;;;;;;;;5;143956.94;814;1;0
limpo;16764740000134;16764740;PI;1498259;soja;0.0;0.0;0;3415598.63;0.0;False;False;180;0.0;03;2135;02;False;0121101;True;0;6;1;0;0;0;0.0;False;0.0;5961831.05;452;13189.89;2292.48;;3510.9;-0.3402;43788.4;;;;;;;;;0
limpo;48585265000125;48585265;BA;3797806;soja;0.0;0.0;0;0.0;0.0;False;False;164;0.0;01;2135;02;False;0311601;True;1;3;0;0;0;0;0.0;False;0.0;4577751.8;3577;1279.77;1116.86;;3266.8;-0.1381;29664.1;1160.2;-0.1501;25;-0.5722;;;;;1
divida_ativa;65743422000100;65743422;PI;3137869;soja;70415.97;62277.05;3;0.0;6432.99;True;False;69;0.0;03;4014;02;False;0121101;True;0;7;2;1;1;0;0.0;False;0.0;10177003.44;1015;10026.6;5071.94;;2744.9;-0.3095;14240.48;640.1;0.0766;0;0.6749;;;;;0
limpo;60780203000170;60780203;MT;3486350;soja;6374.82;2767.7;5;0.0;1138.38;False;False;269;1.0;03;2062;02;False;0121101;True;0;6;2;1;1;0;0.0;False;0.0;65163087.4;3987;16343.89;5719.93;;2279.5;0.0795;14132.81;;;;;;;;;0
divida_ativa;64631351000183;64631351;PI;1498259;soja;37365.62;33636.64;8;0.0;-5305.3;True;False;222;0.0;01;4014;02;False;0133403;True;1;3;1;0;0;0;0.0;False;0.0;5961831.05;452;13189.89;2292.48;;3510.9;-0.3402;43788.4;;;;;;;;;0
grupo_societario;44501825000165;44501825;MT;3486350;soja;0.0;0.0;0;0.0;0.0;False;False;302;18249.78;05;2240;02;False;0210101;True;0;1;12;3;5;0;0.0;False;0.0;65163087.4;3987;16343.89;5719.93;;2279.5;0.0795;14132.81;;;;;;;;;0
limpo;23438574000141;23438574;TO;2395181;soja;0.0;0.0;0;0.0;0.0;False;False;306;0.0;01;4014;02;False;0220901;True;0;4;1;0;0;0;0.0;False;0.0;5222030.27;3113;1677.49;5412.59;;4009.6;0.3374;16612.29;725.4;0.2591;36;-0.1239;;;;;0
divida_ativa;39308207000163;39308207;MT;4872493;soja;15508.26;11807.54;7;0.0;4905.14;False;True;158;0.0;01;4014;02;False;0220901;True;0;4;1;0;0;0;0.0;False;0.0;12871579.85;766;16803.63;1283.72;;2678.2;-0.0379;315502.18;1164.2;-0.4814;30;-0.3935;;;;;0
divida_ativa;20467447000182;20467447;PR;4542087;soja;40773.06;39583.12;2;0.0;16362.99;True;True;547;0.0;03;2135;02;False;0116401;True;0;4;2;2;1;0;0.0;False;0.0;2139970.45;3795;563.89;4484.0;;;;;;;;;;;;;0
limpo;83196740000172;83196740;PR;4542087;soja;0.0;0.0;0;0.0;0.0;False;False;212;1.0;03;2240;02;False;0115600;True;0;8;1;0;0;0;0.0;False;0.0;2139970.45;3795;563.89;4484.0;;;;;;;;;;;;;0
limpo;97984650000150;97984650;MT;4091416;soja;0.0;0.0;0;0.0;0.0;False;False;307;0.0;01;2135;02;False;0133403;True;0;3;0;0;0;0;0.0;False;0.0;9930345.71;3827;2594.81;2854.45;;2593.6;0.1175;64737.72;;;;;6;127733.43;409;3;0
limpo;94357046000106;94357046;RS;5323473;soja;0.0;0.0;0;0.0;0.0;False;False;409;1.0;03;2135;02;False;0111301;True;0;4;2;0;0;9;106896.81;False;0.0;5770153.78;3796;1520.06;6107.33;;4184.9;0.3046;1406.53;1150.1;-0.4716;32;0.0109;;;;;0
passivo_ambiental_auto;77503314000131;77503314;BA;1287110;soja;0.0;0.0;0;0.0;0.0;False;False;196;0.0;03;2135;02;False;0311601;True;0;7;1;1;0;2;312063.52;False;0.0;7170659.32;281;25518.36;5970.35;;3173.5;-0.0805;35165.31;;;;;;;;;0
passivo_ambiental_auto;77948922000150;77948922;TO;1926828;soja;0.0;0.0;0;0.0;0.0;False;False;559;0.0;03;2240;02;False;0115600;True;0;5;0;0;0;7;31587.41;False;0.0;1592038.63;3955;402.54;2086.07;;2103.1;-0.0625;2779.51;847.2;0.0075;25;0.3455;;;;;0
limpo;88377463000118;88377463;PI;1498259;soja;0.0;0.0;0;0.0;0.0;False;False;171;0.0;03;4014;02;False;0133403;True;1;3;0;0;0;0;0.0;False;0.0;5961831.05;452;13189.89;2292.48;;3510.9;-0.3402;43788.4;;;;;;;;;0
limpo;49607302000111;49607302;GO;2631798;soja;55909.58;35568.45;7;0.0;17267.91;False;True;335;1.0;03;2135;02;False;0311601;True;0;1;1;1;0;0;0.0;False;0.0;14413700.4;13;1108746.18;6417.73;;3194.9;-0.0821;19788.09;1403.2;-0.2716;20;0.8262;5;38658.48;637;3;1
grupo_societario;67863466000191;67863466;GO;2092240;soja;0.0;0.0;0;0.0;0.0;False;False;14;0.0;05;2135;02;False;0210101;True;0;4;9;9;2;0;0.0;False;0.0;3025600.14;2445;1237.46;6478.28;;;;;;;;;;;;;0
passivo_ambiental_auto;59557546000190;59557546;MT;4952487;soja;0.0;0.0;0;0.0;0.0;False;False;114;0.0;03;2135;02;False;0151201;True;0;8;0;0;0;8;128666.08;False;0.0;;;;;;4283.3;-0.0501;26781.4;1142.6;-0.1312;16;-0.1184;;;;;0
limpo;57117876000130;57117876;PR;4374686;soja;0.0;0.0;0;0.0;0.0;False;False;307;1.0;05;2135;02;False;0111301;True;0;6;0;0;0;0;0.0;False;0.0;;;;;;;;;;;;;;;;;0
limpo;84248525000130;84248525;TO;5373788;soja;0.0;0.0;0;0.0;0.0;False;False;226;0.0;05;4014;02;False;0311601;True;0;1;0;0;0;0;0.0;False;0.0;;;;;;;;;;;;;;;;;0
limpo;33367943000106;33367943;MG;2246509;soja;0.0;0.0;0;0.0;0.0;False;False;212;1.0;03;2062;02;False;0113000;True;0;3;1;1;0;0;0.0;False;0.0;18573077.57;406;45746.5;1183.29;;3809.0;-0.3511;358203.19;;;;;;;;;0
limpo;73366381000109;73366381;TO;2782512;soja;0.0;0.0;0;0.0;0.0;False;False;456;1.0;05;2240;02;False;0115600;True;1;7;0;0;0;0;0.0;False;0.0;;;;;;2863.3;-0.1129;5150.27;910.7;0.2631;25;0.1329;;;;;0
divida_ativa;96120830000121;96120830;PI;3137869;soja;18959.5;18311.25;7;0.0;2887.51;True;True;298;1.0;01;2135;02;False;0111301;True;1;2;2;0;1;0;0.0;False;0.0;10177003.44;1015;10026.6;5071.94;;2744.9;-0.3095;14240.48;640.1;0.0766;0;0.6749;;;;;0
divida_ativa;52642504000109;52642504;PR;4168991;soja;189625.34;98206.48;7;0.0;42677.51;True;True;424;0.0;01;2240;02;False;0111301;True;0;3;0;0;0;0;0.0;False;0.0;;;;;;3272.2;-0.2374;11409.04;801.1;0.1095;21;-0.0934;;;;;1
limpo;57527118000190;57527118;GO;3763424;soja;0.0;0.0;0;0.0;0.0;False;False;533;411464.35;01;2240;02;False;0220901;True;0;6;0;0;0;0;0.0;False;0.0;2844536.11;3158;900.74;4170.84;;3496.6;-0.1391;1857.33;;;;;;;;;0
situacao_irregular;36685837000169;36685837;TO;5373788;soja;151112.88;111534.42;8;0.0;-30693.33;False;False;360;1.0;05;2135;03;True;0111301;True;0;4;1;0;0;0;0.0;False;0.0;;;;;;;;;;;;;;;;;1
divida_ativa;36421157000138;36421157;RS;2897684;soja;2721.75;1261.08;9;0.0;62.85;True;False;197;1.0;03;2062;02;False;0133403;True;0;7;1;1;0;0;0.0;False;0.0;25576731.08;1000;25576.73;5293.87;;3022.4;-0.1789;34484.31;791.9;0.1416;23;-0.3386;;;;;1
limpo;57932324000185;57932324;MS;2167433;soja;70215.97;36013.54;7;0.0;27216.5;False;True;266;0.0;01;2240;02;False;0111301;True;0;5;2;0;1;0;0.0;False;0.0;45698908.98;37;1235105.65;4640.03;;3388.1;-0.041;1178.06;747.3;0.3091;29;-0.1134;1;49310.53;585;1;0
passivo_ambiental_auto;52728587000153;52728587;BA;3889457;soja;0.0;0.0;0;0.0;0.0;False;False;165;0.0;05;2054;02;False;0111301;True;0;4;1;0;0;1;47369.45;False;0.0;;;;;;3266.5;0.0304;5248.27;1073.2;0.0666;5;0.3658;5;4393.45;151;2;1
limpo;87269303000192;87269303;PI;3137869;soja;0.0;0.0;0;0.0;0.0;False;False;137;0.0;03;2062;02;False;0111301;True;1;2;0;0;0;0;0.0;False;0.0;10177003.44;1015;10026.6;5071.94;;2744.9;-0.3095;14240.48;640.1;0.0766;0;0.6749;;;;;0
limpo;11068944000117;11068944;MT;4091416;soja;0.0;0.0;0;0.0;0.0;False;False;134;0.0;01;2240;02;False;0311601;True;1;6;2;0;0;0;0.0;False;0.0;9930345.71;3827;2594.81;2854.45;;2593.6;0.1175;64737.72;;;;;;;;;0
situacao_irregular;64184143000183;64184143;PI;3137869;soja;0.0;0.0;0;0.0;0.0;False;False;477;1.0;05;2135;04;True;0111301;True;0;3;1;1;0;0;0.0;False;0.0;10177003.44;1015;10026.6;5071.94;;2744.9;-0.3095;14240.48;640.1;0.0766;0;0.6749;;;;;0
limpo;43156880000100;43156880;MT;5020745;soja;0.0;0.0;0;0.0;0.0;False;False;334;0.0;03;2240;02;False;0111301;True;0;2;1;1;0;0;0.0;False;0.0;16832610.2;2938;5729.28;2659.43;;2865.5;-0.0685;23248.53;1087.1;-0.1985;10;0.5319;3;90729.24;550;3;0
limpo;36202279000133;36202279;MT;4952487;soja;0.0;0.0;0;0.0;0.0;False;False;490;0.0;05;2054;02;False;0220901;True;0;8;1;1;0;0;0.0;False;0.0;;;;;;4283.3;-0.0501;26781.4;1142.6;-0.1312;16;-0.1184;3;64059.5;719;2;0
limpo;25421665000108;25421665;PI;1498259;soja;0.0;0.0;0;0.0;0.0;False;False;114;1.0;03;2240;02;False;0220901;True;0;8;1;1;0;0;0.0;False;0.0;5961831.05;452;13189.89;2292.48;;3510.9;-0.3402;43788.4;;;;;;;;;0
limpo;18740849000167;18740849;MT;5020745;soja;0.0;0.0;0;0.0;0.0;False;False;431;0.0;03;4014;02;False;0311601;True;1;4;2;2;1;0;0.0;False;0.0;16832610.2;2938;5729.28;2659.43;;2865.5;-0.0685;23248.53;1087.1;-0.1985;10;0.5319;;;;;0
limpo;76029534000102;76029534;GO;2631798;soja;0.0;0.0;0;0.0;0.0;False;False;260;0.0;01;2062;02;False;0121101;True;0;8;0;0;0;0;0.0;False;0.0;14413700.4;13;1108746.18;6417.73;;3194.9;-0.0821;19788.09;1403.2;-0.2716;20;0.8262;;;;;0
limpo;93318712000134;93318712;GO;2092240;soja;0.0;0.0;0;0.0;0.0;False;False;49;1.0;03;2062;02;False;0116401;True;1;4;1;0;0;0;0.0;False;0.0;3025600.14;2445;1237.46;6478.28;;;;;;;;;;;;;0
limpo;44349376000181;44349376;PA;3572518;soja;0.0;0.0;0;0.0;0.0;False;False;486;1.0;05;2062;02;False;0220901;True;0;1;2;0;0;0;0.0;False;0.0;8421494.89;3910;2153.84;5580.08;;;;;;;;;;;;;0
limpo;42951825000131;42951825;MG;2246509;soja;0.0;0.0;0;0.0;0.0;False;False;503;0.0;05;2135;02;False;0115600;True;0;1;0;0;0;0;0.0;False;0.0;18573077.57;406;45746.5;1183.29;;3809.0;-0.3511;358203.19;;;;;;;;;0
limpo;68463460000190;68463460;PI;4630374;soja;0.0;0.0;0;0.0;0.0;False;False;516;0.0;05;4014;02;False;0133403;True;0;5;2;1;1;0;0.0;False;0.0;13048266.74;1086;12014.98;3730.29;;4454.7;0.2245;24466.93;1518.2;0.2463;22;-0.0198;;;;;0
limpo;87977122000110;87977122;MT;5020745;soja;0.0;0.0;0;0.0;0.0;False;False;306;0.0;05;4014;02;False;0115600;True;1;3;2;0;1;0;0.0;False;0.0;16832610.2;2938;5729.28;2659.43;;2865.5;-0.0685;23248.53;1087.1;-0.1985;10;0.5319;0;0.0;;0;0
grupo_societario;37409901000141;37409901;TO;1628136;soja;0.0;0.0;0;0.0;0.0;False;False;441;0.0;05;4014;02;False;0311601;True;0;3;24;0;0;0;0.0;False;0.0;22713744.04;630;36053.56;4855.95;;;;;;;;;;;;;0
situacao_irregular;54420569000135;54420569;MS;2167433;soja;0.0;0.0;0;0.0;0.0;False;False;178;0.0;03;2054;03;True;0210101;True;1;4;1;0;0;0;0.0;False;0.0;45698908.98;37;1235105.65;4640.03;;3388.1;-0.041;1178.06;747.3;0.3091;29;-0.1134;;;;;0
limpo;60138703000102;60138703;RS;4372021;soja;0.0;0.0;0;0.0;0.0;False;False;78;2624.74;05;4014;02;False;0113000;True;0;8;2;0;1;0;0.0;False;0.0;4702656.59;2724;1726.38;4444.47;;2871.3;-0.1436;6684.69;1363.1;-0.0476;4;-0.0304;;;;;0
limpo;66929639000164;66929639;SP;4469177;soja;0.0;0.0;0;0.0;0.0;False;False;391;0.0;05;2135;02;False;0210101;True;0;6;0;0;0;0;0.0;False;0.0;;;;;;;;;;;;;;;;;0
passivo_ambiental_embargo;40424443000124;40424443;PR;4542087;soja;0.0;0.0;0;0.0;0.0;False;False;201;0.0;03;4014;02;False;0311601;True;1;6;0;0;0;6;37596.21;True;738.85;2139970.45;3795;563.89;4484.0;;;;;;;;;;;;;0
passivo_ambiental_auto;16781117000190;16781117;MT;4952487;soja;28127.96;830.82;3;0.0;13547.77;False;True;263;0.0;01;2054;02;False;0116401;True;0;4;1;1;0;1;68412.57;False;0.0;;;;;;4283.3;-0.0501;26781.4;1142.6;-0.1312;16;-0.1184;;;;;0
situacao_irregular;69032685000154;69032685;GO;2631798;soja;0.0;0.0;0;0.0;0.0;False;False;497;1.0;03;4014;03;True;0151201;True;0;3;1;0;0;0;0.0;False;0.0;14413700.4;13;1108746.18;6417.73;;3194.9;-0.0821;19788.09;1403.2;-0.2716;20;0.8262;;;;;0
limpo;45912153000143;45912153;GO;2856025;soja;0.0;0.0;0;0.0;0.0;False;False;351;32449.94;05;2054;02;False;0116401;True;0;3;2;1;0;0;0.0;False;0.0;4215365.78;477;8837.24;5811.42;;1816.6;-0.0367;157568.54;1022.2;-0.0563;11;-0.2071;;;;;0
limpo;20776988000192;20776988;MG;2246509;soja;0.0;0.0;0;0.0;0.0;False;False;407;0.0;01;2240;02;False;0210101;True;0;7;2;1;1;0;0.0;False;0.0;18573077.57;406;45746.5;1183.29;;3809.0;-0.3511;358203.19;;;;;;;;;0
limpo;38746640000118;38746640;MT;3486350;soja;0.0;0.0;0;0.0;0.0;False;False;131;0.0;05;4014;02;False;0311601;True;2;2;1;1;0;0;0.0;False;0.0;65163087.4;3987;16343.89;5719.93;;2279.5;0.0795;14132.81;;;;;;;;;0
limpo;75693924000110;75693924;RS;1296511;soja;0.0;0.0;0;0.0;0.0;False;False;289;0.0;01;2054;02;False;0220901;True;3;5;0;0;0;11;8957.59;False;0.0;;;;;;;;;;;;;;;;;0
divida_ativa;11426516000119;11426516;MA;1813278;soja;3470.02;3427.01;5;0.0;1600.29;False;True;95;0.0;05;2054;02;False;0220901;True;0;5;2;2;1;0;0.0;False;0.0;;;;;;3988.3;0.1576;4152.02;852.3;0.0456;18;-0.0187;5;31241.28;281;3;0
limpo;38121337000120;38121337;TO;4589069;soja;0.0;0.0;0;0.0;0.0;False;False;32;0.0;01;2054;02;False;0210101;True;0;8;1;1;0;0;0.0;False;0.0;2443446.14;2744;890.47;4703.19;;2024.4;-0.0039;12496.35;1038.3;-0.1626;18;-0.1071;;;;;0
situacao_irregular;53526463000158;53526463;TO;4589069;soja;186145.38;94053.65;4;0.0;-30035.77;False;True;270;0.0;01;2054;03;True;0121101;True;0;4;2;2;1;0;0.0;False;0.0;2443446.14;2744;890.47;4703.19;;2024.4;-0.0039;12496.35;1038.3;-0.1626;18;-0.1071;5;20985.47;781;1;1
limpo;96821095000183;96821095;MT;4881066;soja;0.0;0.0;0;0.0;0.0;False;False;438;0.0;05;2240;02;False;0133403;True;0;1;1;0;0;0;0.0;False;0.0;;;;;;;;;;;;;;;;;0
limpo;19431124000150;19431124;BA;3889457;soja;0.0;0.0;0;0.0;0.0;False;False;444;0.0;05;2054;02;False;0311601;True;0;7;1;1;0;0;0.0;False;0.0;;;;;;3266.5;0.0304;5248.27;1073.2;0.0666;5;0.3658;;;;;0
limpo;92250177000164;92250177;PR;4168991;soja;0.0;0.0;0;0.0;0.0;False;False;530;0.0;05;2054;02;False;0220901;True;0;3;0;0;0;0;0.0;False;0.0;;;;;;3272.2;-0.2374;11409.04;801.1;0.1095;21;-0.0934;;;;;0
grupo_societario;38238551000160;38238551;PR;4374686;soja;0.0;0.0;0;0.0;0.0;False;False;151;0.0;01;2054;02;False;0311601;True;1;4;20;15;8;0;0.0;False;0.0;;;;;;;;;;;;;3;37687.13;139;1;0
limpo;79311893000146;79311893;RS;3466531;soja;0.0;0.0;0;0.0;0.0;False;False;302;0.0;05;2240;02;False;0115600;True;0;8;1;0;0;0;0.0;False;0.0;3897875.17;1357;2872.42;4389.67;;;;;;;;;3;246977.05;681;3;0
limpo;17593764000130;17593764;MA;1849363;soja;0.0;0.0;0;0.0;0.0;False;False;429;23045.31;05;2054;02;False;0111301;True;0;2;2;2;0;0;0.0;False;0.0;1890436.06;790;2392.96;3254.5;;2951.6;0.2319;11567.52;1244.5;-0.2244;14;0.2749;;;;;0
limpo;67741029000103;67741029;RS;4372021;soja;0.0;0.0;0;0.0;0.0;False;False;503;0.0;05;2054;02;False;0113000;True;2;3;2;1;0;0;0.0;False;0.0;4702656.59;2724;1726.38;4444.47;;2871.3;-0.1436;6684.69;1363.1;-0.0476;4;-0.0304;;;;;0
limpo;47534617000150;47534617;RS;2897684;soja;0.0;0.0;0;0.0;0.0;False;False;286;1.0;01;4014;02;False;0220901;True;1;7;1;0;0;0;0.0;False;0.0;25576731.08;1000;25576.73;5293.87;;3022.4;-0.1789;34484.31;791.9;0.1416;23;-0.3386;;;;;0
limpo;41973092000173;41973092;TO;5373788;soja;0.0;0.0;0;0.0;0.0;False;False;362;0.0;01;2054;02;False;0220901;True;0;1;0;0;0;0;0.0;False;0.0;;;;;;;;;;;;;;;;;0
situacao_irregular;50139394000131;50139394;MT;3047606;soja;0.0;0.0;0;223405.33;0.0;False;False;529;0.0;05;4014;03;True;0113000;True;1;5;1;1;0;0;0.0;False;0.0;3490150.22;1814;1924.01;3376.09;;;;;;;;;;;;;0
passivo_ambiental_auto;92724106000156;92724106;PR;4542087;soja;49923.0;24351.14;5;0.0;-3510.73;False;True;396;1.0;05;4014;02;False;0121101;True;0;1;2;1;1;6;3263.84;False;0.0;2139970.45;3795;563.89;4484.0;;;;;;;;;;;;;0
limpo;69677176000189;69677176;RS;4372021;soja;0.0;0.0;0;0.0;0.0;False;False;92;1.0;03;2135;02;False;0116401;True;2;1;0;0;0;0;0.0;False;0.0;4702656.59;2724;1726.38;4444.47;;2871.3;-0.1436;6684.69;1363.1;-0.0476;4;-0.0304;;;;;0
limpo;58763851000176;58763851;MA;1813278;soja;0.0;0.0;0;0.0;0.0;False;False;487;1.0;05;2054;02;False;0311601;True;0;1;1;1;0;0;0.0;False;0.0;;;;;;3988.3;0.1576;4152.02;852.3;0.0456;18;-0.0187;;;;;0
passivo_ambiental_auto;60645623000143;60645623;RS;2897684;soja;0.0;0.0;0;0.0;0.0;False;False;78;0.0;01;2054;02;False;0210101;True;1;1;2;0;1;1;6569.59;False;0.0;25576731.08;1000;25576.73;5293.87;;3022.4;-0.1789;34484.31;791.9;0.1416;23;-0.3386;4;5686.65;703;1;0
limpo;56491855000117;56491855;MT;4091416;soja;0.0;0.0;0;0.0;0.0;False;False;270;0.0;03;2054;02;False;0210101;True;0;3;2;0;0;0;0.0;False;0.0;9930345.71;3827;2594.81;2854.45;;2593.6;0.1175;64737.72;;;;;;;;;0
passivo_ambiental_embargo;51492186000184;51492186;MA;1849363;soja;0.0;0.0;0;0.0;0.0;False;False;93;1.0;03;4014;02;False;0311601;True;0;1;0;0;0;4;95449.92;True;1304.69;1890436.06;790;2392.96;3254.5;;2951.6;0.2319;11567.52;1244.5;-0.2244;14;0.2749;;;;;0
limpo;56872413000110;56872413;GO;3355082;soja;0.0;0.0;0;2193794.45;0.0;False;False;447;1.0;01;2054;02;False;0111301;True;0;2;1;0;0;0;0.0;False;0.0;344902.69;1555;221.8;1341.28;;3426.5;-0.1292;14743.52;1302.6;0.1067;12;-0.0223;;;;;0
limpo;18569336000135;18569336;BA;3889457;soja;0.0;0.0;0;0.0;0.0;False;False;549;0.0;03;2240;02;False;0113000;True;0;7;0;0;0;0;0.0;False;0.0;;;;;;3266.5;0.0304;5248.27;1073.2;0.0666;5;0.3658;;;;;0
grupo_societario;41483110000139;41483110;RS;4372021;soja;30432.41;10930.52;6;0.0;-7859.18;False;False;104;0.0;03;2062;02;False;0151201;True;0;6;20;16;9;0;0.0;False;0.0;4702656.59;2724;1726.38;4444.47;;2871.3;-0.1436;6684.69;1363.1;-0.0476;4;-0.0304;3;119333.08;336;2;1
limpo;46483319000116;46483319;MT;3047606;soja;0.0;0.0;0;0.0;0.0;False;False;321;0.0;05;2135;02;False;0133403;True;0;1;0;0;0;9;42893.32;False;0.0;3490150.22;1814;1924.01;3376.09;;;;;;;;;;;;;0
limpo;14957087000102;14957087;TO;5373788;soja;0.0;0.0;0;0.0;0.0;False;False;386;0.0;01;4014;02;False;0151201;True;0;7;0;0;0;0;0.0;False;0.0;;;;;;;;;;;;;6;7871.9;113;2;1
limpo;39684865000150;39684865;PI;3137869;soja;0.0;0.0;0;0.0;0.0;False;False;62;1.0;03;2062;02;False;0210101;True;0;6;1;1;0;0;0.0;False;0.0;10177003.44;1015;10026.6;5071.94;;2744.9;-0.3095;14240.48;640.1;0.0766;0;0.6749;;;;;0
limpo;87106442000103;87106442;GO;2856025;soja;0.0;0.0;0;0.0;0.0;False;False;321;0.0;01;2054;02;False;0113000;True;1;1;2;2;0;0;0.0;False;0.0;4215365.78;477;8837.24;5811.42;;1816.6;-0.0367;157568.54;1022.2;-0.0563;11;-0.2071;;;;;0
limpo;86037214000158;86037214;TO;2782512;soja;0.0;0.0;0;0.0;0.0;False;False;284;0.0;03;2135;02;False;0151201;True;0;4;0;0;0;0;0.0;False;0.0;;;;;;2863.3;-0.1129;5150.27;910.7;0.2631;25;0.1329;;;;;0
limpo;94872018000127;94872018;PI;3137869;soja;0.0;0.0;0;0.0;0.0;False;False;466;0.0;05;4014;02;False;0111301;True;1;4;2;0;0;0;0.0;False;0.0;10177003.44;1015;10026.6;5071.94;;2744.9;-0.3095;14240.48;640.1;0.0766;0;0.6749;;;;;0
limpo;31807779000185;31807779;PI;1498259;soja;0.0;0.0;0;0.0;0.0;False;False;191;0.0;03;2135;02;False;0210101;True;0;7;0;0;0;0;0.0;False;0.0;5961831.05;452;13189.89;2292.48;;3510.9;-0.3402;43788.4;;;;;;;;;0
limpo;81333490000140;81333490;MT;3047606;soja;70940.04;25560.18;9;0.0;-1437.32;False;False;124;0.0;03;2062;02;False;0111301;True;1;5;1;0;0;0;0.0;False;0.0;3490150.22;1814;1924.01;3376.09;;;;;;;;;3;24365.7;556;1;0
grupo_societario;70947503000154;70947503;MA;2547930;soja;0.0;0.0;0;0.0;0.0;False;False;294;1.0;05;2062;02;False;0210101;True;0;2;11;4;2;0;0.0;False;0.0;3056399.2;3421;893.42;2943.06;;3413.0;0.1153;12947.73;1079.8;-0.105;39;-0.2894;;;;;0
situacao_irregular;98290641000122;98290641;TO;2599733;soja;0.0;0.0;0;0.0;0.0;False;False;378;0.0;01;2054;08;True;0121101;True;0;6;0;0;0;0;0.0;False;0.0;1134944.18;1648;688.68;2399.35;;3673.1;0.0845;644740.4;;;;;2;67334.96;343;1;0
divida_ativa;39505346000187;39505346;PR;4168991;soja;13232.68;4771.4;6;0.0;-3487.61;False;True;141;0.0;05;2062;02;False;0121101;True;0;7;1;1;0;0;0.0;False;0.0;;;;;;3272.2;-0.2374;11409.04;801.1;0.1095;21;-0.0934;;;;;0
limpo;24457576000140;24457576;TO;5373788;soja;0.0;0.0;0;0.0;0.0;False;False;419;0.0;03;4014;02;False;0115600;True;0;4;1;0;0;0;0.0;False;0.0;;;;;;;;;;;;;;;;;0
limpo;20365975000120;20365975;TO;2599733;soja;0.0;0.0;0;0.0;0.0;False;False;10;0.0;05;2240;02;False;0133403;True;0;5;1;1;0;0;0.0;False;0.0;1134944.18;1648;688.68;2399.35;;3673.1;0.0845;644740.4;;;;;3;46817.8;791;3;0
limpo;61038130000108;61038130;PR;4374686;soja;0.0;0.0;0;0.0;0.0;False;False;355;0.0;05;2240;02;False;0116401;True;0;6;1;1;0;0;0.0;False;0.0;;;;;;;;;;;;;;;;;1
limpo;46758117000130;46758117;RS;5323473;soja;120299.21;69136.71;7;0.0;10788.75;False;True;62;0.0;05;2135;02;False;0151201;True;0;6;2;0;0;0;0.0;False;0.0;5770153.78;3796;1520.06;6107.33;;4184.9;0.3046;1406.53;1150.1;-0.4716;32;0.0109;;;;;0
limpo;54794195000118;54794195;GO;3838683;soja;0.0;0.0;0;0.0;0.0;False;False;532;47206.9;01;2062;02;False;0121101;True;1;2;2;2;1;0;0.0;False;0.0;8577457.59;2126;4034.55;3501.48;;;;;;;;;;;;;0
limpo;43812099000139;43812099;TO;1628136;soja;0.0;0.0;0;0.0;0.0;False;False;363;1.0;01;2062;02;False;0210101;True;0;2;1;1;0;0;0.0;False;0.0;22713744.04;630;36053.56;4855.95;;;;;;;;;;;;;0
limpo;50102873000183;50102873;PI;3137869;soja;0.0;0.0;0;0.0;0.0;False;False;536;0.0;05;4014;02;False;0111301;True;0;2;1;1;0;0;0.0;False;0.0;10177003.44;1015;10026.6;5071.94;;2744.9;-0.3095;14240.48;640.1;0.0766;0;0.6749;;;;;0
limpo;87020275000175;87020275;MA;1813278;soja;0.0;0.0;0;0.0;0.0;False;False;373;0.0;05;2240;02;False;0210101;True;0;4;2;2;1;0;0.0;False;0.0;;;;;;3988.3;0.1576;4152.02;852.3;0.0456;18;-0.0187;;;;;0
limpo;72679574000149;72679574;MS;2167433;soja;0.0;0.0;0;0.0;0.0;False;False;269;0.0;05;4014;02;False;0111301;True;0;5;2;2;0;0;0.0;False;0.0;45698908.98;37;1235105.65;4640.03;;3388.1;-0.041;1178.06;747.3;0.3091;29;-0.1134;6;196938.41;482;3;1
limpo;13113451000187;13113451;TO;1926828;soja;0.0;0.0;0;0.0;0.0;False;False;400;0.0;03;2062;02;False;0116401;True;0;1;1;1;0;0;0.0;False;0.0;1592038.63;3955;402.54;2086.07;;2103.1;-0.0625;2779.51;847.2;0.0075;25;0.3455;;;;;0
limpo;92500147000169;92500147;PR;4374686;soja;13167.89;6491.51;7;0.0;6527.97;False;True;176;0.0;03;2135;02;False;0121101;True;0;6;2;0;1;0;0.0;False;0.0;;;;;;;;;;;;;6;34275.73;215;1;0
situacao_irregular;54553625000100;54553625;MS;2167433;soja;104665.84;79297.0;6;0.0;-14148.23;False;False;358;1.0;05;2054;08;True;0116401;True;1;6;1;0;0;0;0.0;False;0.0;45698908.98;37;1235105.65;4640.03;;3388.1;-0.041;1178.06;747.3;0.3091;29;-0.1134;;;;;0
passivo_ambiental_auto;88840252000170;88840252;MT;5020745;soja;0.0;0.0;0;0.0;0.0;False;False;32;0.0;05;2054;02;False;0113000;True;0;1;0;0;0;7;3770020.47;False;0.0;16832610.2;2938;5729.28;2659.43;;2865.5;-0.0685;23248.53;1087.1;-0.1985;10;0.5319;5;19021.77;718;1;1
limpo;19242440000183;19242440;MS;2167433;soja;0.0;0.0;0;0.0;0.0;False;False;56;124773.18;01;2240;02;False;0151201;True;1;3;2;1;0;0;0.0;False;0.0;45698908.98;37;1235105.65;4640.03;;3388.1;-0.041;1178.06;747.3;0.3091;29;-0.1134;;;;;0
limpo;96695026000170;96695026;GO;2092240;soja;0.0;0.0;0;0.0;0.0;False;False;198;0.0;05;2240;02;False;0311601;True;0;3;0;0;0;0;0.0;False;0.0;3025600.14;2445;1237.46;6478.28;;;;;;;;;;;;;0
limpo;47410573000157;47410573;PR;4542087;soja;0.0;0.0;0;0.0;0.0;False;False;381;0.0;01;4014;02;False;0220901;True;0;6;2;1;0;0;0.0;False;0.0;2139970.45;3795;563.89;4484.0;;;;;;;;;;;;;0
limpo;66830777000191;66830777;MT;3486350;soja;0.0;0.0;0;0.0;0.0;False;False;79;0.0;05;4014;02;False;0133403;True;0;4;0;0;0;0;0.0;False;0.0;65163087.4;3987;16343.89;5719.93;;2279.5;0.0795;14132.81;;;;;5;46797.75;185;1;0
limpo;55069741000110;55069741;BA;3889457;soja;0.0;0.0;0;0.0;0.0;False;False;545;0.0;01;4014;02;False;0121101;True;1;4;1;0;0;0;0.0;False;0.0;;;;;;3266.5;0.0304;5248.27;1073.2;0.0666;5;0.3658;;;;;0
limpo;93652153000102;93652153;GO;2631798;soja;0.0;0.0;0;0.0;0.0;False;False;71;0.0;03;2135;02;False;0151201;True;1;7;2;0;1;0;0.0;False;0.0;14413700.4;13;1108746.18;6417.73;;3194.9;-0.0821;19788.09;1403.2;-0.2716;20;0.8262;;;;;0
limpo;30352012000146;30352012;RS;4372021;soja;0.0;0.0;0;0.0;0.0;False;False;113;0.0;01;2062;02;False;0115600;True;1;1;0;0;0;0;0.0;False;0.0;4702656.59;2724;1726.38;4444.47;;2871.3;-0.1436;6684.69;1363.1;-0.0476;4;-0.0304;;;;;0
divida_ativa;38138556000111;38138556;PI;3137869;soja;2004.24;193.48;7;0.0;-241.38;True;False;271;0.0;01;2135;02;False;0121101;True;1;3;1;1;0;0;0.0;False;0.0;10177003.44;1015;10026.6;5071.94;;2744.9;-0.3095;14240.48;640.1;0.0766;0;0.6749;0;0.0;;0;0
limpo;73727269000148;73727269;MT;4881066;soja;0.0;0.0;0;0.0;0.0;False;False;457;0.0;05;2062;02;False;0111301;True;0;6;1;0;0;0;0.0;False;0.0;;;;;;;;;;;;;;;;;0
limpo;36265315000108;36265315;MA;1849363;soja;0.0;0.0;0;0.0;0.0;False;False;47;0.0;05;2054;02;False;0311601;True;0;2;1;0;0;0;0.0;False;0.0;1890436.06;790;2392.96;3254.5;;2951.6;0.2319;11567.52;1244.5;-0.2244;14;0.2749;;;;;0
limpo;33620762000140;33620762;RS;4372021;soja;0.0;0.0;0;0.0;0.0;False;False;486;0.0;01;2054;02;False;0115600;True;1;4;1;1;0;0;0.0;False;0.0;4702656.59;2724;1726.38;4444.47;;2871.3;-0.1436;6684.69;1363.1;-0.0476;4;-0.0304;;;;;0
limpo;11951931000191;11951931;PA;3572518;soja;0.0;0.0;0;0.0;0.0;False;False;388;0.0;05;4014;02;False;0121101;True;0;7;2;2;0;0;0.0;False;0.0;8421494.89;3910;2153.84;5580.08;;;;;;;;;;;;;0
passivo_ambiental_embargo;96715298000195;96715298;PI;3137869;soja;0.0;0.0;0;0.0;0.0;False;False;477;0.0;01;2135;02;False;0116401;True;2;2;2;2;0;10;450143.71;True;1090.05;10177003.44;1015;10026.6;5071.94;;2744.9;-0.3095;14240.48;640.1;0.0766;0;0.6749;;;;;1
limpo;63211049000103;63211049;MT;4881066;soja;0.0;0.0;0;0.0;0.0;False;False;490;0.0;05;4014;02;False;0311601;True;0;7;1;1;0;0;0.0;False;0.0;;;;;;;;;;;;;;;;;0
limpo;21931134000104;21931134;MG;2246509;soja;0.0;0.0;0;0.0;0.0;False;False;92;0.0;05;2240;02;False;0133403;True;0;7;0;0;0;0;0.0;False;0.0;18573077.57;406;45746.5;1183.29;;3809.0;-0.3511;358203.19;;;;;;;;;0
divida_ativa;36971155000112;36971155;PA;3572518;soja;62877.95;31141.55;1;0.0;15358.57;False;False;478;0.0;03;2062;02;False;0220901;True;1;6;1;1;0;0;0.0;False;0.0;8421494.89;3910;2153.84;5580.08;;;;;;;;;;;;;0
passivo_ambiental_auto;50183849000116;50183849;MT;4872493;soja;0.0;0.0;0;0.0;0.0;False;False;177;1.0;01;2240;02;False;0220901;True;0;7;0;0;0;4;2659332.88;False;0.0;12871579.85;766;16803.63;1283.72;;2678.2;-0.0379;315502.18;1164.2;-0.4814;30;-0.3935;0;0.0;;0;0
limpo;15974006000137;15974006;BA;3889457;soja;0.0;0.0;0;0.0;0.0;False;False;124;0.0;03;2062;02;False;0151201;True;0;1;2;2;1;0;0.0;False;0.0;;;;;;3266.5;0.0304;5248.27;1073.2;0.0666;5;0.3658;;;;;1
divida_ativa;45734043000139;45734043;TO;2599733;soja;1704687.81;1654017.7;7;0.0;557225.87;True;False;181;1.0;03;2054;02;False;0113000;True;0;5;1;0;0;0;0.0;False;0.0;1134944.18;1648;688.68;2399.35;;3673.1;0.0845;644740.4;;;;;;;;;0
limpo;63396744000197;63396744;SP;4469177;soja;3710265.09;2626263.51;5;0.0;883622.77;False;False;415;0.0;03;2135;02;False;0133403;True;1;7;1;0;0;0;0.0;False;0.0;;;;;;;;;;;;;;;;;0
limpo;23704472000120;23704472;MT;3047606;soja;0.0;0.0;0;0.0;0.0;False;False;555;0.0;03;2062;02;False;0113000;True;0;8;1;0;0;0;0.0;False;0.0;3490150.22;1814;1924.01;3376.09;;;;;;;;;;;;;0
passivo_ambiental_auto;23625214000159;23625214;MT;5020745;soja;0.0;0.0;0;0.0;0.0;False;False;224;0.0;03;2062;02;False;0113000;True;0;6;2;0;0;6;202996.22;False;0.0;16832610.2;2938;5729.28;2659.43;;2865.5;-0.0685;23248.53;1087.1;-0.1985;10;0.5319;;;;;0
limpo;62247781000170;62247781;RS;1296511;soja;6016.65;2772.22;6;0.0;-1389.04;True;False;337;0.0;01;2062;02;False;0115600;True;0;3;0;0;0;0;0.0;False;0.0;;;;;;;;;;;;;;;;;0
limpo;65796147000185;65796147;MS;2167433;soja;0.0;0.0;0;0.0;0.0;False;False;108;0.0;05;2054;02;False;0220901;True;0;5;0;0;0;0;0.0;False;0.0;45698908.98;37;1235105.65;4640.03;;3388.1;-0.041;1178.06;747.3;0.3091;29;-0.1134;;;;;0
limpo;28926799000160;28926799;TO;4589069;soja;0.0;0.0;0;1492602.44;0.0;False;False;36;9278.92;03;4014;02;False;0111301;True;0;6;0;0;0;0;0.0;False;0.0;2443446.14;2744;890.47;4703.19;;2024.4;-0.0039;12496.35;1038.3;-0.1626;18;-0.1071;;;;;0
limpo;60890416000154;60890416;PR;4168991;soja;0.0;0.0;0;0.0;0.0;False;False;342;0.0;03;2240;02;False;0113000;True;0;3;1;0;0;0;0.0;False;0.0;;;;;;3272.2;-0.2374;11409.04;801.1;0.1095;21;-0.0934;;;;;0
limpo;51445537000104;51445537;PA;3572518;soja;0.0;0.0;0;0.0;0.0;False;False;222;0.0;05;2054;02;False;0210101;True;2;8;0;0;0;0;0.0;False;0.0;8421494.89;3910;2153.84;5580.08;;;;;;;;;;;;;0
passivo_ambiental_embargo;39689804000185;39689804;RS;2897684;soja;0.0;0.0;0;0.0;0.0;False;False;307;0.0;03;2240;02;False;0111301;True;0;2;0;0;0;11;9335.11;True;973.78;25576731.08;1000;25576.73;5293.87;;3022.4;-0.1789;34484.31;791.9;0.1416;23;-0.3386;;;;;1
limpo;71769538000103;71769538;TO;5373788;soja;0.0;0.0;0;0.0;0.0;False;False;27;11857.96;03;2062;02;False;0115600;True;0;3;1;1;0;6;10883.96;False;0.0;;;;;;;;;;;;;1;58606.03;307;1;0
divida_ativa;35165473000123;35165473;TO;2782512;soja;8415.56;2200.67;6;0.0;-1160.01;False;False;498;0.0;03;2054;02;False;0151201;True;0;3;1;1;0;0;0.0;False;0.0;;;;;;2863.3;-0.1129;5150.27;910.7;0.2631;25;0.1329;;;;;0
situacao_irregular;21944895000192;21944895;MA;1813278;soja;0.0;0.0;0;0.0;0.0;False;False;144;1.0;03;2062;08;True;0113000;True;0;7;1;1;0;0;0.0;False;0.0;;;;;;3988.3;0.1576;4152.02;852.3;0.0456;18;-0.0187;;;;;0
limpo;90921786000172;90921786;MS;2167433;soja;0.0;0.0;0;0.0;0.0;False;False;438;532868.17;01;4014;02;False;0151201;True;0;6;2;2;0;0;0.0;False;0.0;45698908.98;37;1235105.65;4640.03;;3388.1;-0.041;1178.06;747.3;0.3091;29;-0.1134;;;;;0
limpo;34685917000199;34685917;BA;1993507;soja;0.0;0.0;0;0.0;0.0;False;False;92;1.0;05;2054;02;False;0121101;True;0;6;1;0;0;0;0.0;False;0.0;;;;;;3041.8;-0.0835;4445.58;1427.8;0.2926;16;-0.2083;;;;;0
grupo_societario;70638980000138;70638980;MT;4872493;soja;0.0;0.0;0;0.0;0.0;False;False;21;0.0;05;2135;02;False;0151201;True;0;8;20;2;1;0;0.0;False;0.0;12871579.85;766;16803.63;1283.72;;2678.2;-0.0379;315502.18;1164.2;-0.4814;30;-0.3935;;;;;0
limpo;13290552000123;13290552;GO;2092240;soja;0.0;0.0;0;0.0;0.0;False;False;344;0.0;01;2135;02;False;0311601;True;0;1;0;0;0;0;0.0;False;0.0;3025600.14;2445;1237.46;6478.28;;;;;;;;;;;;;0
limpo;37468029000102;37468029;TO;2782512;soja;0.0;0.0;0;0.0;0.0;False;False;373;0.0;05;2062;02;False;0116401;True;0;8;0;0;0;0;0.0;False;0.0;;;;;;2863.3;-0.1129;5150.27;910.7;0.2631;25;0.1329;;;;;0
situacao_irregular;42701647000190;42701647;RS;1296511;soja;0.0;0.0;0;0.0;0.0;False;False;454;26397.87;01;2135;08;True;0121101;True;0;5;0;0;0;0;0.0;False;0.0;;;;;;;;;;;;;;;;;0
divida_ativa;64774501000108;64774501;MT;1342092;soja;42791.53;14498.1;5;0.0;17917.36;True;True;546;0.0;05;4014;02;False;0151201;True;1;2;1;1;0;0;0.0;False;0.0;722846.84;2362;306.03;1988.84;;3594.8;0.0837;14558.01;663.4;-0.0379;31;0.4066;;;;;1
limpo;18449175000146;18449175;MT;1342092;soja;0.0;0.0;0;0.0;0.0;False;False;128;138423.42;01;4014;02;False;0220901;True;0;2;2;2;1;0;0.0;False;0.0;722846.84;2362;306.03;1988.84;;3594.8;0.0837;14558.01;663.4;-0.0379;31;0.4066;;;;;0
situacao_irregular;12837935000106;12837935;RS;2897684;soja;0.0;0.0;0;0.0;0.0;False;False;295;0.0;01;2054;08;True;0111301;True;1;3;1;0;0;13;57857.8;False;0.0;25576731.08;1000;25576.73;5293.87;;3022.4;-0.1789;34484.31;791.9;0.1416;23;-0.3386;;;;;0
divida_ativa;24961979000122;24961979;PI;1498259;soja;11020.73;4163.25;4;0.0;5171.49;False;True;65;0.0;05;2240;02;False;0111301;True;2;7;1;0;0;0;0.0;False;0.0;5961831.05;452;13189.89;2292.48;;3510.9;-0.3402;43788.4;;;;;1;11151.89;17;1;0
limpo;15054502000172;15054502;GO;3763424;soja;0.0;0.0;0;0.0;0.0;False;False;280;0.0;03;2135;02;False;0210101;True;1;4;0;0;0;0;0.0;False;0.0;2844536.11;3158;900.74;4170.84;;3496.6;-0.1391;1857.33;;;;;;;;;0
passivo_ambiental_auto;41442980000160;41442980;TO;2599733;soja;0.0;0.0;0;0.0;0.0;False;False;290;0.0;03;4014;02;False;0151201;True;1;2;2;0;0;2;85676.06;False;0.0;1134944.18;1648;688.68;2399.35;;3673.1;0.0845;644740.4;;;;;;;;;0
limpo;23484148000144;23484148;TO;2625906;soja;0.0;0.0;0;0.0;0.0;False;False;355;0.0;01;4014;02;False;0210101;True;0;2;2;0;0;0;0.0;False;0.0;7076252.67;3896;1816.29;5129.4;;4004.9;-0.3294;61983.79;1163.5;-0.1957;26;-0.2281;;;;;0
limpo;59754121000171;59754121;GO;3355082;soja;0.0;0.0;0;0.0;0.0;False;False;21;0.0;03;2062;02;False;0220901;True;0;3;2;2;0;0;0.0;False;0.0;344902.69;1555;221.8;1341.28;;3426.5;-0.1292;14743.52;1302.6;0.1067;12;-0.0223;;;;;0
passivo_ambiental_auto;63567525000123;63567525;BA;1287110;soja;0.0;0.0;0;0.0;0.0;False;False;190;0.0;05;4014;02;False;0220901;True;0;8;1;1;0;7;2086.94;False;0.0;7170659.32;281;25518.36;5970.35;;3173.5;-0.0805;35165.31;;;;;1;13139.08;867;1;0
situacao_irregular;16133998000132;16133998;GO;3763424;soja;0.0;0.0;0;613674.24;0.0;False;False;535;0.0;01;2135;04;True;0111301;True;0;5;2;2;0;12;62956.43;False;0.0;2844536.11;3158;900.74;4170.84;;3496.6;-0.1391;1857.33;;;;;;;;;0
passivo_ambiental_auto;50385134000146;50385134;TO;2599733;soja;0.0;0.0;0;0.0;0.0;False;False;551;0.0;03;2135;02;False;0210101;True;0;4;0;0;0;5;21277.15;False;0.0;1134944.18;1648;688.68;2399.35;;3673.1;0.0845;644740.4;;;;;;;;;0
situacao_irregular;89288400000158;89288400;TO;2395181;soja;0.0;0.0;0;114851997.86;0.0;False;False;270;0.0;03;2062;04;True;0111301;True;0;1;2;0;0;0;0.0;False;0.0;5222030.27;3113;1677.49;5412.59;;4009.6;0.3374;16612.29;725.4;0.2591;36;-0.1239;;;;;0
passivo_ambiental_auto;19467061000191;19467061;MS;2167433;soja;0.0;0.0;0;0.0;0.0;False;False;280;1.0;03;4014;02;False;0113000;True;1;1;1;1;0;12;3137.83;False;0.0;45698908.98;37;1235105.65;4640.03;;3388.1;-0.041;1178.06;747.3;0.3091;29;-0.1134;;;;;0
limpo;81746547000132;81746547;PR;4542087;soja;0.0;0.0;0;0.0;0.0;False;False;63;0.0;03;2135;02;False;0151201;True;0;8;0;0;0;0;0.0;False;0.0;2139970.45;3795;563.89;4484.0;;;;;;;;;;;;;0
divida_ativa;65019151000137;65019151;BA;1287110;soja;24831.45;3792.19;2;0.0;11429.14;False;False;307;3417.7;01;2062;02;False;0311601;True;0;8;2;0;1;0;0.0;False;0.0;7170659.32;281;25518.36;5970.35;;3173.5;-0.0805;35165.31;;;;;;;;;0
situacao_irregular;42585870000110;42585870;RS;3466531;soja;0.0;0.0;0;0.0;0.0;False;False;531;57156.44;05;2062;04;True;0151201;True;0;6;1;1;0;0;0.0;False;0.0;3897875.17;1357;2872.42;4389.67;;;;;;;;;;;;;0
passivo_ambiental_auto;52631554000190;52631554;SP;1144522;soja;0.0;0.0;0;0.0;0.0;False;False;444;0.0;03;2054;02;False;0133403;True;0;8;1;0;0;7;145724.71;False;0.0;22685314.17;3452;6571.64;4478.12;;3859.7;-0.1003;15013.11;975.4;-0.3231;19;-0.3987;;;;;0
limpo;98199255000120;98199255;TO;2395181;soja;18482.16;3544.2;6;0.0;1708.24;False;True;425;0.0;05;2240;02;False;0113000;True;0;7;2;0;1;0;0.0;False;0.0;5222030.27;3113;1677.49;5412.59;;4009.6;0.3374;16612.29;725.4;0.2591;36;-0.1239;;;;;1
limpo;91523729000106;91523729;RS;2897684;soja;0.0;0.0;0;0.0;0.0;False;False;522;0.0;05;4014;02;False;0116401;True;0;5;1;0;0;0;0.0;False;0.0;25576731.08;1000;25576.73;5293.87;;3022.4;-0.1789;34484.31;791.9;0.1416;23;-0.3386;;;;;0
limpo;99313984000128;99313984;SP;1144522;soja;0.0;0.0;0;0.0;0.0;False;False;9;0.0;01;2135;02;False;0311601;True;0;4;0;0;0;0;0.0;False;0.0;22685314.17;3452;6571.64;4478.12;;3859.7;-0.1003;15013.11;975.4;-0.3231;19;-0.3987;;;;;1
limpo;16367213000196;16367213;MA;1813278;soja;0.0;0.0;0;0.0;0.0;False;False;22;0.0;03;2062;02;False;0210101;True;0;1;1;0;0;0;0.0;False;0.0;;;;;;3988.3;0.1576;4152.02;852.3;0.0456;18;-0.0187;;;;;0
limpo;90233301000158;90233301;GO;2856025;soja;548865.54;309356.0;5;0.0;8751.39;False;False;120;0.0;01;4014;02;False;0121101;True;1;4;0;0;0;0;0.0;False;0.0;4215365.78;477;8837.24;5811.42;;1816.6;-0.0367;157568.54;1022.2;-0.0563;11;-0.2071;;;;;0
limpo;65654818000173;65654818;BA;1993507;soja;0.0;0.0;0;0.0;0.0;False;False;74;0.0;05;2054;02;False;0210101;True;0;7;1;1;0;0;0.0;False;0.0;;;;;;3041.8;-0.0835;4445.58;1427.8;0.2926;16;-0.2083;;;;;0
limpo;46515728000157;46515728;TO;2625906;soja;0.0;0.0;0;0.0;0.0;False;False;277;0.0;01;2240;02;False;0210101;True;1;8;1;1;0;0;0.0;False;0.0;7076252.67;3896;1816.29;5129.4;;4004.9;-0.3294;61983.79;1163.5;-0.1957;26;-0.2281;;;;;0
passivo_ambiental_auto;73414472000164;73414472;MA;1849363;soja;0.0;0.0;0;0.0;0.0;False;False;553;0.0;05;4014;02;False;0220901;True;0;7;1;1;0;1;2957305.38;False;0.0;1890436.06;790;2392.96;3254.5;;2951.6;0.2319;11567.52;1244.5;-0.2244;14;0.2749;;;;;0
limpo;87038361000105;87038361;PI;3137869;soja;0.0;0.0;0;0.0;0.0;False;False;88;0.0;01;2062;02;False;0111301;True;0;5;2;0;0;0;0.0;False;0.0;10177003.44;1015;10026.6;5071.94;;2744.9;-0.3095;14240.48;640.1;0.0766;0;0.6749;;;;;0
situacao_irregular;51696327000180;51696327;PR;4542087;soja;0.0;0.0;0;0.0;0.0;False;False;372;1.0;01;2135;03;True;0121101;True;0;8;1;0;0;0;0.0;False;0.0;2139970.45;3795;563.89;4484.0;;;;;;;;;;;;;0
limpo;42467068000125;42467068;GO;3763424;soja;0.0;0.0;0;0.0;0.0;False;False;260;51355.51;05;2062;02;False;0311601;True;0;7;1;1;0;0;0.0;False;0.0;2844536.11;3158;900.74;4170.84;;3496.6;-0.1391;1857.33;;;;;;;;;0
limpo;73384794000108;73384794;GO;3763424;soja;0.0;0.0;0;0.0;0.0;False;False;518;1.0;03;2054;02;False;0133403;True;0;8;2;0;1;2;172284.96;False;0.0;2844536.11;3158;900.74;4170.84;;3496.6;-0.1391;1857.33;;;;;;;;;0
limpo;57123444000131;57123444;GO;3355082;soja;0.0;0.0;0;0.0;0.0;False;False;40;0.0;01;2240;02;False;0133403;True;0;6;1;1;0;0;0.0;False;0.0;344902.69;1555;221.8;1341.28;;3426.5;-0.1292;14743.52;1302.6;0.1067;12;-0.0223;;;;;1
divida_ativa;49972222000165;49972222;MA;2547930;soja;2028.4;1379.15;1;0.0;-1.02;False;True;387;0.0;01;2062;02;False;0113000;True;0;6;1;0;0;0;0.0;False;0.0;3056399.2;3421;893.42;2943.06;;3413.0;0.1153;12947.73;1079.8;-0.105;39;-0.2894;;;;;0
limpo;71670861000125;71670861;TO;2395181;soja;210778.5;82713.37;1;0.0;48907.51;True;False;227;0.0;05;2240;02;False;0220901;True;2;4;2;0;0;0;0.0;False;0.0;5222030.27;3113;1677.49;5412.59;;4009.6;0.3374;16612.29;725.4;0.2591;36;-0.1239;;;;;0
situacao_irregular;66431017000101;66431017;RS;1296511;soja;0.0;0.0;0;0.0;0.0;False;False;196;0.0;03;4014;04;True;0151201;True;0;1;1;1;0;0;0.0;False;0.0;;;;;;;;;;;;;;;;;0
situacao_irregular;68681727000115;68681727;PR;4168991;soja;0.0;0.0;0;0.0;0.0;False;False;95;1.0;05;2135;04;True;0151201;True;0;4;1;1;0;0;0.0;False;0.0;;;;;;3272.2;-0.2374;11409.04;801.1;0.1095;21;-0.0934;;;;;0
passivo_ambiental_auto;92801911000136;92801911;GO;2092240;soja;0.0;0.0;0;0.0;0.0;False;False;508;48872.16;05;2054;02;False;0133403;True;0;4;1;1;0;2;226327.6;False;0.0;3025600.14;2445;1237.46;6478.28;;;;;;;;;;;;;0
situacao_irregular;99273372000159;99273372;MT;3047606;soja;0.0;0.0;0;0.0;0.0;False;False;85;114134.37;05;4014;04;True;0133403;True;1;3;1;1;0;0;0.0;False;0.0;3490150.22;1814;1924.01;3376.09;;;;;;;;;;;;;0
grupo_societario;65003799000115;65003799;BA;1993507;soja;0.0;0.0;0;0.0;0.0;False;False;295;1.0;01;2062;02;False;0210101;True;0;1;19;10;7;0;0.0;False;0.0;;;;;;3041.8;-0.0835;4445.58;1427.8;0.2926;16;-0.2083;;;;;0
limpo;29359754000114;29359754;GO;2631798;soja;0.0;0.0;0;0.0;0.0;False;False;420;1.0;01;2240;02;False;0116401;True;0;2;1;1;0;0;0.0;False;0.0;14413700.4;13;1108746.18;6417.73;;3194.9;-0.0821;19788.09;1403.2;-0.2716;20;0.8262;;;;;0
divida_ativa;26825116000153;26825116;BA;1287110;soja;44226.28;21418.06;1;0.0;16128.36;False;False;328;1.0;05;2240;02;False;0121101;True;1;1;2;0;1;0;0.0;False;0.0;7170659.32;281;25518.36;5970.35;;3173.5;-0.0805;35165.31;;;;;;;;;1
limpo;92420770000101;92420770;MT;5020745;soja;0.0;0.0;0;0.0;0.0;False;False;402;0.0;05;2135;02;False;0151201;True;3;6;2;1;0;0;0.0;False;0.0;16832610.2;2938;5729.28;2659.43;;2865.5;-0.0685;23248.53;1087.1;-0.1985;10;0.5319;;;;;0
limpo;75272502000170;75272502;GO;3838683;soja;0.0;0.0;0;0.0;0.0;False;False;148;0.0;01;2135;02;False;0133403;True;0;2;0;0;0;0;0.0;False;0.0;8577457.59;2126;4034.55;3501.48;;;;;;;;;;;;;0
limpo;18034804000177;18034804;TO;2599733;soja;0.0;0.0;0;0.0;0.0;False;False;552;0.0;05;2240;02;False;0210101;True;0;8;2;0;1;0;0.0;False;0.0;1134944.18;1648;688.68;2399.35;;3673.1;0.0845;644740.4;;;;;;;;;0
limpo;34222512000114;34222512;SP;4469177;soja;0.0;0.0;0;0.0;0.0;False;False;252;0.0;05;2240;02;False;0311601;True;0;6;0;0;0;0;0.0;False;0.0;;;;;;;;;;;;;;;;;0
limpo;46445325000189;46445325;TO;1628136;soja;0.0;0.0;0;0.0;0.0;False;False;329;0.0;03;2054;02;False;0113000;True;0;4;1;1;0;0;0.0;False;0.0;22713744.04;630;36053.56;4855.95;;;;;;;;;;;;;0
situacao_irregular;62663428000171;62663428;PI;1498259;soja;0.0;0.0;0;0.0;0.0;False;False;394;0.0;01;4014;08;True;0151201;True;0;4;2;0;1;0;0.0;False;0.0;5961831.05;452;13189.89;2292.48;;3510.9;-0.3402;43788.4;;;;;;;;;0
limpo;54506388000126;54506388;MT;3486350;soja;0.0;0.0;0;0.0;0.0;False;False;280;1.0;03;2135;02;False;0111301;True;0;5;2;0;0;0;0.0;False;0.0;65163087.4;3987;16343.89;5719.93;;2279.5;0.0795;14132.81;;;;;;;;;0
limpo;88639452000169;88639452;MT;4952487;soja;0.0;0.0;0;0.0;0.0;False;False;147;0.0;01;2240;02;False;0111301;True;3;6;0;0;0;0;0.0;False;0.0;;;;;;4283.3;-0.0501;26781.4;1142.6;-0.1312;16;-0.1184;;;;;0
limpo;14301499000181;14301499;MS;2167433;soja;0.0;0.0;0;0.0;0.0;False;False;506;0.0;05;2054;02;False;0133403;True;0;2;2;2;0;0;0.0;False;0.0;45698908.98;37;1235105.65;4640.03;;3388.1;-0.041;1178.06;747.3;0.3091;29;-0.1134;;;;;0
limpo;67835974000166;67835974;SP;4469177;soja;10267.08;4801.94;5;0.0;-537.36;True;False;85;1.0;01;2135;02;False;0116401;True;2;6;1;1;0;0;0.0;False;0.0;;;;;;;;;;;;;;;;;0
grupo_societario;74572755000105;74572755;MT;3486350;soja;0.0;0.0;0;0.0;0.0;False;False;290;1.0;05;4014;02;False;0121101;True;0;3;20;8;3;0;0.0;False;0.0;65163087.4;3987;16343.89;5719.93;;2279.5;0.0795;14132.81;;;;;;;;;0
divida_ativa;20727936000126;20727936;GO;2092240;soja;41205.18;20677.59;9;0.0;7969.07;False;True;128;0.0;01;2240;02;False;0133403;True;0;7;1;1;0;0;0.0;False;0.0;3025600.14;2445;1237.46;6478.28;;;;;;;;;;;;;0
divida_ativa;97502338000183;97502338;TO;2625906;soja;103001.06;84266.97;5;0.0;47342.1;True;False;454;0.0;01;2062;02;False;0210101;True;1;7;0;0;0;0;0.0;False;0.0;7076252.67;3896;1816.29;5129.4;;4004.9;-0.3294;61983.79;1163.5;-0.1957;26;-0.2281;;;;;0
limpo;15569028000111;15569028;GO;2856025;soja;0.0;0.0;0;0.0;0.0;False;False;242;0.0;03;2054;02;False;0220901;True;0;4;1;0;0;0;0.0;False;0.0;4215365.78;477;8837.24;5811.42;;1816.6;-0.0367;157568.54;1022.2;-0.0563;11;-0.2071;;;;;0
limpo;56465613000159;56465613;MA;1813278;soja;0.0;0.0;0;0.0;0.0;False;False;490;0.0;01;2054;02;False;0111301;True;0;7;2;1;0;0;0.0;False;0.0;;;;;;3988.3;0.1576;4152.02;852.3;0.0456;18;-0.0187;;;;;0
limpo;83792172000172;83792172;MA;1813278;soja;0.0;0.0;0;0.0;0.0;False;False;451;12873.32;05;2240;02;False;0311601;True;2;1;2;1;1;0;0.0;False;0.0;;;;;;3988.3;0.1576;4152.02;852.3;0.0456;18;-0.0187;;;;;0
limpo;94652013000199;94652013;TO;2625906;soja;0.0;0.0;0;0.0;0.0;False;False;251;0.0;01;2135;02;False;0311601;True;0;1;2;0;0;0;0.0;False;0.0;7076252.67;3896;1816.29;5129.4;;4004.9;-0.3294;61983.79;1163.5;-0.1957;26;-0.2281;;;;;0
situacao_irregular;78286678000170;78286678;PR;4374686;soja;1542879.4;1524586.19;6;0.0;462616.81;True;False;373;0.0;01;4014;04;True;0311601;True;0;5;0;0;0;0;0.0;False;0.0;;;;;;;;;;;;;;;;;1
passivo_ambiental_auto;25641209000165;25641209;PR;4542087;soja;0.0;0.0;0;0.0;0.0;False;False;275;1.0;03;4014;02;False;0311601;True;0;2;0;0;0;14;247286.21;False;0.0;2139970.45;3795;563.89;4484.0;;;;;;;;;3;35268.25;404;2;0
limpo;94501710000149;94501710;PI;4630374;soja;0.0;0.0;0;0.0;0.0;False;False;207;0.0;01;2135;02;False;0210101;True;0;5;2;1;0;0;0.0;False;0.0;13048266.74;1086;12014.98;3730.29;;4454.7;0.2245;24466.93;1518.2;0.2463;22;-0.0198;;;;;0
limpo;72145105000140;72145105;TO;1926828;soja;0.0;0.0;0;0.0;0.0;False;False;287;62593.02;05;2054;02;False;0311601;True;1;6;2;1;1;0;0.0;False;0.0;1592038.63;3955;402.54;2086.07;;2103.1;-0.0625;2779.51;847.2;0.0075;25;0.3455;;;;;0
limpo;63223998000103;63223998;BA;1993507;soja;0.0;0.0;0;0.0;0.0;False;False;128;0.0;05;4014;02;False;0151201;True;0;1;2;0;0;0;0.0;False;0.0;;;;;;3041.8;-0.0835;4445.58;1427.8;0.2926;16;-0.2083;;;;;0
limpo;70041824000195;70041824;RS;5323473;soja;0.0;0.0;0;0.0;0.0;False;False;188;0.0;01;2135;02;False;0210101;True;1;4;0;0;0;0;0.0;False;0.0;5770153.78;3796;1520.06;6107.33;;4184.9;0.3046;1406.53;1150.1;-0.4716;32;0.0109;1;2243.85;171;1;0
divida_ativa;46046979000130;46046979;SP;4469177;soja;65514.15;7770.53;8;0.0;4550.33;False;False;453;0.0;05;2062;02;False;0115600;True;0;6;0;0;0;0;0.0;False;0.0;;;;;;;;;;;;;;;;;0
limpo;61165637000122;61165637;PR;4374686;soja;0.0;0.0;0;0.0;0.0;False;False;217;4904.89;03;2062;02;False;0113000;True;0;7;1;0;0;0;0.0;False;0.0;;;;;;;;;;;;;;;;;0
limpo;57108093000190;57108093;TO;4589069;soja;0.0;0.0;0;0.0;0.0;False;False;477;0.0;05;2135;02;False;0111301;True;0;4;0;0;0;0;0.0;False;0.0;2443446.14;2744;890.47;4703.19;;2024.4;-0.0039;12496.35;1038.3;-0.1626;18;-0.1071;;;;;0
limpo;35847705000123;35847705;MT;3047606;soja;0.0;0.0;0;0.0;0.0;False;False;333;0.0;05;2135;02;False;0220901;True;0;6;2;2;1;0;0.0;False;0.0;3490150.22;1814;1924.01;3376.09;;;;;;;;;;;;;0
grupo_societario;33751991000101;33751991;MT;3047606;soja;0.0;0.0;0;0.0;0.0;False;False;73;0.0;03;2135;02;False;0116401;True;1;8;15;1;1;0;0.0;False;0.0;3490150.22;1814;1924.01;3376.09;;;;;;;;;;;;;1
limpo;15935374000176;15935374;MT;4091416;soja;0.0;0.0;0;0.0;0.0;False;False;86;0.0;05;2135;02;False;0121101;True;0;8;2;1;1;0;0.0;False;0.0;9930345.71;3827;2594.81;2854.45;;2593.6;0.1175;64737.72;;;;;;;;;0
limpo;92429788000174;92429788;GO;3838683;soja;0.0;0.0;0;0.0;0.0;False;False;403;0.0;03;2054;02;False;0121101;True;1;2;0;0;0;0;0.0;False;0.0;8577457.59;2126;4034.55;3501.48;;;;;;;;;;;;;0
limpo;87471017000105;87471017;MT;3047606;soja;0.0;0.0;0;0.0;0.0;False;False;230;0.0;01;2062;02;False;0311601;True;0;4;0;0;0;0;0.0;False;0.0;3490150.22;1814;1924.01;3376.09;;;;;;;;;;;;;0
limpo;25151053000134;25151053;TO;4589069;soja;0.0;0.0;0;0.0;0.0;False;False;102;0.0;03;2062;02;False;0133403;True;0;7;0;0;0;0;0.0;False;0.0;2443446.14;2744;890.47;4703.19;;2024.4;-0.0039;12496.35;1038.3;-0.1626;18;-0.1071;;;;;0
limpo;52568429000183;52568429;SP;4469177;soja;0.0;0.0;0;0.0;0.0;False;False;35;0.0;05;4014;02;False;0113000;True;0;6;1;0;0;0;0.0;False;0.0;;;;;;;;;;;;;;;;;1
limpo;99102496000171;99102496;MT;5020745;soja;0.0;0.0;0;0.0;0.0;False;False;266;1.0;05;2062;02;False;0115600;True;0;6;1;0;0;0;0.0;False;0.0;16832610.2;2938;5729.28;2659.43;;2865.5;-0.0685;23248.53;1087.1;-0.1985;10;0.5319;;;;;0
limpo;21467932000119;21467932;MA;1849363;soja;0.0;0.0;0;0.0;0.0;False;False;459;0.0;01;2240;02;False;0115600;True;0;4;0;0;0;0;0.0;False;0.0;1890436.06;790;2392.96;3254.5;;2951.6;0.2319;11567.52;1244.5;-0.2244;14;0.2749;;;;;0
limpo;84747735000173;84747735;BA;3889457;soja;0.0;0.0;0;0.0;0.0;False;False;128;0.0;03;2062;02;False;0113000;True;0;8;0;0;0;0;0.0;False;0.0;;;;;;3266.5;0.0304;5248.27;1073.2;0.0666;5;0.3658;;;;;0
limpo;51728737000166;51728737;MT;3486350;soja;0.0;0.0;0;0.0;0.0;False;False;284;0.0;01;2062;02;False;0115600;True;0;1;1;0;0;0;0.0;False;0.0;65163087.4;3987;16343.89;5719.93;;2279.5;0.0795;14132.81;;;;;1;27104.95;63;1;0
passivo_ambiental_auto;89023139000164;89023139;MG;2246509;soja;572391.37;441199.86;3;0.0;130734.71;False;False;85;0.0;03;2054;02;False;0113000;True;0;4;0;0;0;4;422458.23;False;0.0;18573077.57;406;45746.5;1183.29;;3809.0;-0.3511;358203.19;;;;;;;;;0
grupo_societario;53258848000181;53258848;BA;1993507;soja;0.0;0.0;0;0.0;0.0;False;False;206;0.0;03;2240;02;False;0311601;True;0;5;12;7;0;0;0.0;False;0.0;;;;;;3041.8;-0.0835;4445.58;1427.8;0.2926;16;-0.2083;;;;;0
grupo_societario;23994528000129;23994528;PR;4168991;soja;0.0;0.0;0;0.0;0.0;False;False;21;1.0;01;2135;02;False;0220901;True;1;7;25;11;6;0;0.0;False;0.0;;;;;;3272.2;-0.2374;11409.04;801.1;0.1095;21;-0.0934;0;0.0;;0;0
limpo;87933549000117;87933549;MA;1849363;soja;0.0;0.0;0;0.0;0.0;False;False;127;0.0;05;4014;02;False;0113000;True;0;8;0;0;0;0;0.0;False;0.0;1890436.06;790;2392.96;3254.5;;2951.6;0.2319;11567.52;1244.5;-0.2244;14;0.2749;;;;;0
limpo;77426292000153;77426292;PA;3572518;soja;0.0;0.0;0;0.0;0.0;False;False;557;1.0;03;4014;02;False;0133403;True;0;6;1;1;0;0;0.0;False;0.0;8421494.89;3910;2153.84;5580.08;;;;;;;;;;;;;0
divida_ativa;94108722000108;94108722;SP;4469177;soja;163215.24;67159.2;3;0.0;46483.76;False;True;235;0.0;03;2054;02;False;0151201;True;0;3;0;0;0;0;0.0;False;0.0;;;;;;;;;;;;;;;;;0
limpo;55342937000137;55342937;MT;3047606;soja;0.0;0.0;0;0.0;0.0;False;False;418;0.0;05;2240;02;False;0113000;True;0;8;2;0;0;0;0.0;False;0.0;3490150.22;1814;1924.01;3376.09;;;;;;;;;;;;;0
limpo;54596514000180;54596514;SP;4469177;soja;0.0;0.0;0;0.0;0.0;False;False;21;17875.69;05;2135;02;False;0311601;True;0;6;2;1;1;0;0.0;False;0.0;;;;;;;;;;;;;;;;;0
limpo;80145222000131;80145222;SP;4469177;soja;0.0;0.0;0;0.0;0.0;False;False;76;1.0;05;4014;02;False;0115600;True;0;4;2;2;0;0;0.0;False;0.0;;;;;;;;;;;;;2;28216.71;316;2;0
passivo_ambiental_auto;51645333000109;51645333;RS;4372021;soja;0.0;0.0;0;0.0;0.0;False;False;412;0.0;01;2054;02;False;0113000;True;0;6;1;1;0;1;21643.72;False;0.0;4702656.59;2724;1726.38;4444.47;;2871.3;-0.1436;6684.69;1363.1;-0.0476;4;-0.0304;;;;;0
limpo;16310272000128;16310272;MT;3486350;soja;0.0;0.0;0;0.0;0.0;False;False;407;44320.74;05;2054;02;False;0113000;True;0;8;1;0;0;0;0.0;False;0.0;65163087.4;3987;16343.89;5719.93;;2279.5;0.0795;14132.81;;;;;;;;;0
limpo;23561743000136;23561743;RS;2897684;soja;0.0;0.0;0;0.0;0.0;False;False;84;0.0;01;2054;02;False;0111301;True;0;6;1;0;0;0;0.0;False;0.0;25576731.08;1000;25576.73;5293.87;;3022.4;-0.1789;34484.31;791.9;0.1416;23;-0.3386;;;;;0
situacao_irregular;91636793000195;91636793;TO;2599733;soja;0.0;0.0;0;0.0;0.0;False;False;413;0.0;01;2135;08;True;0151201;True;0;2;0;0;0;0;0.0;False;0.0;1134944.18;1648;688.68;2399.35;;3673.1;0.0845;644740.4;;;;;;;;;0
limpo;74756695000172;74756695;GO;2631798;soja;0.0;0.0;0;0.0;0.0;False;False;313;0.0;01;2135;02;False;0116401;True;1;6;0;0;0;0;0.0;False;0.0;14413700.4;13;1108746.18;6417.73;;3194.9;-0.0821;19788.09;1403.2;-0.2716;20;0.8262;;;;;0
limpo;50492729000109;50492729;PR;4542087;soja;0.0;0.0;0;0.0;0.0;False;False;397;0.0;05;2054;02;False;0151201;True;0;6;2;0;0;0;0.0;False;0.0;2139970.45;3795;563.89;4484.0;;;;;;;;;;;;;0
limpo;53698045000148;53698045;GO;2631798;soja;0.0;0.0;0;0.0;0.0;False;False;380;0.0;03;2054;02;False;0115600;True;1;7;2;2;1;0;0.0;False;0.0;14413700.4;13;1108746.18;6417.73;;3194.9;-0.0821;19788.09;1403.2;-0.2716;20;0.8262;6;36622.03;830;3;0
limpo;93894726000104;93894726;RS;1296511;soja;0.0;0.0;0;0.0;0.0;False;False;288;0.0;03;2240;02;False;0311601;True;0;6;1;0;0;0;0.0;False;0.0;;;;;;;;;;;;;0;0.0;;0;0
limpo;57132050000140;57132050;GO;3763424;soja;0.0;0.0;0;0.0;0.0;False;False;219;0.0;05;2240;02;False;0121101;True;0;4;2;0;1;0;0.0;False;0.0;2844536.11;3158;900.74;4170.84;;3496.6;-0.1391;1857.33;;;;;;;;;0
limpo;97978121000144;97978121;GO;3355082;soja;0.0;0.0;0;0.0;0.0;False;False;247;33633.12;01;4014;02;False;0220901;True;0;3;1;0;0;0;0.0;False;0.0;344902.69;1555;221.8;1341.28;;3426.5;-0.1292;14743.52;1302.6;0.1067;12;-0.0223;;;;;0
limpo;61431167000100;61431167;GO;3838683;soja;0.0;0.0;0;0.0;0.0;False;False;406;0.0;05;2135;02;False;0113000;True;1;7;2;1;1;0;0.0;False;0.0;8577457.59;2126;4034.55;3501.48;;;;;;;;;;;;;0
limpo;91541438000132;91541438;PR;4374686;soja;0.0;0.0;0;0.0;0.0;False;False;222;0.0;01;2054;02;False;0113000;True;1;2;2;2;0;0;0.0;False;0.0;;;;;;;;;;;;;;;;;0
limpo;46004378000164;46004378;TO;1628136;soja;0.0;0.0;0;0.0;0.0;False;False;453;0.0;05;2062;02;False;0111301;True;0;3;2;0;0;0;0.0;False;0.0;22713744.04;630;36053.56;4855.95;;;;;;;;;5;162193.09;337;3;0
limpo;21048554000139;21048554;SP;4469177;soja;0.0;0.0;0;0.0;0.0;False;False;146;0.0;03;2062;02;False;0151201;True;0;1;1;1;0;0;0.0;False;0.0;;;;;;;;;;;;;;;;;0
limpo;22087318000194;22087318;RS;5323473;soja;0.0;0.0;0;0.0;0.0;False;False;555;0.0;03;2240;02;False;0121101;True;0;2;0;0;0;0;0.0;False;0.0;5770153.78;3796;1520.06;6107.33;;4184.9;0.3046;1406.53;1150.1;-0.4716;32;0.0109;;;;;0
limpo;75526134000140;75526134;MS;2167433;soja;20533.29;18305.99;8;0.0;-3835.44;False;True;148;919354.6;03;2135;02;False;0121101;True;0;4;2;1;0;0;0.0;False;0.0;45698908.98;37;1235105.65;4640.03;;3388.1;-0.041;1178.06;747.3;0.3091;29;-0.1134;;;;;0
limpo;55950194000188;55950194;PI;1498259;soja;0.0;0.0;0;0.0;0.0;False;False;13;0.0;03;2240;02;False;0111301;True;0;5;1;0;0;0;0.0;False;0.0;5961831.05;452;13189.89;2292.48;;3510.9;-0.3402;43788.4;;;;;;;;;0
limpo;88681207000110;88681207;MA;1813278;soja;0.0;0.0;0;0.0;0.0;False;False;186;0.0;05;2135;02;False;0151201;True;0;5;1;0;0;0;0.0;False;0.0;;;;;;3988.3;0.1576;4152.02;852.3;0.0456;18;-0.0187;;;;;0
limpo;88816407000132;88816407;PR;4374686;soja;0.0;0.0;0;0.0;0.0;False;False;276;0.0;05;4014;02;False;0111301;True;0;8;2;0;1;0;0.0;False;0.0;;;;;;;;;;;;;;;;;0
divida_ativa;10071265000134;10071265;MT;5020745;soja;131778.9;86892.13;8;0.0;-26365.05;False;True;493;0.0;05;2240;02;False;0311601;True;2;7;1;0;0;0;0.0;False;0.0;16832610.2;2938;5729.28;2659.43;;2865.5;-0.0685;23248.53;1087.1;-0.1985;10;0.5319;;;;;0
passivo_ambiental_auto;41899679000180;41899679;RS;3466531;soja;29146.62;1496.17;9;0.0;3117.87;True;True;520;1.0;05;4014;02;False;0220901;True;1;3;1;0;0;9;15810.31;False;0.0;3897875.17;1357;2872.42;4389.67;;;;;;;;;;;;;1
limpo;29353616000128;29353616;MT;1342092;soja;0.0;0.0;0;0.0;0.0;False;False;166;0.0;05;2135;02;False;0311601;True;1;1;1;0;0;0;0.0;False;0.0;722846.84;2362;306.03;1988.84;;3594.8;0.0837;14558.01;663.4;-0.0379;31;0.4066;;;;;0
divida_ativa;32525087000107;32525087;MA;1813278;soja;326312.16;260385.67;6;0.0;51472.73;False;False;544;0.0;05;2240;02;False;0116401;True;0;1;2;0;0;0;0.0;False;0.0;;;;;;3988.3;0.1576;4152.02;852.3;0.0456;18;-0.0187;;;;;0
limpo;10595987000198;10595987;TO;5373788;soja;0.0;0.0;0;0.0;0.0;False;False;112;0.0;03;2062;02;False;0121101;True;0;3;2;1;1;0;0.0;False;0.0;;;;;;;;;;;;;0;0.0;;0;0
divida_ativa;59550291000134;59550291;MT;3047606;soja;78305.77;74082.62;2;0.0;-14703.32;False;True;398;34715.85;01;4014;02;False;0311601;True;0;8;0;0;0;0;0.0;False;0.0;3490150.22;1814;1924.01;3376.09;;;;;;;;;;;;;0
limpo;24709195000101;24709195;GO;2631798;soja;0.0;0.0;0;0.0;0.0;False;False;308;1.0;05;2054;02;False;0116401;True;0;6;1;0;0;0;0.0;False;0.0;14413700.4;13;1108746.18;6417.73;;3194.9;-0.0821;19788.09;1403.2;-0.2716;20;0.8262;;;;;0
limpo;77932930000108;77932930;GO;3838683;soja;0.0;0.0;0;0.0;0.0;False;False;458;0.0;05;2054;02;False;0133403;True;0;5;1;0;0;0;0.0;False;0.0;8577457.59;2126;4034.55;3501.48;;;;;;;;;;;;;0
divida_ativa;53489568000184;53489568;GO;3838683;soja;64347.74;42149.29;1;0.0;31395.8;False;True;54;0.0;01;2135;02;False;0121101;True;1;6;0;0;0;0;0.0;False;0.0;8577457.59;2126;4034.55;3501.48;;;;;;;;;;;;;0
limpo;73110143000120;73110143;PR;4374686;soja;0.0;0.0;0;0.0;0.0;False;False;450;0.0;01;2240;02;False;0116401;True;0;1;1;1;0;0;0.0;False;0.0;;;;;;;;;;;;;;;;;0
limpo;25554033000104;25554033;TO;5373788;soja;0.0;0.0;0;0.0;0.0;False;False;268;0.0;01;4014;02;False;0113000;True;0;7;2;1;1;0;0.0;False;0.0;;;;;;;;;;;;;;;;;0
limpo;97803898000178;97803898;SP;4469177;soja;0.0;0.0;0;0.0;0.0;False;False;276;0.0;05;2062;02;False;0111301;True;0;1;0;0;0;0;0.0;False;0.0;;;;;;;;;;;;;;;;;0
limpo;65010346000116;65010346;PI;3137869;soja;0.0;0.0;0;0.0;0.0;False;False;277;10695.51;05;2240;02;False;0111301;True;0;2;1;1;0;0;0.0;False;0.0;10177003.44;1015;10026.6;5071.94;;2744.9;-0.3095;14240.48;640.1;0.0766;0;0.6749;;;;;0
passivo_ambiental_embargo;90277560000180;90277560;PR;4542087;soja;0.0;0.0;0;0.0;0.0;False;False;47;1.0;01;2240;02;False;0210101;True;0;5;1;0;0;14;451559.51;True;822.02;2139970.45;3795;563.89;4484.0;;;;;;;;;;;;;0
passivo_ambiental_auto;14490826000190;14490826;GO;3838683;soja;0.0;0.0;0;0.0;0.0;False;False;554;0.0;01;2135;02;False;0111301;True;0;3;1;1;0;10;69471.53;False;0.0;8577457.59;2126;4034.55;3501.48;;;;;;;;;;;;;0
limpo;16467218000190;16467218;TO;4589069;soja;0.0;0.0;0;0.0;0.0;False;False;290;0.0;01;2062;02;False;0121101;True;0;1;2;2;0;14;14689.77;False;0.0;2443446.14;2744;890.47;4703.19;;2024.4;-0.0039;12496.35;1038.3;-0.1626;18;-0.1071;;;;;0
limpo;13419583000131;13419583;MT;4881066;soja;0.0;0.0;0;0.0;0.0;False;False;371;0.0;01;4014;02;False;0116401;True;0;6;2;2;1;0;0.0;False;0.0;;;;;;;;;;;;;;;;;0
limpo;85792741000105;85792741;MT;4872493;soja;0.0;0.0;0;0.0;0.0;False;False;426;0.0;05;2062;02;False;0115600;True;0;7;1;0;0;0;0.0;False;0.0;12871579.85;766;16803.63;1283.72;;2678.2;-0.0379;315502.18;1164.2;-0.4814;30;-0.3935;;;;;0
limpo;94312684000100;94312684;GO;3838683;soja;0.0;0.0;0;0.0;0.0;False;False;261;69832.42;01;2240;02;False;0210101;True;1;2;2;0;0;13;268031.36;False;0.0;8577457.59;2126;4034.55;3501.48;;;;;;;;;;;;;0
passivo_ambiental_auto;83218261000100;83218261;MT;4091416;soja;239207.52;30334.8;7;0.0;78113.66;False;True;266;1.0;01;2240;02;False;0311601;True;0;7;2;1;1;14;411592.48;False;0.0;9930345.71;3827;2594.81;2854.45;;2593.6;0.1175;64737.72;;;;;;;;;1
limpo;69115129000141;69115129;MT;5020745;soja;0.0;0.0;0;0.0;0.0;False;False;24;88886.28;01;2240;02;False;0115600;True;0;1;1;1;0;0;0.0;False;0.0;16832610.2;2938;5729.28;2659.43;;2865.5;-0.0685;23248.53;1087.1;-0.1985;10;0.5319;5;11897.09;435;1;0
limpo;24700338000114;24700338;MT;4091416;soja;0.0;0.0;0;0.0;0.0;False;False;228;1.0;05;2062;02;False;0133403;True;1;7;2;2;1;0;0.0;False;0.0;9930345.71;3827;2594.81;2854.45;;2593.6;0.1175;64737.72;;;;;;;;;0
limpo;44461775000130;44461775;TO;4589069;soja;0.0;0.0;0;0.0;0.0;False;False;511;0.0;03;4014;02;False;0111301;True;0;3;0;0;0;0;0.0;False;0.0;2443446.14;2744;890.47;4703.19;;2024.4;-0.0039;12496.35;1038.3;-0.1626;18;-0.1071;2;495591.42;380;1;0
limpo;68459970000193;68459970;RS;5323473;soja;0.0;0.0;0;0.0;0.0;False;False;148;2878.58;03;2054;02;False;0113000;True;0;4;2;1;0;0;0.0;False;0.0;5770153.78;3796;1520.06;6107.33;;4184.9;0.3046;1406.53;1150.1;-0.4716;32;0.0109;;;;;0
limpo;94454839000143;94454839;MA;1813278;soja;0.0;0.0;0;0.0;0.0;False;False;214;0.0;03;2062;02;False;0116401;True;0;5;1;0;0;0;0.0;False;0.0;;;;;;3988.3;0.1576;4152.02;852.3;0.0456;18;-0.0187;;;;;0
limpo;83932538000161;83932538;MA;1813278;soja;0.0;0.0;0;0.0;0.0;False;False;338;1.0;05;2135;02;False;0115600;True;0;7;0;0;0;0;0.0;False;0.0;;;;;;3988.3;0.1576;4152.02;852.3;0.0456;18;-0.0187;;;;;0
limpo;70822689000115;70822689;TO;5373788;soja;0.0;0.0;0;0.0;0.0;False;False;85;0.0;03;4014;02;False;0116401;True;0;7;2;0;1;0;0.0;False;0.0;;;;;;;;;;;;;;;;;0
limpo;78324277000167;78324277;PA;3572518;soja;0.0;0.0;0;0.0;0.0;False;False;358;0.0;05;4014;02;False;0121101;True;0;8;0;0;0;0;0.0;False;0.0;8421494.89;3910;2153.84;5580.08;;;;;;;;;;;;;0
limpo;97169647000183;97169647;MS;2167433;soja;0.0;0.0;0;0.0;0.0;False;False;531;0.0;01;2062;02;False;0220901;True;0;2;0;0;0;0;0.0;False;0.0;45698908.98;37;1235105.65;4640.03;;3388.1;-0.041;1178.06;747.3;0.3091;29;-0.1134;;;;;0
limpo;45280125000150;45280125;MT;4872493;soja;0.0;0.0;0;0.0;0.0;False;False;108;0.0;05;4014;02;False;0116401;True;2;4;0;0;0;0;0.0;False;0.0;12871579.85;766;16803.63;1283.72;;2678.2;-0.0379;315502.18;1164.2;-0.4814;30;-0.3935;;;;;0
limpo;87181063000170;87181063;TO;1628136;soja;0.0;0.0;0;0.0;0.0;False;False;380;1.0;03;2054;02;False;0311601;True;0;7;1;0;0;0;0.0;False;0.0;22713744.04;630;36053.56;4855.95;;;;;;;;;;;;;0
passivo_ambiental_auto;23746314000133;23746314;RS;5323473;soja;0.0;0.0;0;0.0;0.0;False;False;497;0.0;01;2054;02;False;0210101;True;0;3;2;0;0;3;211657.64;False;0.0;5770153.78;3796;1520.06;6107.33;;4184.9;0.3046;1406.53;1150.1;-0.4716;32;0.0109;0;0.0;;0;0
limpo;33926138000175;33926138;MT;4952487;soja;0.0;0.0;0;0.0;0.0;False;False;228;0.0;01;2240;02;False;0111301;True;1;8;1;0;0;0;0.0;False;0.0;;;;;;4283.3;-0.0501;26781.4;1142.6;-0.1312;16;-0.1184;0;0.0;;0;0
grupo_societario;92357045000136;92357045;GO;2092240;soja;0.0;0.0;0;0.0;0.0;False;False;223;0.0;03;2054;02;False;0121101;True;0;3;3;0;0;0;0.0;False;0.0;3025600.14;2445;1237.46;6478.28;;;;;;;;;;;;;0
limpo;42962141000135;42962141;TO;2599733;soja;0.0;0.0;0;0.0;0.0;False;False;274;0.0;01;2240;02;False;0113000;True;0;1;2;1;1;0;0.0;False;0.0;1134944.18;1648;688.68;2399.35;;3673.1;0.0845;644740.4;;;;;;;;;0
limpo;63754757000190;63754757;BA;1993507;soja;0.0;0.0;0;0.0;0.0;False;False;191;0.0;05;4014;02;False;0116401;True;1;3;0;0;0;0;0.0;False;0.0;;;;;;3041.8;-0.0835;4445.58;1427.8;0.2926;16;-0.2083;;;;;0
limpo;38785273000161;38785273;MA;1813278;soja;0.0;0.0;0;0.0;0.0;False;False;425;0.0;05;2054;02;False;0210101;True;0;7;2;1;1;0;0.0;False;0.0;;;;;;3988.3;0.1576;4152.02;852.3;0.0456;18;-0.0187;;;;;0
grupo_societario;32037909000100;32037909;MT;5020745;soja;0.0;0.0;0;0.0;0.0;False;False;308;0.0;01;2240;02;False;0133403;True;0;2;16;2;6;0;0.0;False;0.0;16832610.2;2938;5729.28;2659.43;;2865.5;-0.0685;23248.53;1087.1;-0.1985;10;0.5319;;;;;1
limpo;72477162000126;72477162;BA;3889457;soja;0.0;0.0;0;0.0;0.0;False;False;278;0.0;05;4014;02;False;0151201;True;0;5;2;2;1;0;0.0;False;0.0;;;;;;3266.5;0.0304;5248.27;1073.2;0.0666;5;0.3658;;;;;0
limpo;93118097000112;93118097;GO;3763424;soja;0.0;0.0;0;0.0;0.0;False;False;126;0.0;03;2135;02;False;0311601;True;0;2;1;1;0;0;0.0;False;0.0;2844536.11;3158;900.74;4170.84;;3496.6;-0.1391;1857.33;;;;;;;;;0
limpo;39449714000117;39449714;MA;2547930;soja;0.0;0.0;0;0.0;0.0;False;False;294;0.0;01;2135;02;False;0116401;True;0;6;1;1;0;0;0.0;False;0.0;3056399.2;3421;893.42;2943.06;;3413.0;0.1153;12947.73;1079.8;-0.105;39;-0.2894;;;;;0
situacao_irregular;54970801000109;54970801;PR;4168991;soja;0.0;0.0;0;108521.35;0.0;False;False;228;0.0;05;2054;08;True;0220901;True;0;4;0;0;0;0;0.0;False;0.0;;;;;;3272.2;-0.2374;11409.04;801.1;0.1095;21;-0.0934;;;;;0
limpo;16827405000138;16827405;MT;3047606;soja;0.0;0.0;0;0.0;0.0;False;False;200;0.0;01;4014;02;False;0311601;True;1;4;0;0;0;0;0.0;False;0.0;3490150.22;1814;1924.01;3376.09;;;;;;;;;;;;;0
limpo;41706277000111;41706277;MT;4881066;soja;0.0;0.0;0;0.0;0.0;False;False;406;0.0;03;2062;02;False;0111301;True;0;3;2;1;1;0;0.0;False;0.0;;;;;;;;;;;;;;;;;0
limpo;19582962000124;19582962;PR;4168991;soja;0.0;0.0;0;0.0;0.0;False;False;187;0.0;05;2062;02;False;0151201;True;0;6;1;1;0;0;0.0;False;0.0;;;;;;3272.2;-0.2374;11409.04;801.1;0.1095;21;-0.0934;;;;;0
limpo;70718988000104;70718988;MG;2246509;soja;0.0;0.0;0;0.0;0.0;False;False;273;0.0;03;2240;02;False;0115600;True;0;3;0;0;0;0;0.0;False;0.0;18573077.57;406;45746.5;1183.29;;3809.0;-0.3511;358203.19;;;;;;;;;0
grupo_societario;79959088000123;79959088;TO;2625906;soja;0.0;0.0;0;0.0;0.0;False;False;372;1.0;01;2062;02;False;0220901;True;0;4;20;0;9;0;0.0;False;0.0;7076252.67;3896;1816.29;5129.4;;4004.9;-0.3294;61983.79;1163.5;-0.1957;26;-0.2281;5;71927.37;158;3;0
divida_ativa;32135304000152;32135304;TO;2782512;soja;469979.02;430311.32;8;0.0;159312.69;False;True;549;0.0;05;2135;02;False;0220901;True;0;7;1;1;0;0;0.0;False;0.0;;;;;;2863.3;-0.1129;5150.27;910.7;0.2631;25;0.1329;;;;;1
limpo;90307392000129;90307392;TO;2395181;soja;0.0;0.0;0;0.0;0.0;False;False;425;0.0;05;4014;02;False;0210101;True;0;2;1;0;0;0;0.0;False;0.0;5222030.27;3113;1677.49;5412.59;;4009.6;0.3374;16612.29;725.4;0.2591;36;-0.1239;;;;;0
situacao_irregular;16952045000104;16952045;MT;4872493;soja;0.0;0.0;0;0.0;0.0;False;False;445;0.0;03;2062;03;True;0121101;True;0;6;2;1;1;0;0.0;False;0.0;12871579.85;766;16803.63;1283.72;;2678.2;-0.0379;315502.18;1164.2;-0.4814;30;-0.3935;;;;;0
limpo;45953552000152;45953552;SP;4469177;soja;0.0;0.0;0;0.0;0.0;False;False;511;0.0;03;2240;02;False;0210101;True;2;3;0;0;0;0;0.0;False;0.0;;;;;;;;;;;;;;;;;0
situacao_irregular;84033370000115;84033370;TO;1628136;soja;0.0;0.0;0;0.0;0.0;False;False;382;0.0;05;2135;04;True;0121101;True;0;3;0;0;0;0;0.0;False;0.0;22713744.04;630;36053.56;4855.95;;;;;;;;;;;;;0
limpo;87608344000166;87608344;MT;3047606;soja;0.0;0.0;0;0.0;0.0;False;False;422;1.0;05;4014;02;False;0220901;True;0;1;2;1;1;0;0.0;False;0.0;3490150.22;1814;1924.01;3376.09;;;;;;;;;;;;;0
limpo;48265026000198;48265026;MT;4952487;soja;0.0;0.0;0;0.0;0.0;False;False;441;0.0;03;2062;02;False;0121101;True;1;4;0;0;0;0;0.0;False;0.0;;;;;;4283.3;-0.0501;26781.4;1142.6;-0.1312;16;-0.1184;;;;;0
limpo;31725326000100;31725326;TO;2395181;soja;0.0;0.0;0;0.0;0.0;False;False;363;0.0;05;4014;02;False;0151201;True;1;1;0;0;0;0;0.0;False;0.0;5222030.27;3113;1677.49;5412.59;;4009.6;0.3374;16612.29;725.4;0.2591;36;-0.1239;;;;;0
limpo;40439586000100;40439586;RS;5323473;soja;0.0;0.0;0;0.0;0.0;False;False;274;0.0;05;2062;02;False;0210101;True;1;1;2;2;1;0;0.0;False;0.0;5770153.78;3796;1520.06;6107.33;;4184.9;0.3046;1406.53;1150.1;-0.4716;32;0.0109;;;;;0
situacao_irregular;49716826000140;49716826;SP;1144522;soja;0.0;0.0;0;0.0;0.0;False;False;112;0.0;05;4014;08;True;0220901;True;0;6;2;0;1;0;0.0;False;0.0;22685314.17;3452;6571.64;4478.12;;3859.7;-0.1003;15013.11;975.4;-0.3231;19;-0.3987;5;4455.01;413;3;0
limpo;25386245000120;25386245;SP;1144522;soja;0.0;0.0;0;0.0;0.0;False;False;542;0.0;01;2240;02;False;0133403;True;1;4;2;0;0;0;0.0;False;0.0;22685314.17;3452;6571.64;4478.12;;3859.7;-0.1003;15013.11;975.4;-0.3231;19;-0.3987;;;;;0
grupo_societario;88086462000114;88086462;TO;4589069;soja;0.0;0.0;0;0.0;0.0;False;False;196;1.0;05;2240;02;False;0113000;True;0;7;22;15;7;0;0.0;False;0.0;2443446.14;2744;890.47;4703.19;;2024.4;-0.0039;12496.35;1038.3;-0.1626;18;-0.1071;2;88867.81;800;2;0
divida_ativa;69157880000100;69157880;BA;1993507;soja;119657.94;53041.6;7;0.0;2112.61;False;False;102;67363.82;03;2135;02;False;0151201;True;0;8;1;0;0;0;0.0;False;0.0;;;;;;3041.8;-0.0835;4445.58;1427.8;0.2926;16;-0.2083;;;;;0
limpo;32003405000170;32003405;TO;5373788;soja;0.0;0.0;0;0.0;0.0;False;False;16;0.0;01;2062;02;False;0113000;True;0;4;1;0;0;0;0.0;False;0.0;;;;;;;;;;;;;;;;;0
limpo;17143918000192;17143918;PR;4542087;soja;0.0;0.0;0;0.0;0.0;False;False;484;0.0;05;2062;02;False;0210101;True;0;7;0;0;0;0;0.0;False;0.0;2139970.45;3795;563.89;4484.0;;;;;;;;;;;;;0
passivo_ambiental_auto;46787955000131;46787955;MT;1342092;soja;0.0;0.0;0;0.0;0.0;False;False;269;0.0;05;4014;02;False;0113000;True;0;8;0;0;0;13;14795.5;False;0.0;722846.84;2362;306.03;1988.84;;3594.8;0.0837;14558.01;663.4;-0.0379;31;0.4066;;;;;0
grupo_societario;76847382000155;76847382;BA;3889457;soja;15616.49;3015.17;5;0.0;-1255.42;False;False;68;12126.88;03;4014;02;False;0111301;True;0;5;19;12;6;0;0.0;False;0.0;;;;;;3266.5;0.0304;5248.27;1073.2;0.0666;5;0.3658;;;;;0
limpo;10201545000110;10201545;PR;4168991;soja;0.0;0.0;0;0.0;0.0;False;False;247;0.0;05;4014;02;False;0133403;True;2;7;2;2;0;0;0.0;False;0.0;;;;;;3272.2;-0.2374;11409.04;801.1;0.1095;21;-0.0934;;;;;0
divida_ativa;47130210000168;47130210;TO;5373788;soja;9280.3;5094.31;1;0.0;4301.67;False;True;519;0.0;01;4014;02;False;0151201;True;0;3;2;1;0;0;0.0;False;0.0;;;;;;;;;;;;;;;;;0
limpo;84112513000184;84112513;GO;2092240;soja;0.0;0.0;0;0.0;0.0;False;False;306;1.0;03;4014;02;False;0115600;True;0;8;1;1;0;0;0.0;False;0.0;3025600.14;2445;1237.46;6478.28;;;;;;;;;;;;;0
limpo;32379186000128;32379186;GO;2856025;soja;0.0;0.0;0;0.0;0.0;False;False;138;0.0;05;2135;02;False;0115600;True;2;1;1;0;0;0;0.0;False;0.0;4215365.78;477;8837.24;5811.42;;1816.6;-0.0367;157568.54;1022.2;-0.0563;11;-0.2071;4;50764.71;486;3;1
limpo;84124191000193;84124191;PR;4168991;soja;0.0;0.0;0;0.0;0.0;False;False;158;0.0;01;2062;02;False;0113000;True;0;2;1;1;0;0;0.0;False;0.0;;;;;;3272.2;-0.2374;11409.04;801.1;0.1095;21;-0.0934;;;;;0
passivo_ambiental_auto;39132567000157;39132567;MT;4881066;soja;0.0;0.0;0;0.0;0.0;False;False;236;0.0;01;2240;02;False;0111301;True;1;7;0;0;0;12;369208.01;False;0.0;;;;;;;;;;;;;;;;;0
limpo;44130373000152;44130373;TO;1628136;soja;0.0;0.0;0;0.0;0.0;False;False;174;0.0;01;2135;02;False;0113000;True;0;5;2;1;1;0;0.0;False;0.0;22713744.04;630;36053.56;4855.95;;;;;;;;;;;;;0
limpo;20882743000140;20882743;MT;1342092;soja;7769.58;1139.85;2;0.0;-921.31;False;False;188;0.0;03;2240;02;False;0210101;True;1;5;2;1;0;0;0.0;False;0.0;722846.84;2362;306.03;1988.84;;3594.8;0.0837;14558.01;663.4;-0.0379;31;0.4066;;;;;0
divida_ativa;45451180000166;45451180;TO;2395181;soja;419738.38;336688.64;5;0.0;-67122.63;True;False;469;0.0;01;2054;02;False;0151201;True;0;6;2;2;0;0;0.0;False;0.0;5222030.27;3113;1677.49;5412.59;;4009.6;0.3374;16612.29;725.4;0.2591;36;-0.1239;;;;;0
passivo_ambiental_auto;39838966000138;39838966;RS;5323473;soja;0.0;0.0;0;0.0;0.0;False;False;10;1.0;05;2135;02;False;0115600;True;0;8;0;0;0;13;22262.37;False;0.0;5770153.78;3796;1520.06;6107.33;;4184.9;0.3046;1406.53;1150.1;-0.4716;32;0.0109;;;;;0
divida_ativa;61248917000102;61248917;MT;3486350;soja;227103.42;205486.35;2;0.0;97510.37;True;False;237;0.0;01;4014;02;False;0116401;True;0;1;1;0;0;0;0.0;False;0.0;65163087.4;3987;16343.89;5719.93;;2279.5;0.0795;14132.81;;;;;;;;;0
situacao_irregular;49060306000122;49060306;MT;1342092;soja;27900.21;23200.63;7;0.0;12877.51;True;False;543;0.0;05;2062;08;True;0133403;True;0;7;2;0;1;0;0.0;False;0.0;722846.84;2362;306.03;1988.84;;3594.8;0.0837;14558.01;663.4;-0.0379;31;0.4066;;;;;0
divida_ativa;57402221000103;57402221;RS;4372021;soja;8525.98;987.66;8;0.0;3566.98;False;True;493;1.0;05;2062;02;False;0111301;True;0;6;1;1;0;0;0.0;False;0.0;4702656.59;2724;1726.38;4444.47;;2871.3;-0.1436;6684.69;1363.1;-0.0476;4;-0.0304;;;;;0
limpo;49498384000103;49498384;BA;3797806;soja;0.0;0.0;0;0.0;0.0;False;False;310;0.0;05;4014;02;False;0220901;True;0;1;0;0;0;0;0.0;False;0.0;4577751.8;3577;1279.77;1116.86;;3266.8;-0.1381;29664.1;1160.2;-0.1501;25;-0.5722;;;;;0
grupo_societario;63494344000114;63494344;GO;2856025;soja;0.0;0.0;0;0.0;0.0;False;False;299;4273.63;05;2135;02;False;0116401;True;0;1;25;0;8;0;0.0;False;0.0;4215365.78;477;8837.24;5811.42;;1816.6;-0.0367;157568.54;1022.2;-0.0563;11;-0.2071;;;;;0
limpo;81597251000105;81597251;TO;5373788;soja;0.0;0.0;0;2712624.74;0.0;False;False;204;0.0;01;4014;02;False;0115600;True;0;6;1;1;0;0;0.0;False;0.0;;;;;;;;;;;;;;;;;0
limpo;39534096000103;39534096;RS;2897684;soja;0.0;0.0;0;0.0;0.0;False;False;283;0.0;05;4014;02;False;0111301;True;1;8;2;2;1;0;0.0;False;0.0;25576731.08;1000;25576.73;5293.87;;3022.4;-0.1789;34484.31;791.9;0.1416;23;-0.3386;;;;;0
limpo;28539092000100;28539092;RS;4372021;soja;0.0;0.0;0;52509.3;0.0;False;False;152;1.0;01;4014;02;False;0220901;True;0;2;0;0;0;0;0.0;False;0.0;4702656.59;2724;1726.38;4444.47;;2871.3;-0.1436;6684.69;1363.1;-0.0476;4;-0.0304;;;;;0
limpo;47102312000170;47102312;BA;1993507;soja;0.0;0.0;0;0.0;0.0;False;False;233;0.0;03;4014;02;False;0111301;True;1;5;2;2;1;0;0.0;False;0.0;;;;;;3041.8;-0.0835;4445.58;1427.8;0.2926;16;-0.2083;;;;;0
limpo;92185211000164;92185211;BA;3797806;soja;0.0;0.0;0;0.0;0.0;False;False;365;0.0;01;2240;02;False;0151201;True;0;8;1;0;0;0;0.0;False;0.0;4577751.8;3577;1279.77;1116.86;;3266.8;-0.1381;29664.1;1160.2;-0.1501;25;-0.5722;;;;;0
limpo;23754303000103;23754303;BA;3797806;soja;0.0;0.0;0;0.0;0.0;False;False;235;0.0;01;2054;02;False;0113000;True;0;6;2;0;0;0;0.0;False;0.0;4577751.8;3577;1279.77;1116.86;;3266.8;-0.1381;29664.1;1160.2;-0.1501;25;-0.5722;;;;;0
limpo;99494525000198;99494525;SP;1144522;soja;0.0;0.0;0;0.0;0.0;False;False;401;0.0;01;4014;02;False;0113000;True;0;8;0;0;0;0;0.0;False;0.0;22685314.17;3452;6571.64;4478.12;;3859.7;-0.1003;15013.11;975.4;-0.3231;19;-0.3987;;;;;0
limpo;72427865000140;72427865;MT;1342092;soja;0.0;0.0;0;5903082.27;0.0;False;False;409;1167312.48;03;2054;02;False;0151201;True;1;1;2;2;1;0;0.0;False;0.0;722846.84;2362;306.03;1988.84;;3594.8;0.0837;14558.01;663.4;-0.0379;31;0.4066;;;;;0
limpo;96803251000183;96803251;BA;1287110;soja;0.0;0.0;0;0.0;0.0;False;False;303;1.0;03;2135;02;False;0311601;True;0;2;2;1;1;0;0.0;False;0.0;7170659.32;281;25518.36;5970.35;;3173.5;-0.0805;35165.31;;;;;;;;;0
divida_ativa;53706335000196;53706335;MS;2167433;soja;2562006.56;164916.06;1;958329.56;219582.08;False;False;125;463.76;05;2054;02;False;0116401;True;0;5;2;0;1;0;0.0;False;0.0;45698908.98;37;1235105.65;4640.03;;3388.1;-0.041;1178.06;747.3;0.3091;29;-0.1134;;;;;0
limpo;34618555000113;34618555;MA;2547930;soja;0.0;0.0;0;0.0;0.0;False;False;159;0.0;03;2240;02;False;0210101;True;0;6;2;2;1;0;0.0;False;0.0;3056399.2;3421;893.42;2943.06;;3413.0;0.1153;12947.73;1079.8;-0.105;39;-0.2894;6;18458.79;292;2;0
limpo;76342280000188;76342280;RS;5323473;soja;0.0;0.0;0;0.0;0.0;False;False;476;136738.99;03;2054;02;False;0220901;True;0;5;1;0;0;0;0.0;False;0.0;5770153.78;3796;1520.06;6107.33;;4184.9;0.3046;1406.53;1150.1;-0.4716;32;0.0109;;;;;0
limpo;73402364000171;73402364;MS;2167433;soja;0.0;0.0;0;0.0;0.0;False;False;140;0.0;05;4014;02;False;0116401;True;1;8;0;0;0;0;0.0;False;0.0;45698908.98;37;1235105.65;4640.03;;3388.1;-0.041;1178.06;747.3;0.3091;29;-0.1134;;;;;0
limpo;90545150000173;90545150;GO;2856025;soja;0.0;0.0;0;0.0;0.0;False;False;421;0.0;05;4014;02;False;0111301;True;0;8;0;0;0;0;0.0;False;0.0;4215365.78;477;8837.24;5811.42;;1816.6;-0.0367;157568.54;1022.2;-0.0563;11;-0.2071;;;;;0
grupo_societario;62180303000190;62180303;MT;4952487;soja;0.0;0.0;0;0.0;0.0;False;False;525;1.0;03;2135;02;False;0133403;True;0;3;6;4;2;0;0.0;False;0.0;;;;;;4283.3;-0.0501;26781.4;1142.6;-0.1312;16;-0.1184;;;;;0
passivo_ambiental_auto;57625252000123;57625252;PI;3137869;soja;0.0;0.0;0;0.0;0.0;False;False;77;0.0;05;2062;02;False;0113000;True;0;7;0;0;0;1;198885.77;False;0.0;10177003.44;1015;10026.6;5071.94;;2744.9;-0.3095;14240.48;640.1;0.0766;0;0.6749;5;1675.68;679;2;0
limpo;23089272000105;23089272;TO;2395181;soja;0.0;0.0;0;0.0;0.0;False;False;492;0.0;01;2054;02;False;0121101;True;1;5;1;0;0;0;0.0;False;0.0;5222030.27;3113;1677.49;5412.59;;4009.6;0.3374;16612.29;725.4;0.2591;36;-0.1239;5;150369.76;671;1;0
limpo;92503804000121;92503804;MS;2167433;soja;0.0;0.0;0;0.0;0.0;False;False;8;0.0;03;4014;02;False;0121101;True;0;6;2;0;1;0;0.0;False;0.0;45698908.98;37;1235105.65;4640.03;;3388.1;-0.041;1178.06;747.3;0.3091;29;-0.1134;;;;;1
limpo;56571558000181;56571558;PI;4630374;soja;0.0;0.0;0;0.0;0.0;False;False;54;1.0;03;2135;02;False;0220901;True;0;8;0;0;0;0;0.0;False;0.0;13048266.74;1086;12014.98;3730.29;;4454.7;0.2245;24466.93;1518.2;0.2463;22;-0.0198;;;;;0
limpo;98383537000182;98383537;MT;4872493;soja;0.0;0.0;0;0.0;0.0;False;False;126;0.0;01;2054;02;False;0113000;True;0;5;0;0;0;0;0.0;False;0.0;12871579.85;766;16803.63;1283.72;;2678.2;-0.0379;315502.18;1164.2;-0.4814;30;-0.3935;;;;;0
passivo_ambiental_auto;52258423000100;52258423;RS;4372021;soja;0.0;0.0;0;0.0;0.0;False;False;344;0.0;03;2054;02;False;0133403;True;0;7;0;0;0;11;10471.12;False;0.0;4702656.59;2724;1726.38;4444.47;;2871.3;-0.1436;6684.69;1363.1;-0.0476;4;-0.0304;1;55688.63;580;1;0
situacao_irregular;64641736000121;64641736;MT;4881066;soja;0.0;0.0;0;0.0;0.0;False;False;19;0.0;05;2062;03;True;0133403;True;0;3;0;0;0;0;0.0;False;0.0;;;;;;;;;;;;;;;;;1
limpo;46805519000148;46805519;PR;4374686;soja;0.0;0.0;0;0.0;0.0;False;False;262;0.0;05;2135;02;False;0311601;True;0;6;0;0;0;0;0.0;False;0.0;;;;;;;;;;;;;;;;;0
limpo;53606941000130;53606941;TO;2395181;soja;0.0;0.0;0;0.0;0.0;False;False;135;0.0;03;2054;02;False;0115600;True;0;3;1;0;0;0;0.0;False;0.0;5222030.27;3113;1677.49;5412.59;;4009.6;0.3374;16612.29;725.4;0.2591;36;-0.1239;0;0.0;;0;0
divida_ativa;78593346000138;78593346;GO;2856025;soja;14143.91;653.27;9;0.0;6659.97;False;False;275;0.0;05;2062;02;False;0133403;True;0;4;0;0;0;0;0.0;False;0.0;4215365.78;477;8837.24;5811.42;;1816.6;-0.0367;157568.54;1022.2;-0.0563;11;-0.2071;;;;;1
limpo;18781915000147;18781915;SP;1144522;soja;0.0;0.0;0;0.0;0.0;False;False;84;1.0;03;2054;02;False;0311601;True;2;2;2;0;1;0;0.0;False;0.0;22685314.17;3452;6571.64;4478.12;;3859.7;-0.1003;15013.11;975.4;-0.3231;19;-0.3987;;;;;0
limpo;91696371000105;91696371;RS;3466531;soja;0.0;0.0;0;0.0;0.0;False;False;494;73166.63;05;2062;02;False;0121101;True;0;1;1;1;0;0;0.0;False;0.0;3897875.17;1357;2872.42;4389.67;;;;;;;;;;;;;0
limpo;78098981000149;78098981;RS;4372021;soja;0.0;0.0;0;0.0;0.0;False;False;492;0.0;05;2240;02;False;0151201;True;0;5;1;1;0;0;0.0;False;0.0;4702656.59;2724;1726.38;4444.47;;2871.3;-0.1436;6684.69;1363.1;-0.0476;4;-0.0304;;;;;0
limpo;95594067000108;95594067;GO;3355082;soja;0.0;0.0;0;0.0;0.0;False;False;388;1.0;03;2135;02;False;0113000;True;1;6;2;1;0;0;0.0;False;0.0;344902.69;1555;221.8;1341.28;;3426.5;-0.1292;14743.52;1302.6;0.1067;12;-0.0223;;;;;0
divida_ativa;53184932000106;53184932;PR;4542087;soja;25310.18;16260.23;7;0.0;525.5;False;False;89;0.0;03;2135;02;False;0133403;True;3;3;0;0;0;0;0.0;False;0.0;2139970.45;3795;563.89;4484.0;;;;;;;;;0;0.0;;0;1
limpo;41965362000102;41965362;MT;4881066;soja;0.0;0.0;0;1016231.95;0.0;False;False;417;0.0;05;2135;02;False;0113000;True;0;6;1;1;0;0;0.0;False;0.0;;;;;;;;;;;;;;;;;0
divida_ativa;40182111000180;40182111;TO;1926828;soja;40122.39;34141.74;9;0.0;6514.71;True;False;184;1.0;03;2054;02;False;0121101;True;0;5;0;0;0;0;0.0;False;0.0;1592038.63;3955;402.54;2086.07;;2103.1;-0.0625;2779.51;847.2;0.0075;25;0.3455;;;;;0
situacao_irregular;21766447000146;21766447;RS;5323473;soja;0.0;0.0;0;0.0;0.0;False;False;434;0.0;01;2054;03;True;0220901;True;0;7;2;1;1;2;406652.4;False;0.0;5770153.78;3796;1520.06;6107.33;;4184.9;0.3046;1406.53;1150.1;-0.4716;32;0.0109;5;5727.27;74;2;0
grupo_societario;75264860000131;75264860;TO;2782512;soja;0.0;0.0;0;0.0;0.0;False;False;171;0.0;01;2135;02;False;0113000;True;1;2;7;5;1;0;0.0;False;0.0;;;;;;2863.3;-0.1129;5150.27;910.7;0.2631;25;0.1329;;;;;0
limpo;88583267000108;88583267;BA;3797806;soja;0.0;0.0;0;0.0;0.0;False;False;409;1.0;03;2135;02;False;0151201;True;0;4;1;0;0;0;0.0;False;0.0;4577751.8;3577;1279.77;1116.86;;3266.8;-0.1381;29664.1;1160.2;-0.1501;25;-0.5722;0;0.0;;0;0
divida_ativa;73673985000190;73673985;MA;2547930;soja;6177.13;2847.45;5;0.0;-1755.65;True;False;390;0.0;01;2054;02;False;0210101;True;0;4;0;0;0;0;0.0;False;0.0;3056399.2;3421;893.42;2943.06;;3413.0;0.1153;12947.73;1079.8;-0.105;39;-0.2894;0;0.0;;0;0
limpo;52796149000122;52796149;SP;4469177;soja;0.0;0.0;0;0.0;0.0;False;False;299;0.0;01;2135;02;False;0133403;True;0;5;2;0;1;0;0.0;False;0.0;;;;;;;;;;;;;;;;;0
divida_ativa;80901205000187;80901205;BA;1993507;soja;248068.88;112595.24;4;0.0;-48489.8;False;True;544;0.0;05;2054;02;False;0116401;True;1;6;2;1;0;0;0.0;False;0.0;;;;;;3041.8;-0.0835;4445.58;1427.8;0.2926;16;-0.2083;;;;;1
limpo;86065331000125;86065331;PR;4542087;soja;0.0;0.0;0;0.0;0.0;False;False;201;1.0;03;4014;02;False;0210101;True;0;1;2;0;1;0;0.0;False;0.0;2139970.45;3795;563.89;4484.0;;;;;;;;;;;;;0
divida_ativa;17796010000188;17796010;RS;4372021;soja;2676488.61;2597961.4;6;0.0;454802.67;True;True;78;0.0;01;2135;02;False;0220901;True;0;8;2;0;1;0;0.0;False;0.0;4702656.59;2724;1726.38;4444.47;;2871.3;-0.1436;6684.69;1363.1;-0.0476;4;-0.0304;;;;;1
limpo;48659185000177;48659185;PR;4168991;soja;0.0;0.0;0;0.0;0.0;False;False;560;0.0;03;2240;02;False;0113000;True;0;1;0;0;0;0;0.0;False;0.0;;;;;;3272.2;-0.2374;11409.04;801.1;0.1095;21;-0.0934;;;;;0
limpo;50209384000125;50209384;MT;3047606;soja;0.0;0.0;0;0.0;0.0;False;False;151;0.0;05;2062;02;False;0210101;True;1;5;1;0;0;0;0.0;False;0.0;3490150.22;1814;1924.01;3376.09;;;;;;;;;;;;;0
grupo_societario;61372134000128;61372134;MT;5020745;soja;0.0;0.0;0;0.0;0.0;False;False;427;1.0;01;2054;02;False;0115600;True;1;5;7;7;1;0;0.0;False;0.0;16832610.2;2938;5729.28;2659.43;;2865.5;-0.0685;23248.53;1087.1;-0.1985;10;0.5319;;;;;0
divida_ativa;35220957000128;35220957;MT;4872493;soja;410658.18;137070.79;8;0.0;85639.49;True;True;29;0.0;05;2135;02;False;0115600;True;0;8;2;1;0;0;0.0;False;0.0;12871579.85;766;16803.63;1283.72;;2678.2;-0.0379;315502.18;1164.2;-0.4814;30;-0.3935;;;;;1
passivo_ambiental_auto;58579244000150;58579244;RS;2897684;soja;0.0;0.0;0;0.0;0.0;False;False;245;0.0;03;2135;02;False;0113000;True;0;7;2;0;1;3;17094.22;False;0.0;25576731.08;1000;25576.73;5293.87;;3022.4;-0.1789;34484.31;791.9;0.1416;23;-0.3386;;;;;0
limpo;28381802000108;28381802;BA;3797806;soja;0.0;0.0;0;0.0;0.0;False;False;440;0.0;01;2135;02;False;0220901;True;0;6;0;0;0;0;0.0;False;0.0;4577751.8;3577;1279.77;1116.86;;3266.8;-0.1381;29664.1;1160.2;-0.1501;25;-0.5722;5;12289.59;557;2;0
limpo;76436842000152;76436842;MA;2547930;soja;0.0;0.0;0;0.0;0.0;False;False;227;0.0;03;2062;02;False;0311601;True;0;4;0;0;0;0;0.0;False;0.0;3056399.2;3421;893.42;2943.06;;3413.0;0.1153;12947.73;1079.8;-0.105;39;-0.2894;;;;;0
limpo;64879062000106;64879062;GO;3355082;soja;0.0;0.0;0;0.0;0.0;False;False;304;0.0;03;2240;02;False;0210101;True;0;5;2;0;0;0;0.0;False;0.0;344902.69;1555;221.8;1341.28;;3426.5;-0.1292;14743.52;1302.6;0.1067;12;-0.0223;;;;;0
limpo;80138224000101;80138224;BA;3797806;soja;0.0;0.0;0;0.0;0.0;False;False;150;0.0;03;2054;02;False;0210101;True;0;4;2;0;1;0;0.0;False;0.0;4577751.8;3577;1279.77;1116.86;;3266.8;-0.1381;29664.1;1160.2;-0.1501;25;-0.5722;;;;;0
passivo_ambiental_auto;51894096000110;51894096;BA;1993507;soja;0.0;0.0;0;0.0;0.0;False;False;400;0.0;03;2135;02;False;0116401;True;0;2;0;0;0;14;5335217.71;False;0.0;;;;;;3041.8;-0.0835;4445.58;1427.8;0.2926;16;-0.2083;;;;;0
limpo;20162254000113;20162254;GO;3838683;soja;0.0;0.0;0;0.0;0.0;False;False;473;1.0;03;4014;02;False;0116401;True;0;5;0;0;0;0;0.0;False;0.0;8577457.59;2126;4034.55;3501.48;;;;;;;;;;;;;0
limpo;61439264000130;61439264;MT;1342092;soja;0.0;0.0;0;0.0;0.0;False;False;352;0.0;01;2135;02;False;0133403;True;0;5;0;0;0;0;0.0;False;0.0;722846.84;2362;306.03;1988.84;;3594.8;0.0837;14558.01;663.4;-0.0379;31;0.4066;;;;;0
limpo;39218465000159;39218465;BA;3797806;soja;0.0;0.0;0;0.0;0.0;False;False;470;1.0;03;2240;02;False;0151201;True;1;7;1;0;0;0;0.0;False;0.0;4577751.8;3577;1279.77;1116.86;;3266.8;-0.1381;29664.1;1160.2;-0.1501;25;-0.5722;;;;;0
limpo;39406132000153;39406132;MT;3047606;soja;0.0;0.0;0;0.0;0.0;False;False;546;321441.93;05;2240;02;False;0113000;True;2;4;2;1;1;0;0.0;False;0.0;3490150.22;1814;1924.01;3376.09;;;;;;;;;;;;;0
limpo;52042823000183;52042823;TO;2625906;soja;12335.98;4282.32;6;0.0;-2744.73;False;True;131;0.0;03;4014;02;False;0121101;True;1;2;0;0;0;0;0.0;False;0.0;7076252.67;3896;1816.29;5129.4;;4004.9;-0.3294;61983.79;1163.5;-0.1957;26;-0.2281;;;;;0
limpo;18607834000125;18607834;RS;3466531;soja;0.0;0.0;0;0.0;0.0;False;False;87;1.0;03;4014;02;False;0116401;True;0;6;1;1;0;0;0.0;False;0.0;3897875.17;1357;2872.42;4389.67;;;;;;;;;;;;;0
limpo;62391493000195;62391493;PI;1498259;soja;62030.11;29865.0;1;0.0;-6363.28;False;False;134;1.0;01;4014;02;False;0151201;True;0;2;0;0;0;0;0.0;False;0.0;5961831.05;452;13189.89;2292.48;;3510.9;-0.3402;43788.4;;;;;;;;;0
divida_ativa;99407003000101;99407003;MA;1813278;soja;7421.75;238.73;8;0.0;-1478.37;False;True;149;0.0;01;2135;02;False;0115600;True;1;4;1;1;0;0;0.0;False;0.0;;;;;;3988.3;0.1576;4152.02;852.3;0.0456;18;-0.0187;;;;;0
grupo_societario;37427086000143;37427086;PI;1498259;soja;0.0;0.0;0;0.0;0.0;False;False;292;1.0;03;2135;02;False;0111301;True;1;7;17;14;0;0;0.0;False;0.0;5961831.05;452;13189.89;2292.48;;3510.9;-0.3402;43788.4;;;;;;;;;0
limpo;81744448000111;81744448;RS;4372021;soja;0.0;0.0;0;0.0;0.0;False;False;200;0.0;01;2135;02;False;0111301;True;0;5;0;0;0;0;0.0;False;0.0;4702656.59;2724;1726.38;4444.47;;2871.3;-0.1436;6684.69;1363.1;-0.0476;4;-0.0304;;;;;0
grupo_societario;87492742000160;87492742;MA;1813278;soja;0.0;0.0;0;0.0;0.0;False;False;356;0.0;01;2054;02;False;0121101;True;0;8;6;0;3;0;0.0;False;0.0;;;;;;3988.3;0.1576;4152.02;852.3;0.0456;18;-0.0187;;;;;0
limpo;35752441000124;35752441;PR;4168991;soja;0.0;0.0;0;0.0;0.0;False;False;245;1.0;03;4014;02;False;0115600;True;1;3;0;0;0;0;0.0;False;0.0;;;;;;3272.2;-0.2374;11409.04;801.1;0.1095;21;-0.0934;6;484755.28;785;3;0
limpo;79529299000126;79529299;MT;5020745;soja;0.0;0.0;0;0.0;0.0;False;False;393;0.0;01;2062;02;False;0220901;True;2;7;0;0;0;0;0.0;False;0.0;16832610.2;2938;5729.28;2659.43;;2865.5;-0.0685;23248.53;1087.1;-0.1985;10;0.5319;;;;;0
limpo;33734963000178;33734963;GO;2856025;soja;0.0;0.0;0;0.0;0.0;False;False;365;1.0;01;4014;02;False;0115600;True;0;8;2;1;0;0;0.0;False;0.0;4215365.78;477;8837.24;5811.42;;1816.6;-0.0367;157568.54;1022.2;-0.0563;11;-0.2071;;;;;0
passivo_ambiental_auto;84715586000160;84715586;MA;1813278;soja;0.0;0.0;0;0.0;0.0;False;False;507;0.0;05;4014;02;False;0151201;True;0;8;1;1;0;4;152746.99;False;0.0;;;;;;3988.3;0.1576;4152.02;852.3;0.0456;18;-0.0187;;;;;0
limpo;41984005000183;41984005;BA;1287110;soja;0.0;0.0;0;0.0;0.0;False;False;540;0.0;05;4014;02;False;0116401;True;0;6;2;0;1;0;0.0;False;0.0;7170659.32;281;25518.36;5970.35;;3173.5;-0.0805;35165.31;;;;;;;;;0
limpo;69853773000117;69853773;MT;4952487;soja;0.0;0.0;0;0.0;0.0;False;False;119;0.0;03;2062;02;False;0210101;True;0;8;2;2;1;0;0.0;False;0.0;;;;;;4283.3;-0.0501;26781.4;1142.6;-0.1312;16;-0.1184;5;19036.92;810;1;0
limpo;16058342000100;16058342;PR;4168991;soja;113289.09;74966.68;5;0.0;50235.88;True;True;496;0.0;05;2240;02;False;0210101;True;1;4;2;1;0;0;0.0;False;0.0;;;;;;3272.2;-0.2374;11409.04;801.1;0.1095;21;-0.0934;;;;;0
limpo;99028485000199;99028485;GO;2092240;soja;0.0;0.0;0;0.0;0.0;False;False;199;0.0;03;4014;02;False;0121101;True;0;5;0;0;0;0;0.0;False;0.0;3025600.14;2445;1237.46;6478.28;;;;;;;;;;;;;0
limpo;82746904000125;82746904;GO;3838683;soja;0.0;0.0;0;0.0;0.0;False;False;323;0.0;03;2240;02;False;0116401;True;0;7;2;1;1;0;0.0;False;0.0;8577457.59;2126;4034.55;3501.48;;;;;;;;;1;8146.5;322;1;0
limpo;82964180000196;82964180;TO;2599733;soja;0.0;0.0;0;0.0;0.0;False;False;312;0.0;05;2062;02;False;0311601;True;0;6;1;1;0;0;0.0;False;0.0;1134944.18;1648;688.68;2399.35;;3673.1;0.0845;644740.4;;;;;;;;;0
limpo;72328534000152;72328534;MT;4952487;soja;0.0;0.0;0;0.0;0.0;False;False;272;1.0;03;2240;02;False;0151201;True;3;7;2;1;0;0;0.0;False;0.0;;;;;;4283.3;-0.0501;26781.4;1142.6;-0.1312;16;-0.1184;;;;;0
limpo;95968137000140;95968137;MT;3486350;soja;0.0;0.0;0;0.0;0.0;False;False;362;0.0;05;2135;02;False;0151201;True;1;7;2;0;0;0;0.0;False;0.0;65163087.4;3987;16343.89;5719.93;;2279.5;0.0795;14132.81;;;;;;;;;0
limpo;66634199000118;66634199;GO;3763424;soja;0.0;0.0;0;0.0;0.0;False;False;224;1.0;05;2240;02;False;0133403;True;0;6;2;2;1;0;0.0;False;0.0;2844536.11;3158;900.74;4170.84;;3496.6;-0.1391;1857.33;;;;;;;;;0
limpo;68082081000150;68082081;MT;4091416;soja;0.0;0.0;0;0.0;0.0;False;False;270;0.0;03;2054;02;False;0311601;True;1;4;2;2;0;0;0.0;False;0.0;9930345.71;3827;2594.81;2854.45;;2593.6;0.1175;64737.72;;;;;;;;;0
passivo_ambiental_auto;23545489000182;23545489;SP;1144522;soja;0.0;0.0;0;0.0;0.0;False;False;352;0.0;05;2135;02;False;0311601;True;0;4;2;0;0;10;98653.16;False;0.0;22685314.17;3452;6571.64;4478.12;;3859.7;-0.1003;15013.11;975.4;-0.3231;19;-0.3987;;;;;0
limpo;66614387000184;66614387;TO;4589069;soja;0.0;0.0;0;0.0;0.0;False;False;544;41646.5;01;4014;02;False;0111301;True;2;7;1;1;0;0;0.0;False;0.0;2443446.14;2744;890.47;4703.19;;2024.4;-0.0039;12496.35;1038.3;-0.1626;18;-0.1071;;;;;0
limpo;29204090000114;29204090;GO;3763424;soja;0.0;0.0;0;0.0;0.0;False;False;64;0.0;03;2135;02;False;0311601;True;0;8;2;1;0;0;0.0;False;0.0;2844536.11;3158;900.74;4170.84;;3496.6;-0.1391;1857.33;;;;;2;33653.9;772;2;1
limpo;88626341000118;88626341;PR;4542087;soja;0.0;0.0;0;0.0;0.0;False;False;130;1.0;03;2240;02;False;0113000;True;0;5;2;0;0;0;0.0;False;0.0;2139970.45;3795;563.89;4484.0;;;;;;;;;;;;;0
